2026-01-29 10:38:29 | INFO | __main__:initialize:54 | ========== RTSP监测系统初始化完成（使用背景建模检测） ==========
2026-01-29 10:38:32 | INFO | __main__:start_all_monitors:59 | ========== 开始启动RTSP监测服务 ==========
2026-01-29 10:38:32 | INFO | database:_fetch_cameras_from_api:103 | 调用摄像头配置接口: https://localhost:8090/caseapp/track/rtspStream
2026-01-29 10:38:32 | INFO | database:_fetch_cameras_from_api:121 | 接口返回 7 个摄像头配置
2026-01-29 10:38:32 | WARNING | database:get_all_cameras:171 | 数据库中未找到USB摄像头配置（rtspssl LIKE 'usb:%'）
2026-01-29 10:38:32 | INFO | __main__:start_all_monitors:68 | 找到 7 个有效摄像头，开始启动监测...
2026-01-29 10:38:32 | INFO | __main__:start_all_monitors:85 | YOLO池配置分析: 需要创建池ID=[], 需要默认池=True
2026-01-29 10:38:32 | INFO | __main__:start_all_monitors:100 | 使用多线程 YOLO 池
2026-01-29 10:38:32 | ERROR | __main__:start_all_monitors:133 | 创建YOLO池失败: OpenVINO 未安装，请运行: pip install openvino
或者在 config.py 中设置 force_engine='onnx' 使用 ONNX Runtime
2026-01-29 10:38:32 | WARNING | __main__:start_all_monitors:134 | 将回退到每个摄像头独立创建YOLO实例的模式
2026-01-29 10:38:32 | INFO | __main__:start_all_monitors:158 | 摄像头 大门区域摄像头1 (ID: 1) 使用YOLO配置: 默认全局池
2026-01-29 10:38:32 | INFO | camera_monitor:__init__:43 | 摄像头 大门区域摄像头1 (ID: 1) RTSP URL: rtsp://admin:khjy%40123@192.168.100.109:554/Streaming/Channels/100
2026-01-29 10:38:32 | INFO | image_detection:__init__:32 | 初始化背景建模检测器
2026-01-29 10:38:32 | INFO | image_storage:__init__:37 | 图片保存目录: D:\appdata\uploadPath\caseapp
2026-01-29 10:38:32 | INFO | camera_monitor:__init__:58 | 摄像头 大门区域摄像头1 将创建独立YOLO实例
2026-01-29 10:38:32 | INFO | camera_monitor:_worker_process:156 | 后台工作线程开始运行 - 摄像头: 大门区域摄像头1
2026-01-29 10:38:32 | INFO | camera_monitor:start:118 | 后台工作线程已启动: 大门区域摄像头1 (ID: 1)
2026-01-29 10:38:32 | INFO | camera_monitor:_connect_rtsp:447 | 正在连接RTSP流: rtsp://admin:khjy%40123@192.168.100.109:554/Streaming/Channels/100
2026-01-29 10:38:32 | INFO | camera_monitor:start:127 | 开始监测摄像头: 大门区域摄像头1 (ID: 1)
2026-01-29 10:38:33 | INFO | __main__:start_all_monitors:158 | 摄像头 一层车库区摄像头2 (ID: 2) 使用YOLO配置: 默认全局池
2026-01-29 10:38:33 | INFO | camera_monitor:__init__:43 | 摄像头 一层车库区摄像头2 (ID: 2) RTSP URL: rtsp://admin:khjy%40123@192.168.100.109:554/cam/realmonitor?channel=1&subtype=1
2026-01-29 10:38:33 | INFO | image_detection:__init__:32 | 初始化背景建模检测器
2026-01-29 10:38:33 | INFO | image_storage:__init__:37 | 图片保存目录: D:\appdata\uploadPath\caseapp
2026-01-29 10:38:33 | INFO | camera_monitor:__init__:58 | 摄像头 一层车库区摄像头2 将创建独立YOLO实例
2026-01-29 10:38:33 | INFO | camera_monitor:_worker_process:156 | 后台工作线程开始运行 - 摄像头: 一层车库区摄像头2
2026-01-29 10:38:33 | INFO | camera_monitor:start:118 | 后台工作线程已启动: 一层车库区摄像头2 (ID: 2)
2026-01-29 10:38:33 | INFO | camera_monitor:_connect_rtsp:447 | 正在连接RTSP流: rtsp://admin:khjy%40123@192.168.100.109:554/cam/realmonitor?channel=1&subtype=1
2026-01-29 10:38:33 | INFO | camera_monitor:start:127 | 开始监测摄像头: 一层车库区摄像头2 (ID: 2)
2026-01-29 10:38:34 | INFO | __main__:start_all_monitors:158 | 摄像头 一层贵重物品区摄像头1 (ID: 3) 使用YOLO配置: 默认全局池
2026-01-29 10:38:34 | INFO | camera_monitor:__init__:43 | 摄像头 一层贵重物品区摄像头1 (ID: 3) RTSP URL: rtsp://admin:khjy%40123@192.168.100.107:554/cam/realmonitor?channel=1&subtype=1
2026-01-29 10:38:34 | INFO | image_detection:__init__:32 | 初始化背景建模检测器
2026-01-29 10:38:34 | INFO | image_storage:__init__:37 | 图片保存目录: D:\appdata\uploadPath\caseapp
2026-01-29 10:38:34 | INFO | camera_monitor:__init__:58 | 摄像头 一层贵重物品区摄像头1 将创建独立YOLO实例
2026-01-29 10:38:34 | INFO | camera_monitor:_worker_process:156 | 后台工作线程开始运行 - 摄像头: 一层贵重物品区摄像头1
2026-01-29 10:38:34 | INFO | camera_monitor:start:118 | 后台工作线程已启动: 一层贵重物品区摄像头1 (ID: 3)
2026-01-29 10:38:34 | INFO | camera_monitor:_connect_rtsp:447 | 正在连接RTSP流: rtsp://admin:khjy%40123@192.168.100.107:554/cam/realmonitor?channel=1&subtype=1
2026-01-29 10:38:34 | INFO | camera_monitor:start:127 | 开始监测摄像头: 一层贵重物品区摄像头1 (ID: 3)
2026-01-29 10:38:35 | INFO | __main__:start_all_monitors:158 | 摄像头 一层贵重物品区摄像头1 (ID: 4) 使用YOLO配置: 默认全局池
2026-01-29 10:38:35 | INFO | camera_monitor:__init__:43 | 摄像头 一层贵重物品区摄像头1 (ID: 4) RTSP URL: rtsp://admin:khjy%40321@192.168.100.110:554/cam/realmonitor?channel=1&subtype=1
2026-01-29 10:38:35 | INFO | image_detection:__init__:32 | 初始化背景建模检测器
2026-01-29 10:38:35 | INFO | image_storage:__init__:37 | 图片保存目录: D:\appdata\uploadPath\caseapp
2026-01-29 10:38:35 | INFO | camera_monitor:__init__:58 | 摄像头 一层贵重物品区摄像头1 将创建独立YOLO实例
2026-01-29 10:38:35 | INFO | camera_monitor:_worker_process:156 | 后台工作线程开始运行 - 摄像头: 一层贵重物品区摄像头1
2026-01-29 10:38:35 | INFO | camera_monitor:start:118 | 后台工作线程已启动: 一层贵重物品区摄像头1 (ID: 4)
2026-01-29 10:38:35 | INFO | camera_monitor:_connect_rtsp:447 | 正在连接RTSP流: rtsp://admin:khjy%40321@192.168.100.110:554/cam/realmonitor?channel=1&subtype=1
2026-01-29 10:38:35 | INFO | camera_monitor:start:127 | 开始监测摄像头: 一层贵重物品区摄像头1 (ID: 4)
2026-01-29 10:38:36 | INFO | __main__:start_all_monitors:158 | 摄像头 一层室外大件物品区摄像头1 (ID: 5) 使用YOLO配置: 默认全局池
2026-01-29 10:38:36 | INFO | camera_monitor:__init__:43 | 摄像头 一层室外大件物品区摄像头1 (ID: 5) RTSP URL: rtsp://admin:khjy%40123@192.168.1.64:554/cam/realmonitor?channel=1&subtype=1
2026-01-29 10:38:36 | INFO | image_detection:__init__:32 | 初始化背景建模检测器
2026-01-29 10:38:36 | INFO | image_storage:__init__:37 | 图片保存目录: D:\appdata\uploadPath\caseapp
2026-01-29 10:38:36 | INFO | camera_monitor:__init__:58 | 摄像头 一层室外大件物品区摄像头1 将创建独立YOLO实例
2026-01-29 10:38:36 | INFO | camera_monitor:_worker_process:156 | 后台工作线程开始运行 - 摄像头: 一层室外大件物品区摄像头1
2026-01-29 10:38:36 | INFO | camera_monitor:start:118 | 后台工作线程已启动: 一层室外大件物品区摄像头1 (ID: 5)
2026-01-29 10:38:36 | INFO | camera_monitor:_connect_rtsp:447 | 正在连接RTSP流: rtsp://admin:khjy%40123@192.168.1.64:554/cam/realmonitor?channel=1&subtype=1
2026-01-29 10:38:36 | INFO | camera_monitor:start:127 | 开始监测摄像头: 一层室外大件物品区摄像头1 (ID: 5)
2026-01-29 10:38:37 | INFO | __main__:start_all_monitors:158 | 摄像头 一层室内较小库房摄像头1 (ID: 20) 使用YOLO配置: 默认全局池
2026-01-29 10:38:37 | INFO | camera_monitor:__init__:43 | 摄像头 一层室内较小库房摄像头1 (ID: 20) RTSP URL: rtsp://admin:khjy%40321@192.168.100.111:554/cam/realmonitor?channel=1&subtype=1
2026-01-29 10:38:37 | INFO | image_detection:__init__:32 | 初始化背景建模检测器
2026-01-29 10:38:37 | INFO | image_storage:__init__:37 | 图片保存目录: D:\appdata\uploadPath\caseapp
2026-01-29 10:38:37 | INFO | camera_monitor:__init__:58 | 摄像头 一层室内较小库房摄像头1 将创建独立YOLO实例
2026-01-29 10:38:37 | INFO | camera_monitor:_worker_process:156 | 后台工作线程开始运行 - 摄像头: 一层室内较小库房摄像头1
2026-01-29 10:38:37 | INFO | camera_monitor:start:118 | 后台工作线程已启动: 一层室内较小库房摄像头1 (ID: 20)
2026-01-29 10:38:37 | INFO | camera_monitor:_connect_rtsp:447 | 正在连接RTSP流: rtsp://admin:khjy%40321@192.168.100.111:554/cam/realmonitor?channel=1&subtype=1
2026-01-29 10:38:37 | INFO | camera_monitor:start:127 | 开始监测摄像头: 一层室内较小库房摄像头1 (ID: 20)
2026-01-29 10:38:38 | INFO | __main__:start_all_monitors:158 | 摄像头 一层恒温大件物品区摄像头1 (ID: 21) 使用YOLO配置: 默认全局池
2026-01-29 10:38:38 | INFO | camera_monitor:__init__:43 | 摄像头 一层恒温大件物品区摄像头1 (ID: 21) RTSP URL: rtsp://admin:khjy%40321@192.168.100.112:554/cam/realmonitor?channel=1&subtype=1
2026-01-29 10:38:38 | INFO | image_detection:__init__:32 | 初始化背景建模检测器
2026-01-29 10:38:38 | INFO | image_storage:__init__:37 | 图片保存目录: D:\appdata\uploadPath\caseapp
2026-01-29 10:38:38 | INFO | camera_monitor:__init__:58 | 摄像头 一层恒温大件物品区摄像头1 将创建独立YOLO实例
2026-01-29 10:38:38 | INFO | camera_monitor:_worker_process:156 | 后台工作线程开始运行 - 摄像头: 一层恒温大件物品区摄像头1
2026-01-29 10:38:38 | INFO | camera_monitor:start:118 | 后台工作线程已启动: 一层恒温大件物品区摄像头1 (ID: 21)
2026-01-29 10:38:38 | INFO | camera_monitor:_connect_rtsp:447 | 正在连接RTSP流: rtsp://admin:khjy%40321@192.168.100.112:554/cam/realmonitor?channel=1&subtype=1
2026-01-29 10:38:38 | INFO | camera_monitor:start:127 | 开始监测摄像头: 一层恒温大件物品区摄像头1 (ID: 21)
2026-01-29 10:38:39 | INFO | __main__:start_all_monitors:173 | ========== RTSP监测服务启动完成 ==========
2026-01-29 10:39:03 | ERROR | camera_monitor:_connect_rtsp:498 | RTSP连接失败
2026-01-29 10:39:03 | WARNING | camera_monitor:_monitor_loop:212 | 摄像头 大门区域摄像头1 连接失败，5秒后重试 (尝试 1/3)
2026-01-29 10:39:08 | INFO | camera_monitor:_connect_rtsp:447 | 正在连接RTSP流: rtsp://admin:khjy%40123@192.168.100.109:554/Streaming/Channels/100
2026-01-29 10:39:33 | ERROR | camera_monitor:_connect_rtsp:498 | RTSP连接失败
2026-01-29 10:39:33 | WARNING | camera_monitor:_monitor_loop:212 | 摄像头 一层车库区摄像头2 连接失败，5秒后重试 (尝试 1/3)
2026-01-29 10:39:38 | INFO | camera_monitor:_connect_rtsp:447 | 正在连接RTSP流: rtsp://admin:khjy%40123@192.168.100.109:554/cam/realmonitor?channel=1&subtype=1
2026-01-29 10:40:03 | ERROR | camera_monitor:_connect_rtsp:498 | RTSP连接失败
2026-01-29 10:40:03 | WARNING | camera_monitor:_monitor_loop:212 | 摄像头 一层贵重物品区摄像头1 连接失败，5秒后重试 (尝试 1/3)
2026-01-29 10:40:05 | INFO | camera_monitor:_connect_rtsp:465 | RTSP连接成功
2026-01-29 10:40:05 | INFO | camera_monitor:_connect_rtsp:480 | 启用 InputShaper 输入整形层
2026-01-29 10:40:05 | INFO | input_shaper:__init__:79 | [一层室内较小库房摄像头1] InputShaper: 使用已有VideoCapture对象
2026-01-29 10:40:05 | DEBUG | input_shaper:_pull_loop:142 | [一层室内较小库房摄像头1] InputShaper 拉流线程已启动
2026-01-29 10:40:05 | DEBUG | input_shaper:_wait_for_first_frame:136 | [一层室内较小库房摄像头1] InputShaper: 首帧已就绪
2026-01-29 10:40:05 | INFO | input_shaper:__init__:119 | [一层室内较小库房摄像头1] InputShaper 已启动 - 目标帧率: 2.0fps, 缓冲区: 30帧, 丢帧策略: drop_old, 空缓冲行为: skip
2026-01-29 10:40:05 | INFO | camera_monitor:_monitor_loop:223 | 摄像头 一层室内较小库房摄像头1 正在初始化，快速跳过前3帧...
2026-01-29 10:40:06 | INFO | camera_monitor:_monitor_loop:233 | 摄像头 一层室内较小库房摄像头1 背景建模学习中，请等待30秒...
2026-01-29 10:40:06 | INFO | camera_monitor:_connect_rtsp:465 | RTSP连接成功
2026-01-29 10:40:06 | INFO | camera_monitor:_connect_rtsp:480 | 启用 InputShaper 输入整形层
2026-01-29 10:40:06 | INFO | input_shaper:__init__:79 | [一层贵重物品区摄像头1] InputShaper: 使用已有VideoCapture对象
2026-01-29 10:40:06 | DEBUG | input_shaper:_pull_loop:142 | [一层贵重物品区摄像头1] InputShaper 拉流线程已启动
2026-01-29 10:40:06 | DEBUG | input_shaper:_wait_for_first_frame:136 | [一层贵重物品区摄像头1] InputShaper: 首帧已就绪
2026-01-29 10:40:06 | INFO | input_shaper:__init__:119 | [一层贵重物品区摄像头1] InputShaper 已启动 - 目标帧率: 2.0fps, 缓冲区: 30帧, 丢帧策略: drop_old, 空缓冲行为: skip
2026-01-29 10:40:06 | INFO | camera_monitor:_monitor_loop:223 | 摄像头 一层贵重物品区摄像头1 正在初始化，快速跳过前3帧...
2026-01-29 10:40:07 | INFO | camera_monitor:_monitor_loop:233 | 摄像头 一层贵重物品区摄像头1 背景建模学习中，请等待30秒...
2026-01-29 10:40:07 | INFO | camera_monitor:_connect_rtsp:465 | RTSP连接成功
2026-01-29 10:40:07 | INFO | camera_monitor:_connect_rtsp:480 | 启用 InputShaper 输入整形层
2026-01-29 10:40:07 | INFO | input_shaper:__init__:79 | [一层室外大件物品区摄像头1] InputShaper: 使用已有VideoCapture对象
2026-01-29 10:40:07 | DEBUG | input_shaper:_pull_loop:142 | [一层室外大件物品区摄像头1] InputShaper 拉流线程已启动
2026-01-29 10:40:08 | DEBUG | input_shaper:_wait_for_first_frame:136 | [一层室外大件物品区摄像头1] InputShaper: 首帧已就绪
2026-01-29 10:40:08 | INFO | input_shaper:__init__:119 | [一层室外大件物品区摄像头1] InputShaper 已启动 - 目标帧率: 2.0fps, 缓冲区: 30帧, 丢帧策略: drop_old, 空缓冲行为: skip
2026-01-29 10:40:08 | INFO | camera_monitor:_monitor_loop:223 | 摄像头 一层室外大件物品区摄像头1 正在初始化，快速跳过前3帧...
2026-01-29 10:40:08 | INFO | camera_monitor:_connect_rtsp:447 | 正在连接RTSP流: rtsp://admin:khjy%40321@192.168.100.110:554/cam/realmonitor?channel=1&subtype=1
2026-01-29 10:40:09 | INFO | camera_monitor:_connect_rtsp:465 | RTSP连接成功
2026-01-29 10:40:09 | INFO | camera_monitor:_connect_rtsp:480 | 启用 InputShaper 输入整形层
2026-01-29 10:40:09 | INFO | input_shaper:__init__:79 | [一层恒温大件物品区摄像头1] InputShaper: 使用已有VideoCapture对象
2026-01-29 10:40:09 | INFO | camera_monitor:_monitor_loop:233 | 摄像头 一层室外大件物品区摄像头1 背景建模学习中，请等待30秒...
2026-01-29 10:40:09 | DEBUG | input_shaper:_pull_loop:142 | [一层恒温大件物品区摄像头1] InputShaper 拉流线程已启动
2026-01-29 10:40:09 | DEBUG | input_shaper:_wait_for_first_frame:136 | [一层恒温大件物品区摄像头1] InputShaper: 首帧已就绪
2026-01-29 10:40:09 | INFO | input_shaper:__init__:119 | [一层恒温大件物品区摄像头1] InputShaper 已启动 - 目标帧率: 2.0fps, 缓冲区: 30帧, 丢帧策略: drop_old, 空缓冲行为: skip
2026-01-29 10:40:09 | INFO | camera_monitor:_monitor_loop:223 | 摄像头 一层恒温大件物品区摄像头1 正在初始化，快速跳过前3帧...
2026-01-29 10:40:10 | INFO | camera_monitor:_monitor_loop:233 | 摄像头 一层恒温大件物品区摄像头1 背景建模学习中，请等待30秒...
2026-01-29 10:40:35 | INFO | input_shaper:_log_stats_periodically:217 | [一层室内较小库房摄像头1] InputShaper 统计 - 拉取: 719帧, 输出: 3帧, 丢弃: 648帧, 溢出: 648次, 空读: 0次, 重复: 0次, 缓冲区: 30/30
2026-01-29 10:40:36 | INFO | camera_monitor:_monitor_loop:253 | 摄像头 一层室内较小库房摄像头1 开始正常监测...
2026-01-29 10:40:36 | DEBUG | image_detection:_calculate_background_subtraction:163 | 背景建模 - 原始: 13346/2073600 (0.644%), 处理后: 0/2073600 (0.000%)
2026-01-29 10:40:36 | INFO | input_shaper:_log_stats_periodically:217 | [一层贵重物品区摄像头1] InputShaper 统计 - 拉取: 687帧, 输出: 3帧, 丢弃: 624帧, 溢出: 624次, 空读: 0次, 重复: 0次, 缓冲区: 30/30
2026-01-29 10:40:37 | DEBUG | image_detection:_calculate_background_subtraction:136 | 检测到前景 (2.393%)，暂停背景学习，避免前景被学习成背景
2026-01-29 10:40:37 | WARNING | image_detection:_calculate_background_subtraction:168 | ⚠️  过滤可能过于激进：原始前景 2.39% -> 处理后 0.000%（形态学操作: 1, 最小区域: 500）建议：降低min_change_area或减小形态学核大小
2026-01-29 10:40:37 | INFO | camera_monitor:_monitor_loop:253 | 摄像头 一层贵重物品区摄像头1 开始正常监测...
2026-01-29 10:40:37 | INFO | input_shaper:_log_stats_periodically:217 | [一层室外大件物品区摄像头1] InputShaper 统计 - 拉取: 716帧, 输出: 3帧, 丢弃: 661帧, 溢出: 661次, 空读: 0次, 重复: 0次, 缓冲区: 30/30
2026-01-29 10:40:37 | DEBUG | image_detection:_calculate_background_subtraction:163 | 背景建模 - 原始: 19117/2073600 (0.922%), 处理后: 0/2073600 (0.000%)
2026-01-29 10:40:38 | DEBUG | image_detection:_calculate_background_subtraction:136 | 检测到前景 (2.551%)，暂停背景学习，避免前景被学习成背景
2026-01-29 10:40:38 | WARNING | image_detection:_calculate_background_subtraction:168 | ⚠️  过滤可能过于激进：原始前景 2.55% -> 处理后 0.065%（形态学操作: 1, 最小区域: 500）建议：降低min_change_area或减小形态学核大小
2026-01-29 10:40:38 | DEBUG | image_detection:_calculate_background_subtraction:136 | 检测到前景 (3.715%)，暂停背景学习，避免前景被学习成背景
2026-01-29 10:40:38 | WARNING | image_detection:_calculate_background_subtraction:168 | ⚠️  过滤可能过于激进：原始前景 3.71% -> 处理后 0.000%（形态学操作: 1, 最小区域: 500）建议：降低min_change_area或减小形态学核大小
2026-01-29 10:40:38 | ERROR | camera_monitor:_connect_rtsp:498 | RTSP连接失败
2026-01-29 10:40:38 | WARNING | camera_monitor:_monitor_loop:212 | 摄像头 一层车库区摄像头2 连接失败，5秒后重试 (尝试 2/3)
2026-01-29 10:40:39 | INFO | camera_monitor:_monitor_loop:253 | 摄像头 一层室外大件物品区摄像头1 开始正常监测...
2026-01-29 10:40:39 | INFO | input_shaper:_log_stats_periodically:217 | [一层恒温大件物品区摄像头1] InputShaper 统计 - 拉取: 751帧, 输出: 3帧, 丢弃: 702帧, 溢出: 702次, 空读: 0次, 重复: 0次, 缓冲区: 30/30
2026-01-29 10:40:39 | DEBUG | image_detection:_calculate_background_subtraction:136 | 检测到前景 (2.572%)，暂停背景学习，避免前景被学习成背景
2026-01-29 10:40:39 | WARNING | image_detection:_calculate_background_subtraction:168 | ⚠️  过滤可能过于激进：原始前景 2.57% -> 处理后 0.056%（形态学操作: 1, 最小区域: 500）建议：降低min_change_area或减小形态学核大小
2026-01-29 10:40:39 | DEBUG | image_detection:_calculate_background_subtraction:136 | 检测到前景 (3.349%)，暂停背景学习，避免前景被学习成背景
2026-01-29 10:40:39 | WARNING | image_detection:_calculate_background_subtraction:168 | ⚠️  过滤可能过于激进：原始前景 3.35% -> 处理后 0.000%（形态学操作: 1, 最小区域: 500）建议：降低min_change_area或减小形态学核大小
2026-01-29 10:40:40 | WARNING | image_detection:_calculate_background_subtraction:168 | ⚠️  过滤可能过于激进：原始前景 1.28% -> 处理后 0.000%（形态学操作: 1, 最小区域: 500）建议：降低min_change_area或减小形态学核大小
2026-01-29 10:40:40 | INFO | camera_monitor:_monitor_loop:253 | 摄像头 一层恒温大件物品区摄像头1 开始正常监测...
2026-01-29 10:40:40 | DEBUG | image_detection:_calculate_background_subtraction:136 | 检测到前景 (2.383%)，暂停背景学习，避免前景被学习成背景
2026-01-29 10:40:40 | WARNING | image_detection:_calculate_background_subtraction:168 | ⚠️  过滤可能过于激进：原始前景 2.38% -> 处理后 0.039%（形态学操作: 1, 最小区域: 500）建议：降低min_change_area或减小形态学核大小
2026-01-29 10:40:40 | DEBUG | image_detection:_calculate_background_subtraction:136 | 检测到前景 (3.867%)，暂停背景学习，避免前景被学习成背景
2026-01-29 10:40:40 | WARNING | image_detection:_calculate_background_subtraction:168 | ⚠️  过滤可能过于激进：原始前景 3.87% -> 处理后 0.000%（形态学操作: 1, 最小区域: 500）建议：降低min_change_area或减小形态学核大小
2026-01-29 10:40:41 | WARNING | image_detection:_calculate_background_subtraction:168 | ⚠️  过滤可能过于激进：原始前景 1.81% -> 处理后 0.000%（形态学操作: 1, 最小区域: 500）建议：降低min_change_area或减小形态学核大小
2026-01-29 10:40:41 | DEBUG | image_detection:_calculate_background_subtraction:136 | 检测到前景 (2.103%)，暂停背景学习，避免前景被学习成背景
2026-01-29 10:40:41 | WARNING | image_detection:_calculate_background_subtraction:168 | ⚠️  过滤可能过于激进：原始前景 2.10% -> 处理后 0.000%（形态学操作: 1, 最小区域: 500）建议：降低min_change_area或减小形态学核大小
2026-01-29 10:40:41 | DEBUG | image_detection:_calculate_background_subtraction:136 | 检测到前景 (2.546%)，暂停背景学习，避免前景被学习成背景
2026-01-29 10:40:41 | WARNING | image_detection:_calculate_background_subtraction:168 | ⚠️  过滤可能过于激进：原始前景 2.55% -> 处理后 0.054%（形态学操作: 1, 最小区域: 500）建议：降低min_change_area或减小形态学核大小
2026-01-29 10:40:41 | DEBUG | image_detection:_calculate_background_subtraction:136 | 检测到前景 (3.673%)，暂停背景学习，避免前景被学习成背景
2026-01-29 10:40:41 | WARNING | image_detection:_calculate_background_subtraction:168 | ⚠️  过滤可能过于激进：原始前景 3.67% -> 处理后 0.000%（形态学操作: 1, 最小区域: 500）建议：降低min_change_area或减小形态学核大小
2026-01-29 10:40:42 | WARNING | image_detection:_calculate_background_subtraction:168 | ⚠️  过滤可能过于激进：原始前景 1.91% -> 处理后 0.000%（形态学操作: 1, 最小区域: 500）建议：降低min_change_area或减小形态学核大小
2026-01-29 10:40:42 | DEBUG | image_detection:_calculate_background_subtraction:136 | 检测到前景 (2.744%)，暂停背景学习，避免前景被学习成背景
2026-01-29 10:40:42 | WARNING | image_detection:_calculate_background_subtraction:168 | ⚠️  过滤可能过于激进：原始前景 2.74% -> 处理后 0.000%（形态学操作: 1, 最小区域: 500）建议：降低min_change_area或减小形态学核大小
2026-01-29 10:40:42 | DEBUG | image_detection:_calculate_background_subtraction:136 | 检测到前景 (2.401%)，暂停背景学习，避免前景被学习成背景
2026-01-29 10:40:42 | WARNING | image_detection:_calculate_background_subtraction:168 | ⚠️  过滤可能过于激进：原始前景 2.40% -> 处理后 0.072%（形态学操作: 1, 最小区域: 500）建议：降低min_change_area或减小形态学核大小
2026-01-29 10:40:42 | DEBUG | image_detection:_calculate_background_subtraction:136 | 检测到前景 (3.920%)，暂停背景学习，避免前景被学习成背景
2026-01-29 10:40:42 | WARNING | image_detection:_calculate_background_subtraction:168 | ⚠️  过滤可能过于激进：原始前景 3.92% -> 处理后 0.000%（形态学操作: 1, 最小区域: 500）建议：降低min_change_area或减小形态学核大小
2026-01-29 10:40:43 | WARNING | image_detection:_calculate_background_subtraction:168 | ⚠️  过滤可能过于激进：原始前景 1.80% -> 处理后 0.000%（形态学操作: 1, 最小区域: 500）建议：降低min_change_area或减小形态学核大小
2026-01-29 10:40:43 | DEBUG | image_detection:_calculate_background_subtraction:136 | 检测到前景 (2.900%)，暂停背景学习，避免前景被学习成背景
2026-01-29 10:40:43 | WARNING | image_detection:_calculate_background_subtraction:168 | ⚠️  过滤可能过于激进：原始前景 2.90% -> 处理后 0.000%（形态学操作: 1, 最小区域: 500）建议：降低min_change_area或减小形态学核大小
2026-01-29 10:40:43 | DEBUG | image_detection:_calculate_background_subtraction:136 | 检测到前景 (2.550%)，暂停背景学习，避免前景被学习成背景
2026-01-29 10:40:43 | WARNING | image_detection:_calculate_background_subtraction:168 | ⚠️  过滤可能过于激进：原始前景 2.55% -> 处理后 0.050%（形态学操作: 1, 最小区域: 500）建议：降低min_change_area或减小形态学核大小
2026-01-29 10:40:43 | DEBUG | image_detection:_calculate_background_subtraction:136 | 检测到前景 (3.765%)，暂停背景学习，避免前景被学习成背景
2026-01-29 10:40:43 | DEBUG | image_detection:_calculate_background_subtraction:163 | 背景建模 - 原始: 78079/2073600 (3.765%), 处理后: 0/2073600 (0.000%)
2026-01-29 10:40:43 | WARNING | image_detection:_calculate_background_subtraction:168 | ⚠️  过滤可能过于激进：原始前景 3.77% -> 处理后 0.000%（形态学操作: 1, 最小区域: 500）建议：降低min_change_area或减小形态学核大小
2026-01-29 10:40:43 | INFO | camera_monitor:_connect_rtsp:447 | 正在连接RTSP流: rtsp://admin:khjy%40123@192.168.100.109:554/cam/realmonitor?channel=1&subtype=1
2026-01-29 10:40:44 | WARNING | image_detection:_calculate_background_subtraction:168 | ⚠️  过滤可能过于激进：原始前景 1.90% -> 处理后 0.000%（形态学操作: 1, 最小区域: 500）建议：降低min_change_area或减小形态学核大小
2026-01-29 10:40:44 | DEBUG | image_detection:_calculate_background_subtraction:136 | 检测到前景 (2.973%)，暂停背景学习，避免前景被学习成背景
2026-01-29 10:40:44 | WARNING | image_detection:_calculate_background_subtraction:168 | ⚠️  过滤可能过于激进：原始前景 2.97% -> 处理后 0.000%（形态学操作: 1, 最小区域: 500）建议：降低min_change_area或减小形态学核大小
2026-01-29 10:40:44 | DEBUG | image_detection:_calculate_background_subtraction:136 | 检测到前景 (2.466%)，暂停背景学习，避免前景被学习成背景
2026-01-29 10:40:44 | WARNING | image_detection:_calculate_background_subtraction:168 | ⚠️  过滤可能过于激进：原始前景 2.47% -> 处理后 0.051%（形态学操作: 1, 最小区域: 500）建议：降低min_change_area或减小形态学核大小
2026-01-29 10:40:44 | DEBUG | image_detection:_calculate_background_subtraction:136 | 检测到前景 (3.932%)，暂停背景学习，避免前景被学习成背景
2026-01-29 10:40:44 | WARNING | image_detection:_calculate_background_subtraction:168 | ⚠️  过滤可能过于激进：原始前景 3.93% -> 处理后 0.000%（形态学操作: 1, 最小区域: 500）建议：降低min_change_area或减小形态学核大小
2026-01-29 10:40:45 | WARNING | image_detection:_calculate_background_subtraction:168 | ⚠️  过滤可能过于激进：原始前景 1.86% -> 处理后 0.000%（形态学操作: 1, 最小区域: 500）建议：降低min_change_area或减小形态学核大小
2026-01-29 10:40:45 | DEBUG | image_detection:_calculate_background_subtraction:136 | 检测到前景 (2.826%)，暂停背景学习，避免前景被学习成背景
2026-01-29 10:40:45 | WARNING | image_detection:_calculate_background_subtraction:168 | ⚠️  过滤可能过于激进：原始前景 2.83% -> 处理后 0.000%（形态学操作: 1, 最小区域: 500）建议：降低min_change_area或减小形态学核大小
2026-01-29 10:40:45 | DEBUG | image_detection:_calculate_background_subtraction:136 | 检测到前景 (2.603%)，暂停背景学习，避免前景被学习成背景
2026-01-29 10:40:45 | WARNING | image_detection:_calculate_background_subtraction:168 | ⚠️  过滤可能过于激进：原始前景 2.60% -> 处理后 0.053%（形态学操作: 1, 最小区域: 500）建议：降低min_change_area或减小形态学核大小
2026-01-29 10:40:45 | DEBUG | image_detection:_calculate_background_subtraction:136 | 检测到前景 (4.476%)，暂停背景学习，避免前景被学习成背景
2026-01-29 10:40:46 | DEBUG | image_detection:_calculate_background_subtraction:136 | 检测到前景 (2.091%)，暂停背景学习，避免前景被学习成背景
2026-01-29 10:40:46 | WARNING | image_detection:_calculate_background_subtraction:168 | ⚠️  过滤可能过于激进：原始前景 2.09% -> 处理后 0.000%（形态学操作: 1, 最小区域: 500）建议：降低min_change_area或减小形态学核大小
2026-01-29 10:40:46 | DEBUG | image_detection:_calculate_background_subtraction:136 | 检测到前景 (2.892%)，暂停背景学习，避免前景被学习成背景
2026-01-29 10:40:46 | WARNING | image_detection:_calculate_background_subtraction:168 | ⚠️  过滤可能过于激进：原始前景 2.89% -> 处理后 0.000%（形态学操作: 1, 最小区域: 500）建议：降低min_change_area或减小形态学核大小
2026-01-29 10:40:46 | DEBUG | image_detection:_calculate_background_subtraction:136 | 检测到前景 (2.473%)，暂停背景学习，避免前景被学习成背景
2026-01-29 10:40:46 | WARNING | image_detection:_calculate_background_subtraction:168 | ⚠️  过滤可能过于激进：原始前景 2.47% -> 处理后 0.079%（形态学操作: 1, 最小区域: 500）建议：降低min_change_area或减小形态学核大小
2026-01-29 10:40:46 | DEBUG | image_detection:_calculate_background_subtraction:136 | 检测到前景 (5.018%)，暂停背景学习，避免前景被学习成背景
2026-01-29 10:40:47 | DEBUG | image_detection:_calculate_background_subtraction:163 | 背景建模 - 原始: 38288/2073600 (1.846%), 处理后: 0/2073600 (0.000%)
2026-01-29 10:40:47 | WARNING | image_detection:_calculate_background_subtraction:168 | ⚠️  过滤可能过于激进：原始前景 1.85% -> 处理后 0.000%（形态学操作: 1, 最小区域: 500）建议：降低min_change_area或减小形态学核大小
2026-01-29 10:40:47 | DEBUG | image_detection:_calculate_background_subtraction:136 | 检测到前景 (2.848%)，暂停背景学习，避免前景被学习成背景
2026-01-29 10:40:47 | WARNING | image_detection:_calculate_background_subtraction:168 | ⚠️  过滤可能过于激进：原始前景 2.85% -> 处理后 0.000%（形态学操作: 1, 最小区域: 500）建议：降低min_change_area或减小形态学核大小
2026-01-29 10:40:47 | DEBUG | image_detection:_calculate_background_subtraction:136 | 检测到前景 (2.660%)，暂停背景学习，避免前景被学习成背景
2026-01-29 10:40:47 | WARNING | image_detection:_calculate_background_subtraction:168 | ⚠️  过滤可能过于激进：原始前景 2.66% -> 处理后 0.075%（形态学操作: 1, 最小区域: 500）建议：降低min_change_area或减小形态学核大小
2026-01-29 10:40:48 | DEBUG | image_detection:_calculate_background_subtraction:136 | 检测到前景 (4.794%)，暂停背景学习，避免前景被学习成背景
2026-01-29 10:40:48 | DEBUG | image_detection:_calculate_background_subtraction:136 | 检测到前景 (3.033%)，暂停背景学习，避免前景被学习成背景
2026-01-29 10:40:48 | WARNING | image_detection:_calculate_background_subtraction:168 | ⚠️  过滤可能过于激进：原始前景 3.03% -> 处理后 0.000%（形态学操作: 1, 最小区域: 500）建议：降低min_change_area或减小形态学核大小
2026-01-29 10:40:48 | DEBUG | image_detection:_calculate_background_subtraction:136 | 检测到前景 (2.519%)，暂停背景学习，避免前景被学习成背景
2026-01-29 10:40:48 | WARNING | image_detection:_calculate_background_subtraction:168 | ⚠️  过滤可能过于激进：原始前景 2.52% -> 处理后 0.048%（形态学操作: 1, 最小区域: 500）建议：降低min_change_area或减小形态学核大小
2026-01-29 10:40:49 | DEBUG | image_detection:_calculate_background_subtraction:136 | 检测到前景 (4.050%)，暂停背景学习，避免前景被学习成背景
2026-01-29 10:40:49 | DEBUG | image_detection:_calculate_background_subtraction:136 | 检测到前景 (2.061%)，暂停背景学习，避免前景被学习成背景
2026-01-29 10:40:49 | DEBUG | image_detection:_calculate_background_subtraction:136 | 检测到前景 (2.950%)，暂停背景学习，避免前景被学习成背景
2026-01-29 10:40:49 | WARNING | image_detection:_calculate_background_subtraction:168 | ⚠️  过滤可能过于激进：原始前景 2.95% -> 处理后 0.000%（形态学操作: 1, 最小区域: 500）建议：降低min_change_area或减小形态学核大小
2026-01-29 10:40:49 | DEBUG | image_detection:_calculate_background_subtraction:136 | 检测到前景 (2.656%)，暂停背景学习，避免前景被学习成背景
2026-01-29 10:40:49 | WARNING | image_detection:_calculate_background_subtraction:168 | ⚠️  过滤可能过于激进：原始前景 2.66% -> 处理后 0.076%（形态学操作: 1, 最小区域: 500）建议：降低min_change_area或减小形态学核大小
2026-01-29 10:40:50 | DEBUG | image_detection:_calculate_background_subtraction:136 | 检测到前景 (4.686%)，暂停背景学习，避免前景被学习成背景
2026-01-29 10:40:50 | WARNING | image_detection:_calculate_background_subtraction:168 | ⚠️  过滤可能过于激进：原始前景 1.90% -> 处理后 0.092%（形态学操作: 1, 最小区域: 500）建议：降低min_change_area或减小形态学核大小
2026-01-29 10:40:50 | DEBUG | image_detection:_calculate_background_subtraction:136 | 检测到前景 (3.009%)，暂停背景学习，避免前景被学习成背景
2026-01-29 10:40:50 | WARNING | image_detection:_calculate_background_subtraction:168 | ⚠️  过滤可能过于激进：原始前景 3.01% -> 处理后 0.000%（形态学操作: 1, 最小区域: 500）建议：降低min_change_area或减小形态学核大小
2026-01-29 10:40:50 | DEBUG | image_detection:_calculate_background_subtraction:136 | 检测到前景 (2.442%)，暂停背景学习，避免前景被学习成背景
2026-01-29 10:40:50 | WARNING | image_detection:_calculate_background_subtraction:168 | ⚠️  过滤可能过于激进：原始前景 2.44% -> 处理后 0.078%（形态学操作: 1, 最小区域: 500）建议：降低min_change_area或减小形态学核大小
2026-01-29 10:40:51 | DEBUG | image_detection:_calculate_background_subtraction:136 | 检测到前景 (3.925%)，暂停背景学习，避免前景被学习成背景
2026-01-29 10:40:51 | DEBUG | image_detection:_calculate_background_subtraction:136 | 检测到前景 (2.009%)，暂停背景学习，避免前景被学习成背景
2026-01-29 10:40:51 | WARNING | image_detection:_calculate_background_subtraction:168 | ⚠️  过滤可能过于激进：原始前景 2.01% -> 处理后 0.069%（形态学操作: 1, 最小区域: 500）建议：降低min_change_area或减小形态学核大小
2026-01-29 10:40:51 | DEBUG | image_detection:_calculate_background_subtraction:136 | 检测到前景 (3.885%)，暂停背景学习，避免前景被学习成背景
2026-01-29 10:40:51 | WARNING | image_detection:_calculate_background_subtraction:168 | ⚠️  过滤可能过于激进：原始前景 3.89% -> 处理后 0.000%（形态学操作: 1, 最小区域: 500）建议：降低min_change_area或减小形态学核大小
2026-01-29 10:40:51 | DEBUG | image_detection:_calculate_background_subtraction:136 | 检测到前景 (2.598%)，暂停背景学习，避免前景被学习成背景
2026-01-29 10:40:51 | WARNING | image_detection:_calculate_background_subtraction:168 | ⚠️  过滤可能过于激进：原始前景 2.60% -> 处理后 0.047%（形态学操作: 1, 最小区域: 500）建议：降低min_change_area或减小形态学核大小
2026-01-29 10:40:52 | DEBUG | image_detection:_calculate_background_subtraction:136 | 检测到前景 (4.712%)，暂停背景学习，避免前景被学习成背景
2026-01-29 10:40:52 | WARNING | image_detection:_calculate_background_subtraction:168 | ⚠️  过滤可能过于激进：原始前景 1.83% -> 处理后 0.036%（形态学操作: 1, 最小区域: 500）建议：降低min_change_area或减小形态学核大小
2026-01-29 10:40:52 | DEBUG | image_detection:_calculate_background_subtraction:136 | 检测到前景 (3.014%)，暂停背景学习，避免前景被学习成背景
2026-01-29 10:40:52 | WARNING | image_detection:_calculate_background_subtraction:168 | ⚠️  过滤可能过于激进：原始前景 3.01% -> 处理后 0.000%（形态学操作: 1, 最小区域: 500）建议：降低min_change_area或减小形态学核大小
2026-01-29 10:40:52 | DEBUG | image_detection:_calculate_background_subtraction:136 | 检测到前景 (2.504%)，暂停背景学习，避免前景被学习成背景
2026-01-29 10:40:52 | WARNING | image_detection:_calculate_background_subtraction:168 | ⚠️  过滤可能过于激进：原始前景 2.50% -> 处理后 0.047%（形态学操作: 1, 最小区域: 500）建议：降低min_change_area或减小形态学核大小
2026-01-29 10:40:53 | DEBUG | image_detection:_calculate_background_subtraction:136 | 检测到前景 (3.897%)，暂停背景学习，避免前景被学习成背景
2026-01-29 10:40:53 | WARNING | image_detection:_calculate_background_subtraction:168 | ⚠️  过滤可能过于激进：原始前景 2.00% -> 处理后 0.068%（形态学操作: 1, 最小区域: 500）建议：降低min_change_area或减小形态学核大小
2026-01-29 10:40:53 | DEBUG | image_detection:_calculate_background_subtraction:136 | 检测到前景 (3.671%)，暂停背景学习，避免前景被学习成背景
2026-01-29 10:40:53 | WARNING | image_detection:_calculate_background_subtraction:168 | ⚠️  过滤可能过于激进：原始前景 3.67% -> 处理后 0.000%（形态学操作: 1, 最小区域: 500）建议：降低min_change_area或减小形态学核大小
2026-01-29 10:40:53 | DEBUG | image_detection:_calculate_background_subtraction:136 | 检测到前景 (2.617%)，暂停背景学习，避免前景被学习成背景
2026-01-29 10:40:53 | WARNING | image_detection:_calculate_background_subtraction:168 | ⚠️  过滤可能过于激进：原始前景 2.62% -> 处理后 0.075%（形态学操作: 1, 最小区域: 500）建议：降低min_change_area或减小形态学核大小
2026-01-29 10:40:54 | DEBUG | image_detection:_calculate_background_subtraction:136 | 检测到前景 (4.758%)，暂停背景学习，避免前景被学习成背景
2026-01-29 10:40:54 | WARNING | image_detection:_calculate_background_subtraction:168 | ⚠️  过滤可能过于激进：原始前景 1.79% -> 处理后 0.072%（形态学操作: 1, 最小区域: 500）建议：降低min_change_area或减小形态学核大小
2026-01-29 10:40:54 | DEBUG | image_detection:_calculate_background_subtraction:136 | 检测到前景 (3.039%)，暂停背景学习，避免前景被学习成背景
2026-01-29 10:40:54 | WARNING | image_detection:_calculate_background_subtraction:168 | ⚠️  过滤可能过于激进：原始前景 3.04% -> 处理后 0.000%（形态学操作: 1, 最小区域: 500）建议：降低min_change_area或减小形态学核大小
2026-01-29 10:40:54 | DEBUG | image_detection:_calculate_background_subtraction:136 | 检测到前景 (2.511%)，暂停背景学习，避免前景被学习成背景
2026-01-29 10:40:54 | WARNING | image_detection:_calculate_background_subtraction:168 | ⚠️  过滤可能过于激进：原始前景 2.51% -> 处理后 0.049%（形态学操作: 1, 最小区域: 500）建议：降低min_change_area或减小形态学核大小
2026-01-29 10:40:55 | DEBUG | image_detection:_calculate_background_subtraction:136 | 检测到前景 (3.925%)，暂停背景学习，避免前景被学习成背景
2026-01-29 10:40:55 | WARNING | image_detection:_calculate_background_subtraction:168 | ⚠️  过滤可能过于激进：原始前景 1.96% -> 处理后 0.070%（形态学操作: 1, 最小区域: 500）建议：降低min_change_area或减小形态学核大小
2026-01-29 10:40:55 | DEBUG | image_detection:_calculate_background_subtraction:136 | 检测到前景 (3.565%)，暂停背景学习，避免前景被学习成背景
2026-01-29 10:40:55 | WARNING | image_detection:_calculate_background_subtraction:168 | ⚠️  过滤可能过于激进：原始前景 3.56% -> 处理后 0.000%（形态学操作: 1, 最小区域: 500）建议：降低min_change_area或减小形态学核大小
2026-01-29 10:40:55 | DEBUG | image_detection:_calculate_background_subtraction:136 | 检测到前景 (2.622%)，暂停背景学习，避免前景被学习成背景
2026-01-29 10:40:55 | WARNING | image_detection:_calculate_background_subtraction:168 | ⚠️  过滤可能过于激进：原始前景 2.62% -> 处理后 0.073%（形态学操作: 1, 最小区域: 500）建议：降低min_change_area或减小形态学核大小
2026-01-29 10:40:56 | DEBUG | image_detection:_calculate_background_subtraction:136 | 检测到前景 (4.752%)，暂停背景学习，避免前景被学习成背景
2026-01-29 10:40:56 | WARNING | image_detection:_calculate_background_subtraction:168 | ⚠️  过滤可能过于激进：原始前景 1.81% -> 处理后 0.066%（形态学操作: 1, 最小区域: 500）建议：降低min_change_area或减小形态学核大小
2026-01-29 10:40:56 | DEBUG | image_detection:_calculate_background_subtraction:136 | 检测到前景 (2.807%)，暂停背景学习，避免前景被学习成背景
2026-01-29 10:40:56 | WARNING | image_detection:_calculate_background_subtraction:168 | ⚠️  过滤可能过于激进：原始前景 2.81% -> 处理后 0.000%（形态学操作: 1, 最小区域: 500）建议：降低min_change_area或减小形态学核大小
2026-01-29 10:40:56 | DEBUG | image_detection:_calculate_background_subtraction:136 | 检测到前景 (2.518%)，暂停背景学习，避免前景被学习成背景
2026-01-29 10:40:56 | WARNING | image_detection:_calculate_background_subtraction:168 | ⚠️  过滤可能过于激进：原始前景 2.52% -> 处理后 0.068%（形态学操作: 1, 最小区域: 500）建议：降低min_change_area或减小形态学核大小
2026-01-29 10:40:57 | DEBUG | image_detection:_calculate_background_subtraction:136 | 检测到前景 (4.048%)，暂停背景学习，避免前景被学习成背景
2026-01-29 10:40:57 | DEBUG | image_detection:_calculate_background_subtraction:136 | 检测到前景 (2.008%)，暂停背景学习，避免前景被学习成背景
2026-01-29 10:40:57 | WARNING | image_detection:_calculate_background_subtraction:168 | ⚠️  过滤可能过于激进：原始前景 2.01% -> 处理后 0.073%（形态学操作: 1, 最小区域: 500）建议：降低min_change_area或减小形态学核大小
2026-01-29 10:40:57 | DEBUG | image_detection:_calculate_background_subtraction:136 | 检测到前景 (3.321%)，暂停背景学习，避免前景被学习成背景
2026-01-29 10:40:57 | DEBUG | image_detection:_calculate_background_subtraction:163 | 背景建模 - 原始: 68872/2073600 (3.321%), 处理后: 0/2073600 (0.000%)
2026-01-29 10:40:57 | WARNING | image_detection:_calculate_background_subtraction:168 | ⚠️  过滤可能过于激进：原始前景 3.32% -> 处理后 0.000%（形态学操作: 1, 最小区域: 500）建议：降低min_change_area或减小形态学核大小
2026-01-29 10:40:57 | DEBUG | image_detection:_calculate_background_subtraction:136 | 检测到前景 (2.247%)，暂停背景学习，避免前景被学习成背景
2026-01-29 10:40:57 | WARNING | image_detection:_calculate_background_subtraction:168 | ⚠️  过滤可能过于激进：原始前景 2.25% -> 处理后 0.073%（形态学操作: 1, 最小区域: 500）建议：降低min_change_area或减小形态学核大小
2026-01-29 10:40:58 | DEBUG | image_detection:_calculate_background_subtraction:136 | 检测到前景 (4.815%)，暂停背景学习，避免前景被学习成背景
2026-01-29 10:40:58 | WARNING | image_detection:_calculate_background_subtraction:168 | ⚠️  过滤可能过于激进：原始前景 1.80% -> 处理后 0.068%（形态学操作: 1, 最小区域: 500）建议：降低min_change_area或减小形态学核大小
2026-01-29 10:40:58 | DEBUG | image_detection:_calculate_background_subtraction:136 | 检测到前景 (2.899%)，暂停背景学习，避免前景被学习成背景
2026-01-29 10:40:58 | WARNING | image_detection:_calculate_background_subtraction:168 | ⚠️  过滤可能过于激进：原始前景 2.90% -> 处理后 0.000%（形态学操作: 1, 最小区域: 500）建议：降低min_change_area或减小形态学核大小
2026-01-29 10:40:58 | DEBUG | image_detection:_calculate_background_subtraction:136 | 检测到前景 (2.513%)，暂停背景学习，避免前景被学习成背景
2026-01-29 10:40:58 | WARNING | image_detection:_calculate_background_subtraction:168 | ⚠️  过滤可能过于激进：原始前景 2.51% -> 处理后 0.076%（形态学操作: 1, 最小区域: 500）建议：降低min_change_area或减小形态学核大小
2026-01-29 10:40:59 | DEBUG | image_detection:_calculate_background_subtraction:136 | 检测到前景 (4.050%)，暂停背景学习，避免前景被学习成背景
2026-01-29 10:40:59 | DEBUG | image_detection:_calculate_background_subtraction:136 | 检测到前景 (2.013%)，暂停背景学习，避免前景被学习成背景
2026-01-29 10:40:59 | WARNING | image_detection:_calculate_background_subtraction:168 | ⚠️  过滤可能过于激进：原始前景 2.01% -> 处理后 0.096%（形态学操作: 1, 最小区域: 500）建议：降低min_change_area或减小形态学核大小
2026-01-29 10:40:59 | DEBUG | image_detection:_calculate_background_subtraction:136 | 检测到前景 (3.315%)，暂停背景学习，避免前景被学习成背景
2026-01-29 10:40:59 | DEBUG | image_detection:_calculate_background_subtraction:163 | 背景建模 - 原始: 68746/2073600 (3.315%), 处理后: 0/2073600 (0.000%)
2026-01-29 10:40:59 | WARNING | image_detection:_calculate_background_subtraction:168 | ⚠️  过滤可能过于激进：原始前景 3.32% -> 处理后 0.000%（形态学操作: 1, 最小区域: 500）建议：降低min_change_area或减小形态学核大小
2026-01-29 10:40:59 | DEBUG | image_detection:_calculate_background_subtraction:136 | 检测到前景 (2.207%)，暂停背景学习，避免前景被学习成背景
2026-01-29 10:40:59 | WARNING | image_detection:_calculate_background_subtraction:168 | ⚠️  过滤可能过于激进：原始前景 2.21% -> 处理后 0.098%（形态学操作: 1, 最小区域: 500）建议：降低min_change_area或减小形态学核大小
2026-01-29 10:41:00 | DEBUG | image_detection:_calculate_background_subtraction:136 | 检测到前景 (4.809%)，暂停背景学习，避免前景被学习成背景
2026-01-29 10:41:00 | WARNING | image_detection:_calculate_background_subtraction:168 | ⚠️  过滤可能过于激进：原始前景 1.80% -> 处理后 0.056%（形态学操作: 1, 最小区域: 500）建议：降低min_change_area或减小形态学核大小
2026-01-29 10:41:00 | DEBUG | image_detection:_calculate_background_subtraction:136 | 检测到前景 (3.067%)，暂停背景学习，避免前景被学习成背景
2026-01-29 10:41:00 | WARNING | image_detection:_calculate_background_subtraction:168 | ⚠️  过滤可能过于激进：原始前景 3.07% -> 处理后 0.000%（形态学操作: 1, 最小区域: 500）建议：降低min_change_area或减小形态学核大小
2026-01-29 10:41:00 | DEBUG | image_detection:_calculate_background_subtraction:136 | 检测到前景 (2.680%)，暂停背景学习，避免前景被学习成背景
2026-01-29 10:41:00 | WARNING | image_detection:_calculate_background_subtraction:168 | ⚠️  过滤可能过于激进：原始前景 2.68% -> 处理后 0.074%（形态学操作: 1, 最小区域: 500）建议：降低min_change_area或减小形态学核大小
2026-01-29 10:41:01 | DEBUG | image_detection:_calculate_background_subtraction:136 | 检测到前景 (4.193%)，暂停背景学习，避免前景被学习成背景
2026-01-29 10:41:01 | DEBUG | image_detection:_calculate_background_subtraction:136 | 检测到前景 (2.009%)，暂停背景学习，避免前景被学习成背景
2026-01-29 10:41:01 | WARNING | image_detection:_calculate_background_subtraction:168 | ⚠️  过滤可能过于激进：原始前景 2.01% -> 处理后 0.059%（形态学操作: 1, 最小区域: 500）建议：降低min_change_area或减小形态学核大小
2026-01-29 10:41:01 | DEBUG | image_detection:_calculate_background_subtraction:136 | 检测到前景 (3.148%)，暂停背景学习，避免前景被学习成背景
2026-01-29 10:41:01 | WARNING | image_detection:_calculate_background_subtraction:168 | ⚠️  过滤可能过于激进：原始前景 3.15% -> 处理后 0.000%（形态学操作: 1, 最小区域: 500）建议：降低min_change_area或减小形态学核大小
2026-01-29 10:41:01 | DEBUG | image_detection:_calculate_background_subtraction:136 | 检测到前景 (2.178%)，暂停背景学习，避免前景被学习成背景
2026-01-29 10:41:01 | WARNING | image_detection:_calculate_background_subtraction:168 | ⚠️  过滤可能过于激进：原始前景 2.18% -> 处理后 0.049%（形态学操作: 1, 最小区域: 500）建议：降低min_change_area或减小形态学核大小
2026-01-29 10:41:02 | DEBUG | image_detection:_calculate_background_subtraction:136 | 检测到前景 (4.873%)，暂停背景学习，避免前景被学习成背景
2026-01-29 10:41:02 | WARNING | image_detection:_calculate_background_subtraction:168 | ⚠️  过滤可能过于激进：原始前景 1.84% -> 处理后 0.000%（形态学操作: 1, 最小区域: 500）建议：降低min_change_area或减小形态学核大小
2026-01-29 10:41:02 | DEBUG | image_detection:_calculate_background_subtraction:136 | 检测到前景 (3.055%)，暂停背景学习，避免前景被学习成背景
2026-01-29 10:41:02 | DEBUG | image_detection:_calculate_background_subtraction:163 | 背景建模 - 原始: 63351/2073600 (3.055%), 处理后: 0/2073600 (0.000%)
2026-01-29 10:41:02 | WARNING | image_detection:_calculate_background_subtraction:168 | ⚠️  过滤可能过于激进：原始前景 3.06% -> 处理后 0.000%（形态学操作: 1, 最小区域: 500）建议：降低min_change_area或减小形态学核大小
2026-01-29 10:41:02 | DEBUG | image_detection:_calculate_background_subtraction:136 | 检测到前景 (2.648%)，暂停背景学习，避免前景被学习成背景
2026-01-29 10:41:03 | DEBUG | image_detection:_calculate_background_subtraction:136 | 检测到前景 (4.256%)，暂停背景学习，避免前景被学习成背景
2026-01-29 10:41:03 | DEBUG | image_detection:_calculate_background_subtraction:136 | 检测到前景 (2.013%)，暂停背景学习，避免前景被学习成背景
2026-01-29 10:41:03 | DEBUG | image_detection:_calculate_background_subtraction:163 | 背景建模 - 原始: 41744/2073600 (2.013%), 处理后: 0/2073600 (0.000%)
2026-01-29 10:41:03 | WARNING | image_detection:_calculate_background_subtraction:168 | ⚠️  过滤可能过于激进：原始前景 2.01% -> 处理后 0.000%（形态学操作: 1, 最小区域: 500）建议：降低min_change_area或减小形态学核大小
2026-01-29 10:41:03 | DEBUG | image_detection:_calculate_background_subtraction:136 | 检测到前景 (3.209%)，暂停背景学习，避免前景被学习成背景
2026-01-29 10:41:03 | WARNING | image_detection:_calculate_background_subtraction:168 | ⚠️  过滤可能过于激进：原始前景 3.21% -> 处理后 0.000%（形态学操作: 1, 最小区域: 500）建议：降低min_change_area或减小形态学核大小
2026-01-29 10:41:03 | DEBUG | image_detection:_calculate_background_subtraction:136 | 检测到前景 (2.196%)，暂停背景学习，避免前景被学习成背景
2026-01-29 10:41:03 | WARNING | image_detection:_calculate_background_subtraction:168 | ⚠️  过滤可能过于激进：原始前景 2.20% -> 处理后 0.048%（形态学操作: 1, 最小区域: 500）建议：降低min_change_area或减小形态学核大小
2026-01-29 10:41:04 | DEBUG | image_detection:_calculate_background_subtraction:136 | 检测到前景 (4.833%)，暂停背景学习，避免前景被学习成背景
2026-01-29 10:41:04 | WARNING | image_detection:_calculate_background_subtraction:168 | ⚠️  过滤可能过于激进：原始前景 1.85% -> 处理后 0.000%（形态学操作: 1, 最小区域: 500）建议：降低min_change_area或减小形态学核大小
2026-01-29 10:41:04 | DEBUG | image_detection:_calculate_background_subtraction:136 | 检测到前景 (3.041%)，暂停背景学习，避免前景被学习成背景
2026-01-29 10:41:04 | WARNING | image_detection:_calculate_background_subtraction:168 | ⚠️  过滤可能过于激进：原始前景 3.04% -> 处理后 0.000%（形态学操作: 1, 最小区域: 500）建议：降低min_change_area或减小形态学核大小
2026-01-29 10:41:04 | DEBUG | image_detection:_calculate_background_subtraction:136 | 检测到前景 (2.620%)，暂停背景学习，避免前景被学习成背景
2026-01-29 10:41:05 | WARNING | image_detection:_calculate_background_subtraction:168 | ⚠️  过滤可能过于激进：原始前景 2.62% -> 处理后 0.045%（形态学操作: 1, 最小区域: 500）建议：降低min_change_area或减小形态学核大小
2026-01-29 10:41:05 | DEBUG | image_detection:_calculate_background_subtraction:136 | 检测到前景 (4.225%)，暂停背景学习，避免前景被学习成背景
2026-01-29 10:41:05 | INFO | input_shaper:_log_stats_periodically:217 | [一层室内较小库房摄像头1] InputShaper 统计 - 拉取: 775帧, 输出: 57帧, 丢弃: 28帧, 溢出: 28次, 空读: 0次, 重复: 0次, 缓冲区: 8/30
2026-01-29 10:41:05 | WARNING | image_detection:_calculate_background_subtraction:168 | ⚠️  过滤可能过于激进：原始前景 1.96% -> 处理后 0.000%（形态学操作: 1, 最小区域: 500）建议：降低min_change_area或减小形态学核大小
2026-01-29 10:41:06 | DEBUG | image_detection:_calculate_background_subtraction:136 | 检测到前景 (3.002%)，暂停背景学习，避免前景被学习成背景
2026-01-29 10:41:06 | DEBUG | image_detection:_calculate_background_subtraction:136 | 检测到前景 (2.260%)，暂停背景学习，避免前景被学习成背景
2026-01-29 10:41:06 | WARNING | image_detection:_calculate_background_subtraction:168 | ⚠️  过滤可能过于激进：原始前景 3.00% -> 处理后 0.000%（形态学操作: 1, 最小区域: 500）建议：降低min_change_area或减小形态学核大小
2026-01-29 10:41:06 | WARNING | image_detection:_calculate_background_subtraction:168 | ⚠️  过滤可能过于激进：原始前景 2.26% -> 处理后 0.074%（形态学操作: 1, 最小区域: 500）建议：降低min_change_area或减小形态学核大小
2026-01-29 10:41:06 | DEBUG | image_detection:_calculate_background_subtraction:136 | 检测到前景 (4.892%)，暂停背景学习，避免前景被学习成背景
2026-01-29 10:41:06 | INFO | input_shaper:_log_stats_periodically:217 | [一层贵重物品区摄像头1] InputShaper 统计 - 拉取: 772帧, 输出: 57帧, 丢弃: 29帧, 溢出: 29次, 空读: 0次, 重复: 0次, 缓冲区: 5/30
2026-01-29 10:41:06 | WARNING | image_detection:_calculate_background_subtraction:168 | ⚠️  过滤可能过于激进：原始前景 1.76% -> 处理后 0.000%（形态学操作: 1, 最小区域: 500）建议：降低min_change_area或减小形态学核大小
2026-01-29 10:41:07 | DEBUG | image_detection:_calculate_background_subtraction:136 | 检测到前景 (2.845%)，暂停背景学习，避免前景被学习成背景
2026-01-29 10:41:07 | WARNING | image_detection:_calculate_background_subtraction:168 | ⚠️  过滤可能过于激进：原始前景 2.84% -> 处理后 0.000%（形态学操作: 1, 最小区域: 500）建议：降低min_change_area或减小形态学核大小
2026-01-29 10:41:07 | DEBUG | image_detection:_calculate_background_subtraction:136 | 检测到前景 (2.667%)，暂停背景学习，避免前景被学习成背景
2026-01-29 10:41:07 | WARNING | image_detection:_calculate_background_subtraction:168 | ⚠️  过滤可能过于激进：原始前景 2.67% -> 处理后 0.073%（形态学操作: 1, 最小区域: 500）建议：降低min_change_area或减小形态学核大小
2026-01-29 10:41:07 | DEBUG | image_detection:_calculate_background_subtraction:136 | 检测到前景 (4.330%)，暂停背景学习，避免前景被学习成背景
2026-01-29 10:41:07 | WARNING | image_detection:_calculate_background_subtraction:168 | ⚠️  过滤可能过于激进：原始前景 1.95% -> 处理后 0.000%（形态学操作: 1, 最小区域: 500）建议：降低min_change_area或减小形态学核大小
2026-01-29 10:41:07 | INFO | input_shaper:_log_stats_periodically:217 | [一层室外大件物品区摄像头1] InputShaper 统计 - 拉取: 768帧, 输出: 57帧, 丢弃: 36帧, 溢出: 36次, 空读: 0次, 重复: 0次, 缓冲区: 6/30
2026-01-29 10:41:08 | DEBUG | image_detection:_calculate_background_subtraction:136 | 检测到前景 (3.029%)，暂停背景学习，避免前景被学习成背景
2026-01-29 10:41:08 | WARNING | image_detection:_calculate_background_subtraction:168 | ⚠️  过滤可能过于激进：原始前景 3.03% -> 处理后 0.000%（形态学操作: 1, 最小区域: 500）建议：降低min_change_area或减小形态学核大小
2026-01-29 10:41:08 | DEBUG | image_detection:_calculate_background_subtraction:136 | 检测到前景 (2.274%)，暂停背景学习，避免前景被学习成背景
2026-01-29 10:41:08 | WARNING | image_detection:_calculate_background_subtraction:168 | ⚠️  过滤可能过于激进：原始前景 2.27% -> 处理后 0.077%（形态学操作: 1, 最小区域: 500）建议：降低min_change_area或减小形态学核大小
2026-01-29 10:41:08 | DEBUG | image_detection:_calculate_background_subtraction:136 | 检测到前景 (4.885%)，暂停背景学习，避免前景被学习成背景
2026-01-29 10:41:08 | WARNING | image_detection:_calculate_background_subtraction:168 | ⚠️  过滤可能过于激进：原始前景 1.78% -> 处理后 0.000%（形态学操作: 1, 最小区域: 500）建议：降低min_change_area或减小形态学核大小
2026-01-29 10:41:08 | ERROR | camera_monitor:_connect_rtsp:498 | RTSP连接失败
2026-01-29 10:41:08 | WARNING | camera_monitor:_monitor_loop:212 | 摄像头 大门区域摄像头1 连接失败，5秒后重试 (尝试 2/3)
2026-01-29 10:41:09 | DEBUG | image_detection:_calculate_background_subtraction:136 | 检测到前景 (2.890%)，暂停背景学习，避免前景被学习成背景
2026-01-29 10:41:09 | WARNING | image_detection:_calculate_background_subtraction:168 | ⚠️  过滤可能过于激进：原始前景 2.89% -> 处理后 0.000%（形态学操作: 1, 最小区域: 500）建议：降低min_change_area或减小形态学核大小
2026-01-29 10:41:09 | DEBUG | image_detection:_calculate_background_subtraction:136 | 检测到前景 (2.680%)，暂停背景学习，避免前景被学习成背景
2026-01-29 10:41:09 | INFO | input_shaper:_log_stats_periodically:217 | [一层恒温大件物品区摄像头1] InputShaper 统计 - 拉取: 750帧, 输出: 57帧, 丢弃: 32帧, 溢出: 32次, 空读: 0次, 重复: 0次, 缓冲区: 2/30
2026-01-29 10:41:09 | WARNING | image_detection:_calculate_background_subtraction:168 | ⚠️  过滤可能过于激进：原始前景 2.68% -> 处理后 0.098%（形态学操作: 1, 最小区域: 500）建议：降低min_change_area或减小形态学核大小
2026-01-29 10:41:09 | DEBUG | image_detection:_calculate_background_subtraction:136 | 检测到前景 (4.467%)，暂停背景学习，避免前景被学习成背景
2026-01-29 10:41:09 | WARNING | image_detection:_calculate_background_subtraction:168 | ⚠️  过滤可能过于激进：原始前景 1.93% -> 处理后 0.000%（形态学操作: 1, 最小区域: 500）建议：降低min_change_area或减小形态学核大小
2026-01-29 10:41:10 | DEBUG | image_detection:_calculate_background_subtraction:136 | 检测到前景 (2.997%)，暂停背景学习，避免前景被学习成背景
2026-01-29 10:41:10 | WARNING | image_detection:_calculate_background_subtraction:168 | ⚠️  过滤可能过于激进：原始前景 3.00% -> 处理后 0.000%（形态学操作: 1, 最小区域: 500）建议：降低min_change_area或减小形态学核大小
2026-01-29 10:41:10 | DEBUG | image_detection:_calculate_background_subtraction:136 | 检测到前景 (2.264%)，暂停背景学习，避免前景被学习成背景
2026-01-29 10:41:10 | DEBUG | image_detection:_calculate_background_subtraction:136 | 检测到前景 (4.889%)，暂停背景学习，避免前景被学习成背景
2026-01-29 10:41:10 | WARNING | image_detection:_calculate_background_subtraction:168 | ⚠️  过滤可能过于激进：原始前景 1.80% -> 处理后 0.000%（形态学操作: 1, 最小区域: 500）建议：降低min_change_area或减小形态学核大小
2026-01-29 10:41:11 | DEBUG | image_detection:_calculate_background_subtraction:136 | 检测到前景 (3.014%)，暂停背景学习，避免前景被学习成背景
2026-01-29 10:41:11 | WARNING | image_detection:_calculate_background_subtraction:168 | ⚠️  过滤可能过于激进：原始前景 3.01% -> 处理后 0.000%（形态学操作: 1, 最小区域: 500）建议：降低min_change_area或减小形态学核大小
2026-01-29 10:41:11 | DEBUG | image_detection:_calculate_background_subtraction:136 | 检测到前景 (2.591%)，暂停背景学习，避免前景被学习成背景
2026-01-29 10:41:11 | DEBUG | image_detection:_calculate_background_subtraction:136 | 检测到前景 (4.480%)，暂停背景学习，避免前景被学习成背景
2026-01-29 10:41:11 | WARNING | image_detection:_calculate_background_subtraction:168 | ⚠️  过滤可能过于激进：原始前景 1.94% -> 处理后 0.000%（形态学操作: 1, 最小区域: 500）建议：降低min_change_area或减小形态学核大小
2026-01-29 10:41:12 | DEBUG | image_detection:_calculate_background_subtraction:136 | 检测到前景 (2.971%)，暂停背景学习，避免前景被学习成背景
2026-01-29 10:41:12 | DEBUG | image_detection:_calculate_background_subtraction:163 | 背景建模 - 原始: 61615/2073600 (2.971%), 处理后: 0/2073600 (0.000%)
2026-01-29 10:41:12 | WARNING | image_detection:_calculate_background_subtraction:168 | ⚠️  过滤可能过于激进：原始前景 2.97% -> 处理后 0.000%（形态学操作: 1, 最小区域: 500）建议：降低min_change_area或减小形态学核大小
2026-01-29 10:41:12 | DEBUG | image_detection:_calculate_background_subtraction:136 | 检测到前景 (2.292%)，暂停背景学习，避免前景被学习成背景
2026-01-29 10:41:12 | WARNING | image_detection:_calculate_background_subtraction:168 | ⚠️  过滤可能过于激进：原始前景 2.29% -> 处理后 0.095%（形态学操作: 1, 最小区域: 500）建议：降低min_change_area或减小形态学核大小
2026-01-29 10:41:12 | DEBUG | image_detection:_calculate_background_subtraction:136 | 检测到前景 (5.140%)，暂停背景学习，避免前景被学习成背景
2026-01-29 10:41:12 | WARNING | image_detection:_calculate_background_subtraction:168 | ⚠️  过滤可能过于激进：原始前景 1.77% -> 处理后 0.000%（形态学操作: 1, 最小区域: 500）建议：降低min_change_area或减小形态学核大小
2026-01-29 10:41:13 | DEBUG | image_detection:_calculate_background_subtraction:136 | 检测到前景 (3.081%)，暂停背景学习，避免前景被学习成背景
2026-01-29 10:41:13 | DEBUG | image_detection:_calculate_background_subtraction:163 | 背景建模 - 原始: 63894/2073600 (3.081%), 处理后: 0/2073600 (0.000%)
2026-01-29 10:41:13 | WARNING | image_detection:_calculate_background_subtraction:168 | ⚠️  过滤可能过于激进：原始前景 3.08% -> 处理后 0.000%（形态学操作: 1, 最小区域: 500）建议：降低min_change_area或减小形态学核大小
2026-01-29 10:41:13 | DEBUG | image_detection:_calculate_background_subtraction:136 | 检测到前景 (2.543%)，暂停背景学习，避免前景被学习成背景
2026-01-29 10:41:13 | WARNING | image_detection:_calculate_background_subtraction:168 | ⚠️  过滤可能过于激进：原始前景 2.54% -> 处理后 0.075%（形态学操作: 1, 最小区域: 500）建议：降低min_change_area或减小形态学核大小
2026-01-29 10:41:13 | DEBUG | image_detection:_calculate_background_subtraction:136 | 检测到前景 (4.667%)，暂停背景学习，避免前景被学习成背景
2026-01-29 10:41:13 | WARNING | image_detection:_calculate_background_subtraction:168 | ⚠️  过滤可能过于激进：原始前景 1.92% -> 处理后 0.000%（形态学操作: 1, 最小区域: 500）建议：降低min_change_area或减小形态学核大小
2026-01-29 10:41:13 | INFO | camera_monitor:_connect_rtsp:447 | 正在连接RTSP流: rtsp://admin:khjy%40123@192.168.100.109:554/Streaming/Channels/100
2026-01-29 10:41:14 | DEBUG | image_detection:_calculate_background_subtraction:136 | 检测到前景 (3.159%)，暂停背景学习，避免前景被学习成背景
2026-01-29 10:41:14 | WARNING | image_detection:_calculate_background_subtraction:168 | ⚠️  过滤可能过于激进：原始前景 3.16% -> 处理后 0.000%（形态学操作: 1, 最小区域: 500）建议：降低min_change_area或减小形态学核大小
2026-01-29 10:41:14 | DEBUG | image_detection:_calculate_background_subtraction:136 | 检测到前景 (2.408%)，暂停背景学习，避免前景被学习成背景
2026-01-29 10:41:14 | WARNING | image_detection:_calculate_background_subtraction:168 | ⚠️  过滤可能过于激进：原始前景 2.41% -> 处理后 0.072%（形态学操作: 1, 最小区域: 500）建议：降低min_change_area或减小形态学核大小
2026-01-29 10:41:14 | DEBUG | image_detection:_calculate_background_subtraction:136 | 检测到前景 (5.128%)，暂停背景学习，避免前景被学习成背景
2026-01-29 10:41:14 | WARNING | image_detection:_calculate_background_subtraction:168 | ⚠️  过滤可能过于激进：原始前景 1.83% -> 处理后 0.000%（形态学操作: 1, 最小区域: 500）建议：降低min_change_area或减小形态学核大小
2026-01-29 10:41:15 | DEBUG | image_detection:_calculate_background_subtraction:136 | 检测到前景 (3.110%)，暂停背景学习，避免前景被学习成背景
2026-01-29 10:41:15 | WARNING | image_detection:_calculate_background_subtraction:168 | ⚠️  过滤可能过于激进：原始前景 3.11% -> 处理后 0.000%（形态学操作: 1, 最小区域: 500）建议：降低min_change_area或减小形态学核大小
2026-01-29 10:41:15 | DEBUG | image_detection:_calculate_background_subtraction:136 | 检测到前景 (2.630%)，暂停背景学习，避免前景被学习成背景
2026-01-29 10:41:15 | WARNING | image_detection:_calculate_background_subtraction:168 | ⚠️  过滤可能过于激进：原始前景 2.63% -> 处理后 0.076%（形态学操作: 1, 最小区域: 500）建议：降低min_change_area或减小形态学核大小
2026-01-29 10:41:15 | DEBUG | image_detection:_calculate_background_subtraction:136 | 检测到前景 (4.493%)，暂停背景学习，避免前景被学习成背景
2026-01-29 10:41:16 | WARNING | image_detection:_calculate_background_subtraction:168 | ⚠️  过滤可能过于激进：原始前景 1.93% -> 处理后 0.000%（形态学操作: 1, 最小区域: 500）建议：降低min_change_area或减小形态学核大小
2026-01-29 10:41:16 | DEBUG | image_detection:_calculate_background_subtraction:136 | 检测到前景 (3.074%)，暂停背景学习，避免前景被学习成背景
2026-01-29 10:41:16 | WARNING | image_detection:_calculate_background_subtraction:168 | ⚠️  过滤可能过于激进：原始前景 3.07% -> 处理后 0.000%（形态学操作: 1, 最小区域: 500）建议：降低min_change_area或减小形态学核大小
2026-01-29 10:41:16 | DEBUG | image_detection:_calculate_background_subtraction:136 | 检测到前景 (2.445%)，暂停背景学习，避免前景被学习成背景
2026-01-29 10:41:16 | DEBUG | image_detection:_calculate_background_subtraction:136 | 检测到前景 (4.904%)，暂停背景学习，避免前景被学习成背景
2026-01-29 10:41:17 | WARNING | image_detection:_calculate_background_subtraction:168 | ⚠️  过滤可能过于激进：原始前景 1.82% -> 处理后 0.000%（形态学操作: 1, 最小区域: 500）建议：降低min_change_area或减小形态学核大小
2026-01-29 10:41:17 | DEBUG | image_detection:_calculate_background_subtraction:136 | 检测到前景 (3.150%)，暂停背景学习，避免前景被学习成背景
2026-01-29 10:41:17 | WARNING | image_detection:_calculate_background_subtraction:168 | ⚠️  过滤可能过于激进：原始前景 3.15% -> 处理后 0.000%（形态学操作: 1, 最小区域: 500）建议：降低min_change_area或减小形态学核大小
2026-01-29 10:41:17 | DEBUG | image_detection:_calculate_background_subtraction:136 | 检测到前景 (2.725%)，暂停背景学习，避免前景被学习成背景
2026-01-29 10:41:17 | WARNING | image_detection:_calculate_background_subtraction:168 | ⚠️  过滤可能过于激进：原始前景 2.72% -> 处理后 0.076%（形态学操作: 1, 最小区域: 500）建议：降低min_change_area或减小形态学核大小
2026-01-29 10:41:17 | DEBUG | image_detection:_calculate_background_subtraction:136 | 检测到前景 (4.590%)，暂停背景学习，避免前景被学习成背景
2026-01-29 10:41:18 | DEBUG | image_detection:_calculate_background_subtraction:136 | 检测到前景 (2.017%)，暂停背景学习，避免前景被学习成背景
2026-01-29 10:41:18 | WARNING | image_detection:_calculate_background_subtraction:168 | ⚠️  过滤可能过于激进：原始前景 2.02% -> 处理后 0.050%（形态学操作: 1, 最小区域: 500）建议：降低min_change_area或减小形态学核大小
2026-01-29 10:41:18 | DEBUG | image_detection:_calculate_background_subtraction:136 | 检测到前景 (3.233%)，暂停背景学习，避免前景被学习成背景
2026-01-29 10:41:18 | WARNING | image_detection:_calculate_background_subtraction:168 | ⚠️  过滤可能过于激进：原始前景 3.23% -> 处理后 0.000%（形态学操作: 1, 最小区域: 500）建议：降低min_change_area或减小形态学核大小
2026-01-29 10:41:18 | DEBUG | image_detection:_calculate_background_subtraction:136 | 检测到前景 (2.508%)，暂停背景学习，避免前景被学习成背景
2026-01-29 10:41:18 | WARNING | image_detection:_calculate_background_subtraction:168 | ⚠️  过滤可能过于激进：原始前景 2.51% -> 处理后 0.048%（形态学操作: 1, 最小区域: 500）建议：降低min_change_area或减小形态学核大小
2026-01-29 10:41:18 | DEBUG | image_detection:_calculate_background_subtraction:136 | 检测到前景 (4.885%)，暂停背景学习，避免前景被学习成背景
2026-01-29 10:41:19 | WARNING | image_detection:_calculate_background_subtraction:168 | ⚠️  过滤可能过于激进：原始前景 1.92% -> 处理后 0.083%（形态学操作: 1, 最小区域: 500）建议：降低min_change_area或减小形态学核大小
2026-01-29 10:41:19 | DEBUG | image_detection:_calculate_background_subtraction:136 | 检测到前景 (3.216%)，暂停背景学习，避免前景被学习成背景
2026-01-29 10:41:19 | WARNING | image_detection:_calculate_background_subtraction:168 | ⚠️  过滤可能过于激进：原始前景 3.22% -> 处理后 0.000%（形态学操作: 1, 最小区域: 500）建议：降低min_change_area或减小形态学核大小
2026-01-29 10:41:19 | DEBUG | image_detection:_calculate_background_subtraction:136 | 检测到前景 (2.739%)，暂停背景学习，避免前景被学习成背景
2026-01-29 10:41:19 | WARNING | image_detection:_calculate_background_subtraction:168 | ⚠️  过滤可能过于激进：原始前景 2.74% -> 处理后 0.074%（形态学操作: 1, 最小区域: 500）建议：降低min_change_area或减小形态学核大小
2026-01-29 10:41:19 | DEBUG | image_detection:_calculate_background_subtraction:136 | 检测到前景 (4.658%)，暂停背景学习，避免前景被学习成背景
2026-01-29 10:41:20 | DEBUG | image_detection:_calculate_background_subtraction:136 | 检测到前景 (2.035%)，暂停背景学习，避免前景被学习成背景
2026-01-29 10:41:20 | WARNING | image_detection:_calculate_background_subtraction:168 | ⚠️  过滤可能过于激进：原始前景 2.03% -> 处理后 0.094%（形态学操作: 1, 最小区域: 500）建议：降低min_change_area或减小形态学核大小
2026-01-29 10:41:20 | DEBUG | image_detection:_calculate_background_subtraction:136 | 检测到前景 (3.247%)，暂停背景学习，避免前景被学习成背景
2026-01-29 10:41:20 | DEBUG | image_detection:_calculate_background_subtraction:163 | 背景建模 - 原始: 67331/2073600 (3.247%), 处理后: 0/2073600 (0.000%)
2026-01-29 10:41:20 | WARNING | image_detection:_calculate_background_subtraction:168 | ⚠️  过滤可能过于激进：原始前景 3.25% -> 处理后 0.000%（形态学操作: 1, 最小区域: 500）建议：降低min_change_area或减小形态学核大小
2026-01-29 10:41:20 | DEBUG | image_detection:_calculate_background_subtraction:136 | 检测到前景 (2.524%)，暂停背景学习，避免前景被学习成背景
2026-01-29 10:41:20 | WARNING | image_detection:_calculate_background_subtraction:168 | ⚠️  过滤可能过于激进：原始前景 2.52% -> 处理后 0.098%（形态学操作: 1, 最小区域: 500）建议：降低min_change_area或减小形态学核大小
2026-01-29 10:41:20 | DEBUG | image_detection:_calculate_background_subtraction:136 | 检测到前景 (4.847%)，暂停背景学习，避免前景被学习成背景
2026-01-29 10:41:21 | DEBUG | image_detection:_calculate_background_subtraction:136 | 检测到前景 (3.244%)，暂停背景学习，避免前景被学习成背景
2026-01-29 10:41:21 | DEBUG | image_detection:_calculate_background_subtraction:163 | 背景建模 - 原始: 67270/2073600 (3.244%), 处理后: 0/2073600 (0.000%)
2026-01-29 10:41:21 | WARNING | image_detection:_calculate_background_subtraction:168 | ⚠️  过滤可能过于激进：原始前景 3.24% -> 处理后 0.000%（形态学操作: 1, 最小区域: 500）建议：降低min_change_area或减小形态学核大小
2026-01-29 10:41:21 | DEBUG | image_detection:_calculate_background_subtraction:136 | 检测到前景 (2.707%)，暂停背景学习，避免前景被学习成背景
2026-01-29 10:41:21 | WARNING | image_detection:_calculate_background_subtraction:168 | ⚠️  过滤可能过于激进：原始前景 2.71% -> 处理后 0.073%（形态学操作: 1, 最小区域: 500）建议：降低min_change_area或减小形态学核大小
2026-01-29 10:41:21 | DEBUG | image_detection:_calculate_background_subtraction:136 | 检测到前景 (4.553%)，暂停背景学习，避免前景被学习成背景
2026-01-29 10:41:22 | DEBUG | image_detection:_calculate_background_subtraction:136 | 检测到前景 (2.014%)，暂停背景学习，避免前景被学习成背景
2026-01-29 10:41:22 | DEBUG | image_detection:_calculate_background_subtraction:136 | 检测到前景 (3.328%)，暂停背景学习，避免前景被学习成背景
2026-01-29 10:41:22 | WARNING | image_detection:_calculate_background_subtraction:168 | ⚠️  过滤可能过于激进：原始前景 3.33% -> 处理后 0.000%（形态学操作: 1, 最小区域: 500）建议：降低min_change_area或减小形态学核大小
2026-01-29 10:41:22 | DEBUG | image_detection:_calculate_background_subtraction:136 | 检测到前景 (2.590%)，暂停背景学习，避免前景被学习成背景
2026-01-29 10:41:22 | WARNING | image_detection:_calculate_background_subtraction:168 | ⚠️  过滤可能过于激进：原始前景 2.59% -> 处理后 0.047%（形态学操作: 1, 最小区域: 500）建议：降低min_change_area或减小形态学核大小
2026-01-29 10:41:22 | DEBUG | image_detection:_calculate_background_subtraction:136 | 检测到前景 (4.868%)，暂停背景学习，避免前景被学习成背景
2026-01-29 10:41:23 | WARNING | image_detection:_calculate_background_subtraction:168 | ⚠️  过滤可能过于激进：原始前景 1.88% -> 处理后 0.000%（形态学操作: 1, 最小区域: 500）建议：降低min_change_area或减小形态学核大小
2026-01-29 10:41:23 | DEBUG | image_detection:_calculate_background_subtraction:136 | 检测到前景 (3.124%)，暂停背景学习，避免前景被学习成背景
2026-01-29 10:41:23 | WARNING | image_detection:_calculate_background_subtraction:168 | ⚠️  过滤可能过于激进：原始前景 3.12% -> 处理后 0.000%（形态学操作: 1, 最小区域: 500）建议：降低min_change_area或减小形态学核大小
2026-01-29 10:41:23 | DEBUG | image_detection:_calculate_background_subtraction:136 | 检测到前景 (2.697%)，暂停背景学习，避免前景被学习成背景
2026-01-29 10:41:23 | WARNING | image_detection:_calculate_background_subtraction:168 | ⚠️  过滤可能过于激进：原始前景 2.70% -> 处理后 0.073%（形态学操作: 1, 最小区域: 500）建议：降低min_change_area或减小形态学核大小
2026-01-29 10:41:23 | DEBUG | image_detection:_calculate_background_subtraction:136 | 检测到前景 (4.627%)，暂停背景学习，避免前景被学习成背景
2026-01-29 10:41:24 | WARNING | image_detection:_calculate_background_subtraction:168 | ⚠️  过滤可能过于激进：原始前景 2.00% -> 处理后 0.033%（形态学操作: 1, 最小区域: 500）建议：降低min_change_area或减小形态学核大小
2026-01-29 10:41:24 | DEBUG | image_detection:_calculate_background_subtraction:136 | 检测到前景 (3.137%)，暂停背景学习，避免前景被学习成背景
2026-01-29 10:41:24 | WARNING | image_detection:_calculate_background_subtraction:168 | ⚠️  过滤可能过于激进：原始前景 3.14% -> 处理后 0.000%（形态学操作: 1, 最小区域: 500）建议：降低min_change_area或减小形态学核大小
2026-01-29 10:41:24 | DEBUG | image_detection:_calculate_background_subtraction:136 | 检测到前景 (2.587%)，暂停背景学习，避免前景被学习成背景
2026-01-29 10:41:24 | WARNING | image_detection:_calculate_background_subtraction:168 | ⚠️  过滤可能过于激进：原始前景 2.59% -> 处理后 0.098%（形态学操作: 1, 最小区域: 500）建议：降低min_change_area或减小形态学核大小
2026-01-29 10:41:24 | DEBUG | image_detection:_calculate_background_subtraction:136 | 检测到前景 (4.908%)，暂停背景学习，避免前景被学习成背景
2026-01-29 10:41:25 | WARNING | image_detection:_calculate_background_subtraction:168 | ⚠️  过滤可能过于激进：原始前景 1.91% -> 处理后 0.000%（形态学操作: 1, 最小区域: 500）建议：降低min_change_area或减小形态学核大小
2026-01-29 10:41:25 | DEBUG | image_detection:_calculate_background_subtraction:136 | 检测到前景 (3.155%)，暂停背景学习，避免前景被学习成背景
2026-01-29 10:41:25 | WARNING | image_detection:_calculate_background_subtraction:168 | ⚠️  过滤可能过于激进：原始前景 3.16% -> 处理后 0.000%（形态学操作: 1, 最小区域: 500）建议：降低min_change_area或减小形态学核大小
2026-01-29 10:41:25 | DEBUG | image_detection:_calculate_background_subtraction:136 | 检测到前景 (2.773%)，暂停背景学习，避免前景被学习成背景
2026-01-29 10:41:25 | WARNING | image_detection:_calculate_background_subtraction:168 | ⚠️  过滤可能过于激进：原始前景 2.77% -> 处理后 0.073%（形态学操作: 1, 最小区域: 500）建议：降低min_change_area或减小形态学核大小
2026-01-29 10:41:25 | DEBUG | image_detection:_calculate_background_subtraction:136 | 检测到前景 (4.656%)，暂停背景学习，避免前景被学习成背景
2026-01-29 10:41:26 | DEBUG | image_detection:_calculate_background_subtraction:136 | 检测到前景 (2.038%)，暂停背景学习，避免前景被学习成背景
2026-01-29 10:41:26 | WARNING | image_detection:_calculate_background_subtraction:168 | ⚠️  过滤可能过于激进：原始前景 2.04% -> 处理后 0.052%（形态学操作: 1, 最小区域: 500）建议：降低min_change_area或减小形态学核大小
2026-01-29 10:41:26 | DEBUG | image_detection:_calculate_background_subtraction:136 | 检测到前景 (3.268%)，暂停背景学习，避免前景被学习成背景
2026-01-29 10:41:26 | DEBUG | image_detection:_calculate_background_subtraction:163 | 背景建模 - 原始: 67761/2073600 (3.268%), 处理后: 0/2073600 (0.000%)
2026-01-29 10:41:26 | WARNING | image_detection:_calculate_background_subtraction:168 | ⚠️  过滤可能过于激进：原始前景 3.27% -> 处理后 0.000%（形态学操作: 1, 最小区域: 500）建议：降低min_change_area或减小形态学核大小
2026-01-29 10:41:26 | DEBUG | image_detection:_calculate_background_subtraction:136 | 检测到前景 (2.649%)，暂停背景学习，避免前景被学习成背景
2026-01-29 10:41:26 | WARNING | image_detection:_calculate_background_subtraction:168 | ⚠️  过滤可能过于激进：原始前景 2.65% -> 处理后 0.098%（形态学操作: 1, 最小区域: 500）建议：降低min_change_area或减小形态学核大小
2026-01-29 10:41:26 | DEBUG | image_detection:_calculate_background_subtraction:136 | 检测到前景 (4.874%)，暂停背景学习，避免前景被学习成背景
2026-01-29 10:41:27 | WARNING | image_detection:_calculate_background_subtraction:168 | ⚠️  过滤可能过于激进：原始前景 1.95% -> 处理后 0.059%（形态学操作: 1, 最小区域: 500）建议：降低min_change_area或减小形态学核大小
2026-01-29 10:41:27 | DEBUG | image_detection:_calculate_background_subtraction:136 | 检测到前景 (3.293%)，暂停背景学习，避免前景被学习成背景
2026-01-29 10:41:27 | WARNING | image_detection:_calculate_background_subtraction:168 | ⚠️  过滤可能过于激进：原始前景 3.29% -> 处理后 0.000%（形态学操作: 1, 最小区域: 500）建议：降低min_change_area或减小形态学核大小
2026-01-29 10:41:27 | DEBUG | image_detection:_calculate_background_subtraction:136 | 检测到前景 (2.779%)，暂停背景学习，避免前景被学习成背景
2026-01-29 10:41:27 | WARNING | image_detection:_calculate_background_subtraction:168 | ⚠️  过滤可能过于激进：原始前景 2.78% -> 处理后 0.099%（形态学操作: 1, 最小区域: 500）建议：降低min_change_area或减小形态学核大小
2026-01-29 10:41:27 | DEBUG | image_detection:_calculate_background_subtraction:136 | 检测到前景 (4.745%)，暂停背景学习，避免前景被学习成背景
2026-01-29 10:41:28 | DEBUG | image_detection:_calculate_background_subtraction:136 | 检测到前景 (2.034%)，暂停背景学习，避免前景被学习成背景
2026-01-29 10:41:28 | WARNING | image_detection:_calculate_background_subtraction:168 | ⚠️  过滤可能过于激进：原始前景 2.03% -> 处理后 0.040%（形态学操作: 1, 最小区域: 500）建议：降低min_change_area或减小形态学核大小
2026-01-29 10:41:28 | DEBUG | image_detection:_calculate_background_subtraction:136 | 检测到前景 (3.192%)，暂停背景学习，避免前景被学习成背景
2026-01-29 10:41:28 | WARNING | image_detection:_calculate_background_subtraction:168 | ⚠️  过滤可能过于激进：原始前景 3.19% -> 处理后 0.000%（形态学操作: 1, 最小区域: 500）建议：降低min_change_area或减小形态学核大小
2026-01-29 10:41:28 | DEBUG | image_detection:_calculate_background_subtraction:136 | 检测到前景 (2.636%)，暂停背景学习，避免前景被学习成背景
2026-01-29 10:41:28 | WARNING | image_detection:_calculate_background_subtraction:168 | ⚠️  过滤可能过于激进：原始前景 2.64% -> 处理后 0.046%（形态学操作: 1, 最小区域: 500）建议：降低min_change_area或减小形态学核大小
2026-01-29 10:41:28 | DEBUG | image_detection:_calculate_background_subtraction:136 | 检测到前景 (4.913%)，暂停背景学习，避免前景被学习成背景
2026-01-29 10:41:29 | WARNING | image_detection:_calculate_background_subtraction:168 | ⚠️  过滤可能过于激进：原始前景 1.97% -> 处理后 0.000%（形态学操作: 1, 最小区域: 500）建议：降低min_change_area或减小形态学核大小
2026-01-29 10:41:29 | DEBUG | image_detection:_calculate_background_subtraction:136 | 检测到前景 (3.241%)，暂停背景学习，避免前景被学习成背景
2026-01-29 10:41:29 | WARNING | image_detection:_calculate_background_subtraction:168 | ⚠️  过滤可能过于激进：原始前景 3.24% -> 处理后 0.000%（形态学操作: 1, 最小区域: 500）建议：降低min_change_area或减小形态学核大小
2026-01-29 10:41:29 | DEBUG | image_detection:_calculate_background_subtraction:136 | 检测到前景 (2.821%)，暂停背景学习，避免前景被学习成背景
2026-01-29 10:41:29 | WARNING | image_detection:_calculate_background_subtraction:168 | ⚠️  过滤可能过于激进：原始前景 2.82% -> 处理后 0.072%（形态学操作: 1, 最小区域: 500）建议：降低min_change_area或减小形态学核大小
2026-01-29 10:41:29 | DEBUG | image_detection:_calculate_background_subtraction:136 | 检测到前景 (4.678%)，暂停背景学习，避免前景被学习成背景
2026-01-29 10:41:30 | DEBUG | image_detection:_calculate_background_subtraction:136 | 检测到前景 (2.163%)，暂停背景学习，避免前景被学习成背景
2026-01-29 10:41:30 | WARNING | image_detection:_calculate_background_subtraction:168 | ⚠️  过滤可能过于激进：原始前景 2.16% -> 处理后 0.000%（形态学操作: 1, 最小区域: 500）建议：降低min_change_area或减小形态学核大小
2026-01-29 10:41:30 | DEBUG | image_detection:_calculate_background_subtraction:136 | 检测到前景 (3.268%)，暂停背景学习，避免前景被学习成背景
2026-01-29 10:41:30 | WARNING | image_detection:_calculate_background_subtraction:168 | ⚠️  过滤可能过于激进：原始前景 3.27% -> 处理后 0.000%（形态学操作: 1, 最小区域: 500）建议：降低min_change_area或减小形态学核大小
2026-01-29 10:41:30 | DEBUG | image_detection:_calculate_background_subtraction:136 | 检测到前景 (2.713%)，暂停背景学习，避免前景被学习成背景
2026-01-29 10:41:30 | WARNING | image_detection:_calculate_background_subtraction:168 | ⚠️  过滤可能过于激进：原始前景 2.71% -> 处理后 0.068%（形态学操作: 1, 最小区域: 500）建议：降低min_change_area或减小形态学核大小
2026-01-29 10:41:30 | DEBUG | image_detection:_calculate_background_subtraction:136 | 检测到前景 (4.904%)，暂停背景学习，避免前景被学习成背景
2026-01-29 10:41:31 | WARNING | image_detection:_calculate_background_subtraction:168 | ⚠️  过滤可能过于激进：原始前景 1.98% -> 处理后 0.048%（形态学操作: 1, 最小区域: 500）建议：降低min_change_area或减小形态学核大小
2026-01-29 10:41:31 | DEBUG | image_detection:_calculate_background_subtraction:136 | 检测到前景 (3.254%)，暂停背景学习，避免前景被学习成背景
2026-01-29 10:41:31 | WARNING | image_detection:_calculate_background_subtraction:168 | ⚠️  过滤可能过于激进：原始前景 3.25% -> 处理后 0.000%（形态学操作: 1, 最小区域: 500）建议：降低min_change_area或减小形态学核大小
2026-01-29 10:41:31 | DEBUG | image_detection:_calculate_background_subtraction:136 | 检测到前景 (2.772%)，暂停背景学习，避免前景被学习成背景
2026-01-29 10:41:31 | WARNING | image_detection:_calculate_background_subtraction:168 | ⚠️  过滤可能过于激进：原始前景 2.77% -> 处理后 0.041%（形态学操作: 1, 最小区域: 500）建议：降低min_change_area或减小形态学核大小
2026-01-29 10:41:32 | DEBUG | image_detection:_calculate_background_subtraction:136 | 检测到前景 (5.115%)，暂停背景学习，避免前景被学习成背景
2026-01-29 10:41:32 | WARNING | image_detection:_calculate_background_subtraction:168 | ⚠️  过滤可能过于激进：原始前景 1.93% -> 处理后 0.067%（形态学操作: 1, 最小区域: 500）建议：降低min_change_area或减小形态学核大小
2026-01-29 10:41:32 | DEBUG | image_detection:_calculate_background_subtraction:136 | 检测到前景 (3.280%)，暂停背景学习，避免前景被学习成背景
2026-01-29 10:41:32 | WARNING | image_detection:_calculate_background_subtraction:168 | ⚠️  过滤可能过于激进：原始前景 3.28% -> 处理后 0.000%（形态学操作: 1, 最小区域: 500）建议：降低min_change_area或减小形态学核大小
2026-01-29 10:41:32 | DEBUG | image_detection:_calculate_background_subtraction:136 | 检测到前景 (2.696%)，暂停背景学习，避免前景被学习成背景
2026-01-29 10:41:32 | WARNING | image_detection:_calculate_background_subtraction:168 | ⚠️  过滤可能过于激进：原始前景 2.70% -> 处理后 0.096%（形态学操作: 1, 最小区域: 500）建议：降低min_change_area或减小形态学核大小
2026-01-29 10:41:33 | DEBUG | image_detection:_calculate_background_subtraction:136 | 检测到前景 (5.272%)，暂停背景学习，避免前景被学习成背景
2026-01-29 10:41:33 | WARNING | image_detection:_calculate_background_subtraction:168 | ⚠️  过滤可能过于激进：原始前景 1.99% -> 处理后 0.050%（形态学操作: 1, 最小区域: 500）建议：降低min_change_area或减小形态学核大小
2026-01-29 10:41:33 | DEBUG | image_detection:_calculate_background_subtraction:136 | 检测到前景 (4.431%)，暂停背景学习，避免前景被学习成背景
2026-01-29 10:41:33 | DEBUG | image_detection:_calculate_background_subtraction:163 | 背景建模 - 原始: 91886/2073600 (4.431%), 处理后: 0/2073600 (0.000%)
2026-01-29 10:41:33 | WARNING | image_detection:_calculate_background_subtraction:168 | ⚠️  过滤可能过于激进：原始前景 4.43% -> 处理后 0.000%（形态学操作: 1, 最小区域: 500）建议：降低min_change_area或减小形态学核大小
2026-01-29 10:41:33 | DEBUG | image_detection:_calculate_background_subtraction:136 | 检测到前景 (2.764%)，暂停背景学习，避免前景被学习成背景
2026-01-29 10:41:33 | WARNING | image_detection:_calculate_background_subtraction:168 | ⚠️  过滤可能过于激进：原始前景 2.76% -> 处理后 0.070%（形态学操作: 1, 最小区域: 500）建议：降低min_change_area或减小形态学核大小
2026-01-29 10:41:34 | DEBUG | image_detection:_calculate_background_subtraction:136 | 检测到前景 (5.091%)，暂停背景学习，避免前景被学习成背景
2026-01-29 10:41:34 | WARNING | image_detection:_calculate_background_subtraction:168 | ⚠️  过滤可能过于激进：原始前景 1.75% -> 处理后 0.028%（形态学操作: 1, 最小区域: 500）建议：降低min_change_area或减小形态学核大小
2026-01-29 10:41:34 | DEBUG | image_detection:_calculate_background_subtraction:136 | 检测到前景 (3.719%)，暂停背景学习，避免前景被学习成背景
2026-01-29 10:41:34 | WARNING | image_detection:_calculate_background_subtraction:168 | ⚠️  过滤可能过于激进：原始前景 3.72% -> 处理后 0.000%（形态学操作: 1, 最小区域: 500）建议：降低min_change_area或减小形态学核大小
2026-01-29 10:41:34 | DEBUG | image_detection:_calculate_background_subtraction:136 | 检测到前景 (2.680%)，暂停背景学习，避免前景被学习成背景
2026-01-29 10:41:34 | WARNING | image_detection:_calculate_background_subtraction:168 | ⚠️  过滤可能过于激进：原始前景 2.68% -> 处理后 0.094%（形态学操作: 1, 最小区域: 500）建议：降低min_change_area或减小形态学核大小
2026-01-29 10:41:35 | DEBUG | image_detection:_calculate_background_subtraction:136 | 检测到前景 (3.960%)，暂停背景学习，避免前景被学习成背景
2026-01-29 10:41:35 | INFO | input_shaper:_log_stats_periodically:217 | [一层室内较小库房摄像头1] InputShaper 统计 - 拉取: 752帧, 输出: 59帧, 丢弃: 0帧, 溢出: 0次, 空读: 0次, 重复: 0次, 缓冲区: 4/30
2026-01-29 10:41:35 | WARNING | image_detection:_calculate_background_subtraction:168 | ⚠️  过滤可能过于激进：原始前景 1.94% -> 处理后 0.000%（形态学操作: 1, 最小区域: 500）建议：降低min_change_area或减小形态学核大小
2026-01-29 10:41:35 | DEBUG | image_detection:_calculate_background_subtraction:136 | 检测到前景 (4.307%)，暂停背景学习，避免前景被学习成背景
2026-01-29 10:41:35 | WARNING | image_detection:_calculate_background_subtraction:168 | ⚠️  过滤可能过于激进：原始前景 4.31% -> 处理后 0.000%（形态学操作: 1, 最小区域: 500）建议：降低min_change_area或减小形态学核大小
2026-01-29 10:41:35 | DEBUG | image_detection:_calculate_background_subtraction:136 | 检测到前景 (2.869%)，暂停背景学习，避免前景被学习成背景
2026-01-29 10:41:35 | WARNING | image_detection:_calculate_background_subtraction:168 | ⚠️  过滤可能过于激进：原始前景 2.87% -> 处理后 0.066%（形态学操作: 1, 最小区域: 500）建议：降低min_change_area或减小形态学核大小
2026-01-29 10:41:36 | DEBUG | image_detection:_calculate_background_subtraction:136 | 检测到前景 (4.886%)，暂停背景学习，避免前景被学习成背景
2026-01-29 10:41:36 | WARNING | image_detection:_calculate_background_subtraction:168 | ⚠️  过滤可能过于激进：原始前景 1.78% -> 处理后 0.000%（形态学操作: 1, 最小区域: 500）建议：降低min_change_area或减小形态学核大小
2026-01-29 10:41:36 | INFO | input_shaper:_log_stats_periodically:217 | [一层贵重物品区摄像头1] InputShaper 统计 - 拉取: 752帧, 输出: 59帧, 丢弃: 0帧, 溢出: 0次, 空读: 0次, 重复: 0次, 缓冲区: 2/30
2026-01-29 10:41:36 | DEBUG | image_detection:_calculate_background_subtraction:136 | 检测到前景 (3.594%)，暂停背景学习，避免前景被学习成背景
2026-01-29 10:41:36 | WARNING | image_detection:_calculate_background_subtraction:168 | ⚠️  过滤可能过于激进：原始前景 3.59% -> 处理后 0.000%（形态学操作: 1, 最小区域: 500）建议：降低min_change_area或减小形态学核大小
2026-01-29 10:41:36 | DEBUG | image_detection:_calculate_background_subtraction:136 | 检测到前景 (2.786%)，暂停背景学习，避免前景被学习成背景
2026-01-29 10:41:36 | WARNING | image_detection:_calculate_background_subtraction:168 | ⚠️  过滤可能过于激进：原始前景 2.79% -> 处理后 0.094%（形态学操作: 1, 最小区域: 500）建议：降低min_change_area或减小形态学核大小
2026-01-29 10:41:37 | DEBUG | image_detection:_calculate_background_subtraction:136 | 检测到前景 (4.160%)，暂停背景学习，避免前景被学习成背景
2026-01-29 10:41:37 | WARNING | image_detection:_calculate_background_subtraction:168 | ⚠️  过滤可能过于激进：原始前景 1.96% -> 处理后 0.000%（形态学操作: 1, 最小区域: 500）建议：降低min_change_area或减小形态学核大小
2026-01-29 10:41:37 | DEBUG | image_detection:_calculate_background_subtraction:136 | 检测到前景 (4.174%)，暂停背景学习，避免前景被学习成背景
2026-01-29 10:41:37 | WARNING | image_detection:_calculate_background_subtraction:168 | ⚠️  过滤可能过于激进：原始前景 4.17% -> 处理后 0.000%（形态学操作: 1, 最小区域: 500）建议：降低min_change_area或减小形态学核大小
2026-01-29 10:41:37 | DEBUG | image_detection:_calculate_background_subtraction:136 | 检测到前景 (2.486%)，暂停背景学习，避免前景被学习成背景
2026-01-29 10:41:37 | WARNING | image_detection:_calculate_background_subtraction:168 | ⚠️  过滤可能过于激进：原始前景 2.49% -> 处理后 0.038%（形态学操作: 1, 最小区域: 500）建议：降低min_change_area或减小形态学核大小
2026-01-29 10:41:37 | INFO | input_shaper:_log_stats_periodically:217 | [一层室外大件物品区摄像头1] InputShaper 统计 - 拉取: 750帧, 输出: 58帧, 丢弃: 0帧, 溢出: 0次, 空读: 0次, 重复: 0次, 缓冲区: 12/30
2026-01-29 10:41:38 | DEBUG | image_detection:_calculate_background_subtraction:136 | 检测到前景 (5.034%)，暂停背景学习，避免前景被学习成背景
2026-01-29 10:41:38 | WARNING | image_detection:_calculate_background_subtraction:168 | ⚠️  过滤可能过于激进：原始前景 1.81% -> 处理后 0.063%（形态学操作: 1, 最小区域: 500）建议：降低min_change_area或减小形态学核大小
2026-01-29 10:41:38 | DEBUG | image_detection:_calculate_background_subtraction:136 | 检测到前景 (3.688%)，暂停背景学习，避免前景被学习成背景
2026-01-29 10:41:38 | WARNING | image_detection:_calculate_background_subtraction:168 | ⚠️  过滤可能过于激进：原始前景 3.69% -> 处理后 0.000%（形态学操作: 1, 最小区域: 500）建议：降低min_change_area或减小形态学核大小
2026-01-29 10:41:38 | DEBUG | image_detection:_calculate_background_subtraction:136 | 检测到前景 (2.816%)，暂停背景学习，避免前景被学习成背景
2026-01-29 10:41:38 | WARNING | image_detection:_calculate_background_subtraction:168 | ⚠️  过滤可能过于激进：原始前景 2.82% -> 处理后 0.068%（形态学操作: 1, 最小区域: 500）建议：降低min_change_area或减小形态学核大小
2026-01-29 10:41:39 | ERROR | camera_monitor:_connect_rtsp:498 | RTSP连接失败
2026-01-29 10:41:39 | WARNING | camera_monitor:_monitor_loop:212 | 摄像头 一层贵重物品区摄像头1 连接失败，5秒后重试 (尝试 2/3)
2026-01-29 10:41:39 | DEBUG | image_detection:_calculate_background_subtraction:136 | 检测到前景 (4.098%)，暂停背景学习，避免前景被学习成背景
2026-01-29 10:41:39 | INFO | input_shaper:_log_stats_periodically:217 | [一层恒温大件物品区摄像头1] InputShaper 统计 - 拉取: 751帧, 输出: 58帧, 丢弃: 0帧, 溢出: 0次, 空读: 0次, 重复: 0次, 缓冲区: 10/30
2026-01-29 10:41:39 | DEBUG | image_detection:_calculate_background_subtraction:136 | 检测到前景 (2.095%)，暂停背景学习，避免前景被学习成背景
2026-01-29 10:41:39 | WARNING | image_detection:_calculate_background_subtraction:168 | ⚠️  过滤可能过于激进：原始前景 2.10% -> 处理后 0.064%（形态学操作: 1, 最小区域: 500）建议：降低min_change_area或减小形态学核大小
2026-01-29 10:41:39 | DEBUG | image_detection:_calculate_background_subtraction:136 | 检测到前景 (3.898%)，暂停背景学习，避免前景被学习成背景
2026-01-29 10:41:39 | WARNING | image_detection:_calculate_background_subtraction:168 | ⚠️  过滤可能过于激进：原始前景 3.90% -> 处理后 0.000%（形态学操作: 1, 最小区域: 500）建议：降低min_change_area或减小形态学核大小
2026-01-29 10:41:39 | DEBUG | image_detection:_calculate_background_subtraction:136 | 检测到前景 (2.333%)，暂停背景学习，避免前景被学习成背景
2026-01-29 10:41:40 | DEBUG | image_detection:_calculate_background_subtraction:136 | 检测到前景 (5.090%)，暂停背景学习，避免前景被学习成背景
2026-01-29 10:41:40 | WARNING | image_detection:_calculate_background_subtraction:168 | ⚠️  过滤可能过于激进：原始前景 1.85% -> 处理后 0.073%（形态学操作: 1, 最小区域: 500）建议：降低min_change_area或减小形态学核大小
2026-01-29 10:41:40 | DEBUG | image_detection:_calculate_background_subtraction:136 | 检测到前景 (3.544%)，暂停背景学习，避免前景被学习成背景
2026-01-29 10:41:40 | WARNING | image_detection:_calculate_background_subtraction:168 | ⚠️  过滤可能过于激进：原始前景 3.54% -> 处理后 0.000%（形态学操作: 1, 最小区域: 500）建议：降低min_change_area或减小形态学核大小
2026-01-29 10:41:40 | DEBUG | image_detection:_calculate_background_subtraction:136 | 检测到前景 (2.957%)，暂停背景学习，避免前景被学习成背景
2026-01-29 10:41:40 | WARNING | image_detection:_calculate_background_subtraction:168 | ⚠️  过滤可能过于激进：原始前景 2.96% -> 处理后 0.085%（形态学操作: 1, 最小区域: 500）建议：降低min_change_area或减小形态学核大小
2026-01-29 10:41:41 | DEBUG | image_detection:_calculate_background_subtraction:136 | 检测到前景 (4.187%)，暂停背景学习，避免前景被学习成背景
2026-01-29 10:41:41 | DEBUG | image_detection:_calculate_background_subtraction:136 | 检测到前景 (2.034%)，暂停背景学习，避免前景被学习成背景
2026-01-29 10:41:41 | WARNING | image_detection:_calculate_background_subtraction:168 | ⚠️  过滤可能过于激进：原始前景 2.03% -> 处理后 0.068%（形态学操作: 1, 最小区域: 500）建议：降低min_change_area或减小形态学核大小
2026-01-29 10:41:41 | DEBUG | image_detection:_calculate_background_subtraction:136 | 检测到前景 (3.945%)，暂停背景学习，避免前景被学习成背景
2026-01-29 10:41:41 | WARNING | image_detection:_calculate_background_subtraction:168 | ⚠️  过滤可能过于激进：原始前景 3.94% -> 处理后 0.000%（形态学操作: 1, 最小区域: 500）建议：降低min_change_area或减小形态学核大小
2026-01-29 10:41:41 | DEBUG | image_detection:_calculate_background_subtraction:136 | 检测到前景 (2.454%)，暂停背景学习，避免前景被学习成背景
2026-01-29 10:41:42 | DEBUG | image_detection:_calculate_background_subtraction:136 | 检测到前景 (5.026%)，暂停背景学习，避免前景被学习成背景
2026-01-29 10:41:42 | WARNING | image_detection:_calculate_background_subtraction:168 | ⚠️  过滤可能过于激进：原始前景 1.84% -> 处理后 0.067%（形态学操作: 1, 最小区域: 500）建议：降低min_change_area或减小形态学核大小
2026-01-29 10:41:42 | DEBUG | image_detection:_calculate_background_subtraction:136 | 检测到前景 (3.645%)，暂停背景学习，避免前景被学习成背景
2026-01-29 10:41:42 | WARNING | image_detection:_calculate_background_subtraction:168 | ⚠️  过滤可能过于激进：原始前景 3.65% -> 处理后 0.000%（形态学操作: 1, 最小区域: 500）建议：降低min_change_area或减小形态学核大小
2026-01-29 10:41:42 | DEBUG | image_detection:_calculate_background_subtraction:136 | 检测到前景 (3.008%)，暂停背景学习，避免前景被学习成背景
2026-01-29 10:41:42 | WARNING | image_detection:_calculate_background_subtraction:168 | ⚠️  过滤可能过于激进：原始前景 3.01% -> 处理后 0.087%（形态学操作: 1, 最小区域: 500）建议：降低min_change_area或减小形态学核大小
2026-01-29 10:41:43 | DEBUG | image_detection:_calculate_background_subtraction:136 | 检测到前景 (4.334%)，暂停背景学习，避免前景被学习成背景
2026-01-29 10:41:43 | DEBUG | image_detection:_calculate_background_subtraction:136 | 检测到前景 (2.009%)，暂停背景学习，避免前景被学习成背景
2026-01-29 10:41:43 | WARNING | image_detection:_calculate_background_subtraction:168 | ⚠️  过滤可能过于激进：原始前景 2.01% -> 处理后 0.045%（形态学操作: 1, 最小区域: 500）建议：降低min_change_area或减小形态学核大小
2026-01-29 10:41:43 | DEBUG | image_detection:_calculate_background_subtraction:136 | 检测到前景 (3.820%)，暂停背景学习，避免前景被学习成背景
2026-01-29 10:41:43 | WARNING | image_detection:_calculate_background_subtraction:168 | ⚠️  过滤可能过于激进：原始前景 3.82% -> 处理后 0.000%（形态学操作: 1, 最小区域: 500）建议：降低min_change_area或减小形态学核大小
2026-01-29 10:41:44 | DEBUG | image_detection:_calculate_background_subtraction:136 | 检测到前景 (2.403%)，暂停背景学习，避免前景被学习成背景
2026-01-29 10:41:44 | INFO | camera_monitor:_connect_rtsp:447 | 正在连接RTSP流: rtsp://admin:khjy%40321@192.168.100.110:554/cam/realmonitor?channel=1&subtype=1
2026-01-29 10:41:44 | DEBUG | image_detection:_calculate_background_subtraction:136 | 检测到前景 (5.056%)，暂停背景学习，避免前景被学习成背景
2026-01-29 10:41:44 | WARNING | image_detection:_calculate_background_subtraction:168 | ⚠️  过滤可能过于激进：原始前景 1.87% -> 处理后 0.065%（形态学操作: 1, 最小区域: 500）建议：降低min_change_area或减小形态学核大小
2026-01-29 10:41:44 | DEBUG | image_detection:_calculate_background_subtraction:136 | 检测到前景 (3.813%)，暂停背景学习，避免前景被学习成背景
2026-01-29 10:41:44 | WARNING | image_detection:_calculate_background_subtraction:168 | ⚠️  过滤可能过于激进：原始前景 3.81% -> 处理后 0.000%（形态学操作: 1, 最小区域: 500）建议：降低min_change_area或减小形态学核大小
2026-01-29 10:41:45 | DEBUG | image_detection:_calculate_background_subtraction:136 | 检测到前景 (2.905%)，暂停背景学习，避免前景被学习成背景
2026-01-29 10:41:45 | DEBUG | image_detection:_calculate_background_subtraction:136 | 检测到前景 (4.516%)，暂停背景学习，避免前景被学习成背景
2026-01-29 10:41:45 | DEBUG | image_detection:_calculate_background_subtraction:136 | 检测到前景 (2.033%)，暂停背景学习，避免前景被学习成背景
2026-01-29 10:41:45 | WARNING | image_detection:_calculate_background_subtraction:168 | ⚠️  过滤可能过于激进：原始前景 2.03% -> 处理后 0.039%（形态学操作: 1, 最小区域: 500）建议：降低min_change_area或减小形态学核大小
2026-01-29 10:41:45 | DEBUG | image_detection:_calculate_background_subtraction:136 | 检测到前景 (4.122%)，暂停背景学习，避免前景被学习成背景
2026-01-29 10:41:45 | WARNING | image_detection:_calculate_background_subtraction:168 | ⚠️  过滤可能过于激进：原始前景 4.12% -> 处理后 0.000%（形态学操作: 1, 最小区域: 500）建议：降低min_change_area或减小形态学核大小
2026-01-29 10:41:46 | DEBUG | image_detection:_calculate_background_subtraction:136 | 检测到前景 (2.548%)，暂停背景学习，避免前景被学习成背景
2026-01-29 10:41:46 | WARNING | image_detection:_calculate_background_subtraction:168 | ⚠️  过滤可能过于激进：原始前景 2.55% -> 处理后 0.096%（形态学操作: 1, 最小区域: 500）建议：降低min_change_area或减小形态学核大小
2026-01-29 10:41:46 | DEBUG | image_detection:_calculate_background_subtraction:136 | 检测到前景 (5.167%)，暂停背景学习，避免前景被学习成背景
2026-01-29 10:41:46 | WARNING | image_detection:_calculate_background_subtraction:168 | ⚠️  过滤可能过于激进：原始前景 1.86% -> 处理后 0.056%（形态学操作: 1, 最小区域: 500）建议：降低min_change_area或减小形态学核大小
2026-01-29 10:41:46 | DEBUG | image_detection:_calculate_background_subtraction:136 | 检测到前景 (3.806%)，暂停背景学习，避免前景被学习成背景
2026-01-29 10:41:47 | WARNING | image_detection:_calculate_background_subtraction:168 | ⚠️  过滤可能过于激进：原始前景 3.81% -> 处理后 0.000%（形态学操作: 1, 最小区域: 500）建议：降低min_change_area或减小形态学核大小
2026-01-29 10:41:47 | DEBUG | image_detection:_calculate_background_subtraction:136 | 检测到前景 (3.038%)，暂停背景学习，避免前景被学习成背景
2026-01-29 10:41:47 | DEBUG | image_detection:_calculate_background_subtraction:136 | 检测到前景 (4.478%)，暂停背景学习，避免前景被学习成背景
2026-01-29 10:41:47 | DEBUG | image_detection:_calculate_background_subtraction:136 | 检测到前景 (2.016%)，暂停背景学习，避免前景被学习成背景
2026-01-29 10:41:47 | WARNING | image_detection:_calculate_background_subtraction:168 | ⚠️  过滤可能过于激进：原始前景 2.02% -> 处理后 0.053%（形态学操作: 1, 最小区域: 500）建议：降低min_change_area或减小形态学核大小
2026-01-29 10:41:48 | DEBUG | image_detection:_calculate_background_subtraction:136 | 检测到前景 (3.949%)，暂停背景学习，避免前景被学习成背景
2026-01-29 10:41:48 | WARNING | image_detection:_calculate_background_subtraction:168 | ⚠️  过滤可能过于激进：原始前景 3.95% -> 处理后 0.000%（形态学操作: 1, 最小区域: 500）建议：降低min_change_area或减小形态学核大小
2026-01-29 10:41:48 | DEBUG | image_detection:_calculate_background_subtraction:136 | 检测到前景 (2.600%)，暂停背景学习，避免前景被学习成背景
2026-01-29 10:41:48 | WARNING | image_detection:_calculate_background_subtraction:168 | ⚠️  过滤可能过于激进：原始前景 2.60% -> 处理后 0.089%（形态学操作: 1, 最小区域: 500）建议：降低min_change_area或减小形态学核大小
2026-01-29 10:41:48 | DEBUG | image_detection:_calculate_background_subtraction:136 | 检测到前景 (5.050%)，暂停背景学习，避免前景被学习成背景
2026-01-29 10:41:48 | WARNING | image_detection:_calculate_background_subtraction:168 | ⚠️  过滤可能过于激进：原始前景 1.87% -> 处理后 0.056%（形态学操作: 1, 最小区域: 500）建议：降低min_change_area或减小形态学核大小
2026-01-29 10:41:49 | DEBUG | image_detection:_calculate_background_subtraction:136 | 检测到前景 (3.886%)，暂停背景学习，避免前景被学习成背景
2026-01-29 10:41:49 | WARNING | image_detection:_calculate_background_subtraction:168 | ⚠️  过滤可能过于激进：原始前景 3.89% -> 处理后 0.000%（形态学操作: 1, 最小区域: 500）建议：降低min_change_area或减小形态学核大小
2026-01-29 10:41:49 | DEBUG | image_detection:_calculate_background_subtraction:136 | 检测到前景 (3.067%)，暂停背景学习，避免前景被学习成背景
2026-01-29 10:41:49 | WARNING | image_detection:_calculate_background_subtraction:168 | ⚠️  过滤可能过于激进：原始前景 3.07% -> 处理后 0.087%（形态学操作: 1, 最小区域: 500）建议：降低min_change_area或减小形态学核大小
2026-01-29 10:41:49 | DEBUG | image_detection:_calculate_background_subtraction:136 | 检测到前景 (4.594%)，暂停背景学习，避免前景被学习成背景
2026-01-29 10:41:49 | DEBUG | image_detection:_calculate_background_subtraction:136 | 检测到前景 (2.024%)，暂停背景学习，避免前景被学习成背景
2026-01-29 10:41:49 | WARNING | image_detection:_calculate_background_subtraction:168 | ⚠️  过滤可能过于激进：原始前景 2.02% -> 处理后 0.035%（形态学操作: 1, 最小区域: 500）建议：降低min_change_area或减小形态学核大小
2026-01-29 10:41:50 | DEBUG | image_detection:_calculate_background_subtraction:136 | 检测到前景 (4.172%)，暂停背景学习，避免前景被学习成背景
2026-01-29 10:41:50 | DEBUG | image_detection:_calculate_background_subtraction:163 | 背景建模 - 原始: 86506/2073600 (4.172%), 处理后: 0/2073600 (0.000%)
2026-01-29 10:41:50 | WARNING | image_detection:_calculate_background_subtraction:168 | ⚠️  过滤可能过于激进：原始前景 4.17% -> 处理后 0.000%（形态学操作: 1, 最小区域: 500）建议：降低min_change_area或减小形态学核大小
2026-01-29 10:41:50 | DEBUG | image_detection:_calculate_background_subtraction:136 | 检测到前景 (2.626%)，暂停背景学习，避免前景被学习成背景
2026-01-29 10:41:50 | WARNING | image_detection:_calculate_background_subtraction:168 | ⚠️  过滤可能过于激进：原始前景 2.63% -> 处理后 0.064%（形态学操作: 1, 最小区域: 500）建议：降低min_change_area或减小形态学核大小
2026-01-29 10:41:50 | DEBUG | image_detection:_calculate_background_subtraction:136 | 检测到前景 (4.880%)，暂停背景学习，避免前景被学习成背景
2026-01-29 10:41:50 | WARNING | image_detection:_calculate_background_subtraction:168 | ⚠️  过滤可能过于激进：原始前景 1.88% -> 处理后 0.053%（形态学操作: 1, 最小区域: 500）建议：降低min_change_area或减小形态学核大小
2026-01-29 10:41:51 | DEBUG | image_detection:_calculate_background_subtraction:136 | 检测到前景 (4.079%)，暂停背景学习，避免前景被学习成背景
2026-01-29 10:41:51 | WARNING | image_detection:_calculate_background_subtraction:168 | ⚠️  过滤可能过于激进：原始前景 4.08% -> 处理后 0.000%（形态学操作: 1, 最小区域: 500）建议：降低min_change_area或减小形态学核大小
2026-01-29 10:41:51 | DEBUG | image_detection:_calculate_background_subtraction:136 | 检测到前景 (4.546%)，暂停背景学习，避免前景被学习成背景
2026-01-29 10:41:51 | DEBUG | image_detection:_calculate_background_subtraction:136 | 检测到前景 (3.044%)，暂停背景学习，避免前景被学习成背景
2026-01-29 10:41:51 | WARNING | image_detection:_calculate_background_subtraction:168 | ⚠️  过滤可能过于激进：原始前景 3.04% -> 处理后 0.054%（形态学操作: 1, 最小区域: 500）建议：降低min_change_area或减小形态学核大小
2026-01-29 10:41:51 | DEBUG | image_detection:_calculate_background_subtraction:136 | 检测到前景 (2.004%)，暂停背景学习，避免前景被学习成背景
2026-01-29 10:41:51 | WARNING | image_detection:_calculate_background_subtraction:168 | ⚠️  过滤可能过于激进：原始前景 2.00% -> 处理后 0.056%（形态学操作: 1, 最小区域: 500）建议：降低min_change_area或减小形态学核大小
2026-01-29 10:41:52 | DEBUG | image_detection:_calculate_background_subtraction:136 | 检测到前景 (4.194%)，暂停背景学习，避免前景被学习成背景
2026-01-29 10:41:52 | WARNING | image_detection:_calculate_background_subtraction:168 | ⚠️  过滤可能过于激进：原始前景 4.19% -> 处理后 0.000%（形态学操作: 1, 最小区域: 500）建议：降低min_change_area或减小形态学核大小
2026-01-29 10:41:52 | DEBUG | image_detection:_calculate_background_subtraction:136 | 检测到前景 (4.993%)，暂停背景学习，避免前景被学习成背景
2026-01-29 10:41:52 | DEBUG | image_detection:_calculate_background_subtraction:136 | 检测到前景 (2.921%)，暂停背景学习，避免前景被学习成背景
2026-01-29 10:41:52 | WARNING | image_detection:_calculate_background_subtraction:168 | ⚠️  过滤可能过于激进：原始前景 2.92% -> 处理后 0.078%（形态学操作: 1, 最小区域: 500）建议：降低min_change_area或减小形态学核大小
2026-01-29 10:41:52 | WARNING | image_detection:_calculate_background_subtraction:168 | ⚠️  过滤可能过于激进：原始前景 1.91% -> 处理后 0.055%（形态学操作: 1, 最小区域: 500）建议：降低min_change_area或减小形态学核大小
2026-01-29 10:41:53 | DEBUG | image_detection:_calculate_background_subtraction:136 | 检测到前景 (3.717%)，暂停背景学习，避免前景被学习成背景
2026-01-29 10:41:53 | WARNING | image_detection:_calculate_background_subtraction:168 | ⚠️  过滤可能过于激进：原始前景 3.72% -> 处理后 0.000%（形态学操作: 1, 最小区域: 500）建议：降低min_change_area或减小形态学核大小
2026-01-29 10:41:53 | DEBUG | image_detection:_calculate_background_subtraction:136 | 检测到前景 (4.532%)，暂停背景学习，避免前景被学习成背景
2026-01-29 10:41:53 | DEBUG | image_detection:_calculate_background_subtraction:136 | 检测到前景 (3.030%)，暂停背景学习，避免前景被学习成背景
2026-01-29 10:41:53 | WARNING | image_detection:_calculate_background_subtraction:168 | ⚠️  过滤可能过于激进：原始前景 3.03% -> 处理后 0.080%（形态学操作: 1, 最小区域: 500）建议：降低min_change_area或减小形态学核大小
2026-01-29 10:41:53 | DEBUG | image_detection:_calculate_background_subtraction:136 | 检测到前景 (2.059%)，暂停背景学习，避免前景被学习成背景
2026-01-29 10:41:53 | WARNING | image_detection:_calculate_background_subtraction:168 | ⚠️  过滤可能过于激进：原始前景 2.06% -> 处理后 0.031%（形态学操作: 1, 最小区域: 500）建议：降低min_change_area或减小形态学核大小
2026-01-29 10:41:54 | DEBUG | image_detection:_calculate_background_subtraction:136 | 检测到前景 (3.758%)，暂停背景学习，避免前景被学习成背景
2026-01-29 10:41:54 | WARNING | image_detection:_calculate_background_subtraction:168 | ⚠️  过滤可能过于激进：原始前景 3.76% -> 处理后 0.000%（形态学操作: 1, 最小区域: 500）建议：降低min_change_area或减小形态学核大小
2026-01-29 10:41:54 | DEBUG | image_detection:_calculate_background_subtraction:136 | 检测到前景 (4.984%)，暂停背景学习，避免前景被学习成背景
2026-01-29 10:41:54 | DEBUG | image_detection:_calculate_background_subtraction:136 | 检测到前景 (2.974%)，暂停背景学习，避免前景被学习成背景
2026-01-29 10:41:54 | WARNING | image_detection:_calculate_background_subtraction:168 | ⚠️  过滤可能过于激进：原始前景 2.97% -> 处理后 0.051%（形态学操作: 1, 最小区域: 500）建议：降低min_change_area或减小形态学核大小
2026-01-29 10:41:54 | WARNING | image_detection:_calculate_background_subtraction:168 | ⚠️  过滤可能过于激进：原始前景 1.93% -> 处理后 0.057%（形态学操作: 1, 最小区域: 500）建议：降低min_change_area或减小形态学核大小
2026-01-29 10:41:55 | DEBUG | image_detection:_calculate_background_subtraction:136 | 检测到前景 (3.875%)，暂停背景学习，避免前景被学习成背景
2026-01-29 10:41:55 | WARNING | image_detection:_calculate_background_subtraction:168 | ⚠️  过滤可能过于激进：原始前景 3.88% -> 处理后 0.000%（形态学操作: 1, 最小区域: 500）建议：降低min_change_area或减小形态学核大小
2026-01-29 10:41:55 | DEBUG | image_detection:_calculate_background_subtraction:136 | 检测到前景 (4.672%)，暂停背景学习，避免前景被学习成背景
2026-01-29 10:41:55 | DEBUG | image_detection:_calculate_background_subtraction:136 | 检测到前景 (3.135%)，暂停背景学习，避免前景被学习成背景
2026-01-29 10:41:55 | WARNING | image_detection:_calculate_background_subtraction:168 | ⚠️  过滤可能过于激进：原始前景 3.13% -> 处理后 0.079%（形态学操作: 1, 最小区域: 500）建议：降低min_change_area或减小形态学核大小
2026-01-29 10:41:55 | DEBUG | image_detection:_calculate_background_subtraction:136 | 检测到前景 (2.007%)，暂停背景学习，避免前景被学习成背景
2026-01-29 10:41:55 | WARNING | image_detection:_calculate_background_subtraction:168 | ⚠️  过滤可能过于激进：原始前景 2.01% -> 处理后 0.000%（形态学操作: 1, 最小区域: 500）建议：降低min_change_area或减小形态学核大小
2026-01-29 10:41:56 | DEBUG | image_detection:_calculate_background_subtraction:136 | 检测到前景 (3.936%)，暂停背景学习，避免前景被学习成背景
2026-01-29 10:41:56 | DEBUG | image_detection:_calculate_background_subtraction:163 | 背景建模 - 原始: 81618/2073600 (3.936%), 处理后: 0/2073600 (0.000%)
2026-01-29 10:41:56 | WARNING | image_detection:_calculate_background_subtraction:168 | ⚠️  过滤可能过于激进：原始前景 3.94% -> 处理后 0.000%（形态学操作: 1, 最小区域: 500）建议：降低min_change_area或减小形态学核大小
2026-01-29 10:41:56 | DEBUG | image_detection:_calculate_background_subtraction:136 | 检测到前景 (5.093%)，暂停背景学习，避免前景被学习成背景
2026-01-29 10:41:56 | DEBUG | image_detection:_calculate_background_subtraction:136 | 检测到前景 (3.064%)，暂停背景学习，避免前景被学习成背景
2026-01-29 10:41:56 | WARNING | image_detection:_calculate_background_subtraction:168 | ⚠️  过滤可能过于激进：原始前景 3.06% -> 处理后 0.078%（形态学操作: 1, 最小区域: 500）建议：降低min_change_area或减小形态学核大小
2026-01-29 10:41:57 | WARNING | image_detection:_calculate_background_subtraction:168 | ⚠️  过滤可能过于激进：原始前景 1.88% -> 处理后 0.000%（形态学操作: 1, 最小区域: 500）建议：降低min_change_area或减小形态学核大小
2026-01-29 10:41:57 | DEBUG | image_detection:_calculate_background_subtraction:136 | 检测到前景 (3.749%)，暂停背景学习，避免前景被学习成背景
2026-01-29 10:41:57 | DEBUG | image_detection:_calculate_background_subtraction:163 | 背景建模 - 原始: 77731/2073600 (3.749%), 处理后: 0/2073600 (0.000%)
2026-01-29 10:41:57 | WARNING | image_detection:_calculate_background_subtraction:168 | ⚠️  过滤可能过于激进：原始前景 3.75% -> 处理后 0.000%（形态学操作: 1, 最小区域: 500）建议：降低min_change_area或减小形态学核大小
2026-01-29 10:41:57 | DEBUG | image_detection:_calculate_background_subtraction:136 | 检测到前景 (4.775%)，暂停背景学习，避免前景被学习成背景
2026-01-29 10:41:57 | DEBUG | image_detection:_calculate_background_subtraction:136 | 检测到前景 (3.141%)，暂停背景学习，避免前景被学习成背景
2026-01-29 10:41:57 | WARNING | image_detection:_calculate_background_subtraction:168 | ⚠️  过滤可能过于激进：原始前景 3.14% -> 处理后 0.080%（形态学操作: 1, 最小区域: 500）建议：降低min_change_area或减小形态学核大小
2026-01-29 10:41:58 | WARNING | image_detection:_calculate_background_subtraction:168 | ⚠️  过滤可能过于激进：原始前景 1.97% -> 处理后 0.000%（形态学操作: 1, 最小区域: 500）建议：降低min_change_area或减小形态学核大小
2026-01-29 10:41:58 | DEBUG | image_detection:_calculate_background_subtraction:136 | 检测到前景 (4.024%)，暂停背景学习，避免前景被学习成背景
2026-01-29 10:41:58 | DEBUG | image_detection:_calculate_background_subtraction:163 | 背景建模 - 原始: 83447/2073600 (4.024%), 处理后: 0/2073600 (0.000%)
2026-01-29 10:41:58 | WARNING | image_detection:_calculate_background_subtraction:168 | ⚠️  过滤可能过于激进：原始前景 4.02% -> 处理后 0.000%（形态学操作: 1, 最小区域: 500）建议：降低min_change_area或减小形态学核大小
2026-01-29 10:41:58 | DEBUG | image_detection:_calculate_background_subtraction:136 | 检测到前景 (5.201%)，暂停背景学习，避免前景被学习成背景
2026-01-29 10:41:58 | DEBUG | image_detection:_calculate_background_subtraction:136 | 检测到前景 (3.019%)，暂停背景学习，避免前景被学习成背景
2026-01-29 10:41:58 | WARNING | image_detection:_calculate_background_subtraction:168 | ⚠️  过滤可能过于激进：原始前景 3.02% -> 处理后 0.076%（形态学操作: 1, 最小区域: 500）建议：降低min_change_area或减小形态学核大小
2026-01-29 10:41:59 | WARNING | image_detection:_calculate_background_subtraction:168 | ⚠️  过滤可能过于激进：原始前景 1.86% -> 处理后 0.000%（形态学操作: 1, 最小区域: 500）建议：降低min_change_area或减小形态学核大小
2026-01-29 10:41:59 | DEBUG | image_detection:_calculate_background_subtraction:136 | 检测到前景 (3.684%)，暂停背景学习，避免前景被学习成背景
2026-01-29 10:41:59 | WARNING | image_detection:_calculate_background_subtraction:168 | ⚠️  过滤可能过于激进：原始前景 3.68% -> 处理后 0.000%（形态学操作: 1, 最小区域: 500）建议：降低min_change_area或减小形态学核大小
2026-01-29 10:41:59 | DEBUG | image_detection:_calculate_background_subtraction:136 | 检测到前景 (4.792%)，暂停背景学习，避免前景被学习成背景
2026-01-29 10:41:59 | DEBUG | image_detection:_calculate_background_subtraction:136 | 检测到前景 (2.605%)，暂停背景学习，避免前景被学习成背景
2026-01-29 10:41:59 | WARNING | image_detection:_calculate_background_subtraction:168 | ⚠️  过滤可能过于激进：原始前景 2.60% -> 处理后 0.076%（形态学操作: 1, 最小区域: 500）建议：降低min_change_area或减小形态学核大小
2026-01-29 10:42:00 | WARNING | image_detection:_calculate_background_subtraction:168 | ⚠️  过滤可能过于激进：原始前景 1.96% -> 处理后 0.000%（形态学操作: 1, 最小区域: 500）建议：降低min_change_area或减小形态学核大小
2026-01-29 10:42:00 | DEBUG | image_detection:_calculate_background_subtraction:136 | 检测到前景 (4.298%)，暂停背景学习，避免前景被学习成背景
2026-01-29 10:42:00 | WARNING | image_detection:_calculate_background_subtraction:168 | ⚠️  过滤可能过于激进：原始前景 4.30% -> 处理后 0.000%（形态学操作: 1, 最小区域: 500）建议：降低min_change_area或减小形态学核大小
2026-01-29 10:42:00 | DEBUG | image_detection:_calculate_background_subtraction:136 | 检测到前景 (5.163%)，暂停背景学习，避免前景被学习成背景
2026-01-29 10:42:00 | DEBUG | image_detection:_calculate_background_subtraction:136 | 检测到前景 (3.068%)，暂停背景学习，避免前景被学习成背景
2026-01-29 10:42:00 | WARNING | image_detection:_calculate_background_subtraction:168 | ⚠️  过滤可能过于激进：原始前景 3.07% -> 处理后 0.048%（形态学操作: 1, 最小区域: 500）建议：降低min_change_area或减小形态学核大小
2026-01-29 10:42:01 | WARNING | image_detection:_calculate_background_subtraction:168 | ⚠️  过滤可能过于激进：原始前景 1.88% -> 处理后 0.000%（形态学操作: 1, 最小区域: 500）建议：降低min_change_area或减小形态学核大小
2026-01-29 10:42:01 | DEBUG | image_detection:_calculate_background_subtraction:136 | 检测到前景 (4.200%)，暂停背景学习，避免前景被学习成背景
2026-01-29 10:42:01 | WARNING | image_detection:_calculate_background_subtraction:168 | ⚠️  过滤可能过于激进：原始前景 4.20% -> 处理后 0.000%（形态学操作: 1, 最小区域: 500）建议：降低min_change_area或减小形态学核大小
2026-01-29 10:42:01 | DEBUG | image_detection:_calculate_background_subtraction:136 | 检测到前景 (4.827%)，暂停背景学习，避免前景被学习成背景
2026-01-29 10:42:01 | DEBUG | image_detection:_calculate_background_subtraction:136 | 检测到前景 (2.460%)，暂停背景学习，避免前景被学习成背景
2026-01-29 10:42:01 | WARNING | image_detection:_calculate_background_subtraction:168 | ⚠️  过滤可能过于激进：原始前景 2.46% -> 处理后 0.078%（形态学操作: 1, 最小区域: 500）建议：降低min_change_area或减小形态学核大小
2026-01-29 10:42:02 | DEBUG | image_detection:_calculate_background_subtraction:163 | 背景建模 - 原始: 40714/2073600 (1.963%), 处理后: 0/2073600 (0.000%)
2026-01-29 10:42:02 | WARNING | image_detection:_calculate_background_subtraction:168 | ⚠️  过滤可能过于激进：原始前景 1.96% -> 处理后 0.000%（形态学操作: 1, 最小区域: 500）建议：降低min_change_area或减小形态学核大小
2026-01-29 10:42:02 | DEBUG | image_detection:_calculate_background_subtraction:136 | 检测到前景 (4.184%)，暂停背景学习，避免前景被学习成背景
2026-01-29 10:42:02 | DEBUG | image_detection:_calculate_background_subtraction:163 | 背景建模 - 原始: 86751/2073600 (4.184%), 处理后: 0/2073600 (0.000%)
2026-01-29 10:42:02 | WARNING | image_detection:_calculate_background_subtraction:168 | ⚠️  过滤可能过于激进：原始前景 4.18% -> 处理后 0.000%（形态学操作: 1, 最小区域: 500）建议：降低min_change_area或减小形态学核大小
2026-01-29 10:42:02 | DEBUG | image_detection:_calculate_background_subtraction:136 | 检测到前景 (5.172%)，暂停背景学习，避免前景被学习成背景
2026-01-29 10:42:02 | DEBUG | image_detection:_calculate_background_subtraction:136 | 检测到前景 (2.992%)，暂停背景学习，避免前景被学习成背景
2026-01-29 10:42:03 | WARNING | image_detection:_calculate_background_subtraction:168 | ⚠️  过滤可能过于激进：原始前景 1.86% -> 处理后 0.000%（形态学操作: 1, 最小区域: 500）建议：降低min_change_area或减小形态学核大小
2026-01-29 10:42:03 | DEBUG | image_detection:_calculate_background_subtraction:136 | 检测到前景 (4.358%)，暂停背景学习，避免前景被学习成背景
2026-01-29 10:42:03 | WARNING | image_detection:_calculate_background_subtraction:168 | ⚠️  过滤可能过于激进：原始前景 4.36% -> 处理后 0.000%（形态学操作: 1, 最小区域: 500）建议：降低min_change_area或减小形态学核大小
2026-01-29 10:42:03 | DEBUG | image_detection:_calculate_background_subtraction:136 | 检测到前景 (4.910%)，暂停背景学习，避免前景被学习成背景
2026-01-29 10:42:03 | DEBUG | image_detection:_calculate_background_subtraction:136 | 检测到前景 (2.519%)，暂停背景学习，避免前景被学习成背景
2026-01-29 10:42:03 | WARNING | image_detection:_calculate_background_subtraction:168 | ⚠️  过滤可能过于激进：原始前景 2.52% -> 处理后 0.047%（形态学操作: 1, 最小区域: 500）建议：降低min_change_area或减小形态学核大小
2026-01-29 10:42:04 | DEBUG | image_detection:_calculate_background_subtraction:163 | 背景建模 - 原始: 40956/2073600 (1.975%), 处理后: 0/2073600 (0.000%)
2026-01-29 10:42:04 | WARNING | image_detection:_calculate_background_subtraction:168 | ⚠️  过滤可能过于激进：原始前景 1.98% -> 处理后 0.000%（形态学操作: 1, 最小区域: 500）建议：降低min_change_area或减小形态学核大小
2026-01-29 10:42:04 | DEBUG | image_detection:_calculate_background_subtraction:136 | 检测到前景 (4.397%)，暂停背景学习，避免前景被学习成背景
2026-01-29 10:42:04 | WARNING | image_detection:_calculate_background_subtraction:168 | ⚠️  过滤可能过于激进：原始前景 4.40% -> 处理后 0.000%（形态学操作: 1, 最小区域: 500）建议：降低min_change_area或减小形态学核大小
2026-01-29 10:42:04 | DEBUG | image_detection:_calculate_background_subtraction:136 | 检测到前景 (5.210%)，暂停背景学习，避免前景被学习成背景
2026-01-29 10:42:04 | DEBUG | image_detection:_calculate_background_subtraction:136 | 检测到前景 (3.100%)，暂停背景学习，避免前景被学习成背景
2026-01-29 10:42:04 | WARNING | image_detection:_calculate_background_subtraction:168 | ⚠️  过滤可能过于激进：原始前景 3.10% -> 处理后 0.073%（形态学操作: 1, 最小区域: 500）建议：降低min_change_area或减小形态学核大小
2026-01-29 10:42:05 | WARNING | image_detection:_calculate_background_subtraction:168 | ⚠️  过滤可能过于激进：原始前景 1.86% -> 处理后 0.000%（形态学操作: 1, 最小区域: 500）建议：降低min_change_area或减小形态学核大小
2026-01-29 10:42:05 | DEBUG | image_detection:_calculate_background_subtraction:136 | 检测到前景 (4.776%)，暂停背景学习，避免前景被学习成背景
2026-01-29 10:42:05 | DEBUG | image_detection:_calculate_background_subtraction:163 | 背景建模 - 原始: 99042/2073600 (4.776%), 处理后: 0/2073600 (0.000%)
2026-01-29 10:42:05 | WARNING | image_detection:_calculate_background_subtraction:168 | ⚠️  过滤可能过于激进：原始前景 4.78% -> 处理后 0.000%（形态学操作: 1, 最小区域: 500）建议：降低min_change_area或减小形态学核大小
2026-01-29 10:42:05 | INFO | input_shaper:_log_stats_periodically:217 | [一层室内较小库房摄像头1] InputShaper 统计 - 拉取: 751帧, 输出: 58帧, 丢弃: 0帧, 溢出: 0次, 空读: 0次, 重复: 0次, 缓冲区: 13/30
2026-01-29 10:42:05 | DEBUG | image_detection:_calculate_background_subtraction:136 | 检测到前景 (4.930%)，暂停背景学习，避免前景被学习成背景
2026-01-29 10:42:05 | DEBUG | image_detection:_calculate_background_subtraction:136 | 检测到前景 (2.596%)，暂停背景学习，避免前景被学习成背景
2026-01-29 10:42:05 | WARNING | image_detection:_calculate_background_subtraction:168 | ⚠️  过滤可能过于激进：原始前景 2.60% -> 处理后 0.047%（形态学操作: 1, 最小区域: 500）建议：降低min_change_area或减小形态学核大小
2026-01-29 10:42:06 | WARNING | image_detection:_calculate_background_subtraction:168 | ⚠️  过滤可能过于激进：原始前景 1.95% -> 处理后 0.000%（形态学操作: 1, 最小区域: 500）建议：降低min_change_area或减小形态学核大小
2026-01-29 10:42:06 | DEBUG | image_detection:_calculate_background_subtraction:136 | 检测到前景 (4.834%)，暂停背景学习，避免前景被学习成背景
2026-01-29 10:42:06 | WARNING | image_detection:_calculate_background_subtraction:168 | ⚠️  过滤可能过于激进：原始前景 4.83% -> 处理后 0.000%（形态学操作: 1, 最小区域: 500）建议：降低min_change_area或减小形态学核大小
2026-01-29 10:42:06 | INFO | input_shaper:_log_stats_periodically:217 | [一层贵重物品区摄像头1] InputShaper 统计 - 拉取: 751帧, 输出: 58帧, 丢弃: 0帧, 溢出: 0次, 空读: 0次, 重复: 0次, 缓冲区: 10/30
2026-01-29 10:42:06 | DEBUG | image_detection:_calculate_background_subtraction:136 | 检测到前景 (5.199%)，暂停背景学习，避免前景被学习成背景
2026-01-29 10:42:06 | DEBUG | image_detection:_calculate_background_subtraction:136 | 检测到前景 (3.092%)，暂停背景学习，避免前景被学习成背景
2026-01-29 10:42:06 | WARNING | image_detection:_calculate_background_subtraction:168 | ⚠️  过滤可能过于激进：原始前景 3.09% -> 处理后 0.076%（形态学操作: 1, 最小区域: 500）建议：降低min_change_area或减小形态学核大小
2026-01-29 10:42:07 | WARNING | image_detection:_calculate_background_subtraction:168 | ⚠️  过滤可能过于激进：原始前景 1.85% -> 处理后 0.000%（形态学操作: 1, 最小区域: 500）建议：降低min_change_area或减小形态学核大小
2026-01-29 10:42:07 | DEBUG | image_detection:_calculate_background_subtraction:136 | 检测到前景 (4.704%)，暂停背景学习，避免前景被学习成背景
2026-01-29 10:42:07 | WARNING | image_detection:_calculate_background_subtraction:168 | ⚠️  过滤可能过于激进：原始前景 4.70% -> 处理后 0.000%（形态学操作: 1, 最小区域: 500）建议：降低min_change_area或减小形态学核大小
2026-01-29 10:42:07 | DEBUG | image_detection:_calculate_background_subtraction:136 | 检测到前景 (4.970%)，暂停背景学习，避免前景被学习成背景
2026-01-29 10:42:07 | INFO | input_shaper:_log_stats_periodically:217 | [一层室外大件物品区摄像头1] InputShaper 统计 - 拉取: 751帧, 输出: 59帧, 丢弃: 0帧, 溢出: 0次, 空读: 0次, 重复: 0次, 缓冲区: 7/30
2026-01-29 10:42:07 | DEBUG | image_detection:_calculate_background_subtraction:136 | 检测到前景 (2.533%)，暂停背景学习，避免前景被学习成背景
2026-01-29 10:42:08 | WARNING | image_detection:_calculate_background_subtraction:168 | ⚠️  过滤可能过于激进：原始前景 2.53% -> 处理后 0.051%（形态学操作: 1, 最小区域: 500）建议：降低min_change_area或减小形态学核大小
2026-01-29 10:42:08 | WARNING | image_detection:_calculate_background_subtraction:168 | ⚠️  过滤可能过于激进：原始前景 1.93% -> 处理后 0.000%（形态学操作: 1, 最小区域: 500）建议：降低min_change_area或减小形态学核大小
2026-01-29 10:42:08 | DEBUG | image_detection:_calculate_background_subtraction:136 | 检测到前景 (4.511%)，暂停背景学习，避免前景被学习成背景
2026-01-29 10:42:08 | WARNING | image_detection:_calculate_background_subtraction:168 | ⚠️  过滤可能过于激进：原始前景 4.51% -> 处理后 0.000%（形态学操作: 1, 最小区域: 500）建议：降低min_change_area或减小形态学核大小
2026-01-29 10:42:08 | DEBUG | image_detection:_calculate_background_subtraction:136 | 检测到前景 (5.256%)，暂停背景学习，避免前景被学习成背景
2026-01-29 10:42:09 | DEBUG | image_detection:_calculate_background_subtraction:136 | 检测到前景 (3.035%)，暂停背景学习，避免前景被学习成背景
2026-01-29 10:42:09 | WARNING | image_detection:_calculate_background_subtraction:168 | ⚠️  过滤可能过于激进：原始前景 3.03% -> 处理后 0.046%（形态学操作: 1, 最小区域: 500）建议：降低min_change_area或减小形态学核大小
2026-01-29 10:42:09 | ERROR | camera_monitor:_connect_rtsp:498 | RTSP连接失败
2026-01-29 10:42:09 | INFO | input_shaper:_log_stats_periodically:217 | [一层恒温大件物品区摄像头1] InputShaper 统计 - 拉取: 751帧, 输出: 59帧, 丢弃: 0帧, 溢出: 0次, 空读: 0次, 重复: 0次, 缓冲区: 7/30
2026-01-29 10:42:09 | WARNING | image_detection:_calculate_background_subtraction:168 | ⚠️  过滤可能过于激进：原始前景 1.82% -> 处理后 0.000%（形态学操作: 1, 最小区域: 500）建议：降低min_change_area或减小形态学核大小
2026-01-29 10:42:09 | DEBUG | image_detection:_calculate_background_subtraction:136 | 检测到前景 (4.846%)，暂停背景学习，避免前景被学习成背景
2026-01-29 10:42:09 | WARNING | image_detection:_calculate_background_subtraction:168 | ⚠️  过滤可能过于激进：原始前景 4.85% -> 处理后 0.000%（形态学操作: 1, 最小区域: 500）建议：降低min_change_area或减小形态学核大小
2026-01-29 10:42:09 | DEBUG | image_detection:_calculate_background_subtraction:136 | 检测到前景 (5.130%)，暂停背景学习，避免前景被学习成背景
2026-01-29 10:42:10 | DEBUG | image_detection:_calculate_background_subtraction:136 | 检测到前景 (2.622%)，暂停背景学习，避免前景被学习成背景
2026-01-29 10:42:10 | WARNING | image_detection:_calculate_background_subtraction:168 | ⚠️  过滤可能过于激进：原始前景 2.62% -> 处理后 0.048%（形态学操作: 1, 最小区域: 500）建议：降低min_change_area或减小形态学核大小
2026-01-29 10:42:10 | INFO | camera_monitor:_worker_process:202 | 后台工作线程已停止 - 摄像头: 一层车库区摄像头2
2026-01-29 10:42:10 | DEBUG | image_detection:_calculate_background_subtraction:136 | 检测到前景 (2.038%)，暂停背景学习，避免前景被学习成背景
2026-01-29 10:42:10 | WARNING | image_detection:_calculate_background_subtraction:168 | ⚠️  过滤可能过于激进：原始前景 2.04% -> 处理后 0.000%（形态学操作: 1, 最小区域: 500）建议：降低min_change_area或减小形态学核大小
2026-01-29 10:42:10 | DEBUG | image_detection:_calculate_background_subtraction:136 | 检测到前景 (4.206%)，暂停背景学习，避免前景被学习成背景
2026-01-29 10:42:10 | DEBUG | image_detection:_calculate_background_subtraction:163 | 背景建模 - 原始: 87221/2073600 (4.206%), 处理后: 0/2073600 (0.000%)
2026-01-29 10:42:10 | WARNING | image_detection:_calculate_background_subtraction:168 | ⚠️  过滤可能过于激进：原始前景 4.21% -> 处理后 0.000%（形态学操作: 1, 最小区域: 500）建议：降低min_change_area或减小形态学核大小
2026-01-29 10:42:10 | DEBUG | image_detection:_calculate_background_subtraction:136 | 检测到前景 (5.306%)，暂停背景学习，避免前景被学习成背景
2026-01-29 10:42:11 | DEBUG | image_detection:_calculate_background_subtraction:136 | 检测到前景 (3.062%)，暂停背景学习，避免前景被学习成背景
2026-01-29 10:42:11 | WARNING | image_detection:_calculate_background_subtraction:168 | ⚠️  过滤可能过于激进：原始前景 3.06% -> 处理后 0.048%（形态学操作: 1, 最小区域: 500）建议：降低min_change_area或减小形态学核大小
2026-01-29 10:42:11 | WARNING | image_detection:_calculate_background_subtraction:168 | ⚠️  过滤可能过于激进：原始前景 1.85% -> 处理后 0.000%（形态学操作: 1, 最小区域: 500）建议：降低min_change_area或减小形态学核大小
2026-01-29 10:42:11 | DEBUG | image_detection:_calculate_background_subtraction:136 | 检测到前景 (4.453%)，暂停背景学习，避免前景被学习成背景
2026-01-29 10:42:11 | WARNING | image_detection:_calculate_background_subtraction:168 | ⚠️  过滤可能过于激进：原始前景 4.45% -> 处理后 0.000%（形态学操作: 1, 最小区域: 500）建议：降低min_change_area或减小形态学核大小
2026-01-29 10:42:11 | DEBUG | image_detection:_calculate_background_subtraction:136 | 检测到前景 (5.087%)，暂停背景学习，避免前景被学习成背景
2026-01-29 10:42:12 | DEBUG | image_detection:_calculate_background_subtraction:136 | 检测到前景 (2.674%)，暂停背景学习，避免前景被学习成背景
2026-01-29 10:42:12 | WARNING | image_detection:_calculate_background_subtraction:168 | ⚠️  过滤可能过于激进：原始前景 2.67% -> 处理后 0.075%（形态学操作: 1, 最小区域: 500）建议：降低min_change_area或减小形态学核大小
2026-01-29 10:42:12 | WARNING | __main__:restart_monitor:219 | 摄像头 2 (一层车库区摄像头2) 监测已停止，尝试重启 (1/10)
2026-01-29 10:42:12 | INFO | camera_monitor:stop:150 | 停止监测摄像头: 一层车库区摄像头2 (ID: 2)
2026-01-29 10:42:12 | INFO | camera_monitor:__init__:43 | 摄像头 一层车库区摄像头2 (ID: 2) RTSP URL: rtsp://admin:khjy%40123@192.168.100.109:554/cam/realmonitor?channel=1&subtype=1
2026-01-29 10:42:12 | INFO | image_detection:__init__:32 | 初始化背景建模检测器
2026-01-29 10:42:12 | INFO | image_storage:__init__:37 | 图片保存目录: D:\appdata\uploadPath\caseapp
2026-01-29 10:42:12 | INFO | camera_monitor:__init__:58 | 摄像头 一层车库区摄像头2 将创建独立YOLO实例
2026-01-29 10:42:12 | INFO | camera_monitor:_worker_process:156 | 后台工作线程开始运行 - 摄像头: 一层车库区摄像头2
2026-01-29 10:42:12 | INFO | camera_monitor:start:118 | 后台工作线程已启动: 一层车库区摄像头2 (ID: 2)
2026-01-29 10:42:12 | INFO | camera_monitor:_connect_rtsp:447 | 正在连接RTSP流: rtsp://admin:khjy%40123@192.168.100.109:554/cam/realmonitor?channel=1&subtype=1
2026-01-29 10:42:12 | INFO | camera_monitor:start:127 | 开始监测摄像头: 一层车库区摄像头2 (ID: 2)
2026-01-29 10:42:12 | INFO | __main__:restart_monitor:244 | 摄像头 2 (一层车库区摄像头2) 重启成功
2026-01-29 10:42:12 | DEBUG | image_detection:_calculate_background_subtraction:136 | 检测到前景 (2.060%)，暂停背景学习，避免前景被学习成背景
2026-01-29 10:42:12 | WARNING | image_detection:_calculate_background_subtraction:168 | ⚠️  过滤可能过于激进：原始前景 2.06% -> 处理后 0.048%（形态学操作: 1, 最小区域: 500）建议：降低min_change_area或减小形态学核大小
2026-01-29 10:42:12 | DEBUG | image_detection:_calculate_background_subtraction:136 | 检测到前景 (4.665%)，暂停背景学习，避免前景被学习成背景
2026-01-29 10:42:12 | WARNING | image_detection:_calculate_background_subtraction:168 | ⚠️  过滤可能过于激进：原始前景 4.67% -> 处理后 0.000%（形态学操作: 1, 最小区域: 500）建议：降低min_change_area或减小形态学核大小
2026-01-29 10:42:12 | DEBUG | image_detection:_calculate_background_subtraction:136 | 检测到前景 (5.346%)，暂停背景学习，避免前景被学习成背景
2026-01-29 10:42:13 | DEBUG | image_detection:_calculate_background_subtraction:136 | 检测到前景 (3.005%)，暂停背景学习，避免前景被学习成背景
2026-01-29 10:42:13 | WARNING | image_detection:_calculate_background_subtraction:168 | ⚠️  过滤可能过于激进：原始前景 3.01% -> 处理后 0.075%（形态学操作: 1, 最小区域: 500）建议：降低min_change_area或减小形态学核大小
2026-01-29 10:42:13 | WARNING | image_detection:_calculate_background_subtraction:168 | ⚠️  过滤可能过于激进：原始前景 1.89% -> 处理后 0.000%（形态学操作: 1, 最小区域: 500）建议：降低min_change_area或减小形态学核大小
2026-01-29 10:42:13 | DEBUG | image_detection:_calculate_background_subtraction:136 | 检测到前景 (4.839%)，暂停背景学习，避免前景被学习成背景
2026-01-29 10:42:13 | WARNING | image_detection:_calculate_background_subtraction:168 | ⚠️  过滤可能过于激进：原始前景 4.84% -> 处理后 0.000%（形态学操作: 1, 最小区域: 500）建议：降低min_change_area或减小形态学核大小
2026-01-29 10:42:13 | DEBUG | image_detection:_calculate_background_subtraction:136 | 检测到前景 (5.164%)，暂停背景学习，避免前景被学习成背景
2026-01-29 10:42:14 | DEBUG | image_detection:_calculate_background_subtraction:136 | 检测到前景 (2.619%)，暂停背景学习，避免前景被学习成背景
2026-01-29 10:42:14 | WARNING | image_detection:_calculate_background_subtraction:168 | ⚠️  过滤可能过于激进：原始前景 2.62% -> 处理后 0.077%（形态学操作: 1, 最小区域: 500）建议：降低min_change_area或减小形态学核大小
2026-01-29 10:42:14 | DEBUG | image_detection:_calculate_background_subtraction:163 | 背景建模 - 原始: 36371/2073600 (1.754%), 处理后: 0/2073600 (0.000%)
2026-01-29 10:42:14 | WARNING | image_detection:_calculate_background_subtraction:168 | ⚠️  过滤可能过于激进：原始前景 1.75% -> 处理后 0.000%（形态学操作: 1, 最小区域: 500）建议：降低min_change_area或减小形态学核大小
2026-01-29 10:42:14 | DEBUG | image_detection:_calculate_background_subtraction:136 | 检测到前景 (4.784%)，暂停背景学习，避免前景被学习成背景
2026-01-29 10:42:14 | WARNING | image_detection:_calculate_background_subtraction:168 | ⚠️  过滤可能过于激进：原始前景 4.78% -> 处理后 0.000%（形态学操作: 1, 最小区域: 500）建议：降低min_change_area或减小形态学核大小
2026-01-29 10:42:14 | DEBUG | image_detection:_calculate_background_subtraction:136 | 检测到前景 (5.355%)，暂停背景学习，避免前景被学习成背景
2026-01-29 10:42:15 | DEBUG | image_detection:_calculate_background_subtraction:136 | 检测到前景 (3.184%)，暂停背景学习，避免前景被学习成背景
2026-01-29 10:42:15 | WARNING | image_detection:_calculate_background_subtraction:168 | ⚠️  过滤可能过于激进：原始前景 3.18% -> 处理后 0.076%（形态学操作: 1, 最小区域: 500）建议：降低min_change_area或减小形态学核大小
2026-01-29 10:42:15 | WARNING | image_detection:_calculate_background_subtraction:168 | ⚠️  过滤可能过于激进：原始前景 1.88% -> 处理后 0.000%（形态学操作: 1, 最小区域: 500）建议：降低min_change_area或减小形态学核大小
2026-01-29 10:42:15 | DEBUG | image_detection:_calculate_background_subtraction:136 | 检测到前景 (5.319%)，暂停背景学习，避免前景被学习成背景
2026-01-29 10:42:15 | WARNING | image_detection:_calculate_background_subtraction:168 | ⚠️  过滤可能过于激进：原始前景 5.32% -> 处理后 0.000%（形态学操作: 1, 最小区域: 500）建议：降低min_change_area或减小形态学核大小
2026-01-29 10:42:16 | DEBUG | image_detection:_calculate_background_subtraction:136 | 检测到前景 (5.215%)，暂停背景学习，避免前景被学习成背景
2026-01-29 10:42:16 | DEBUG | image_detection:_calculate_background_subtraction:136 | 检测到前景 (2.746%)，暂停背景学习，避免前景被学习成背景
2026-01-29 10:42:16 | WARNING | image_detection:_calculate_background_subtraction:168 | ⚠️  过滤可能过于激进：原始前景 2.75% -> 处理后 0.077%（形态学操作: 1, 最小区域: 500）建议：降低min_change_area或减小形态学核大小
2026-01-29 10:42:16 | WARNING | image_detection:_calculate_background_subtraction:168 | ⚠️  过滤可能过于激进：原始前景 1.65% -> 处理后 0.000%（形态学操作: 1, 最小区域: 500）建议：降低min_change_area或减小形态学核大小
2026-01-29 10:42:16 | DEBUG | image_detection:_calculate_background_subtraction:136 | 检测到前景 (5.742%)，暂停背景学习，避免前景被学习成背景
2026-01-29 10:42:17 | DEBUG | image_detection:_calculate_background_subtraction:136 | 检测到前景 (4.244%)，暂停背景学习，避免前景被学习成背景
2026-01-29 10:42:17 | DEBUG | image_detection:_calculate_background_subtraction:136 | 检测到前景 (3.026%)，暂停背景学习，避免前景被学习成背景
2026-01-29 10:42:17 | WARNING | image_detection:_calculate_background_subtraction:168 | ⚠️  过滤可能过于激进：原始前景 3.03% -> 处理后 0.051%（形态学操作: 1, 最小区域: 500）建议：降低min_change_area或减小形态学核大小
2026-01-29 10:42:17 | WARNING | image_detection:_calculate_background_subtraction:168 | ⚠️  过滤可能过于激进：原始前景 1.87% -> 处理后 0.065%（形态学操作: 1, 最小区域: 500）建议：降低min_change_area或减小形态学核大小
2026-01-29 10:42:17 | DEBUG | image_detection:_calculate_background_subtraction:136 | 检测到前景 (7.536%)，暂停背景学习，避免前景被学习成背景
2026-01-29 10:42:18 | DEBUG | image_detection:_calculate_background_subtraction:136 | 检测到前景 (5.055%)，暂停背景学习，避免前景被学习成背景
2026-01-29 10:42:18 | DEBUG | image_detection:_calculate_background_subtraction:136 | 检测到前景 (2.864%)，暂停背景学习，避免前景被学习成背景
2026-01-29 10:42:18 | WARNING | image_detection:_calculate_background_subtraction:168 | ⚠️  过滤可能过于激进：原始前景 1.71% -> 处理后 0.096%（形态学操作: 1, 最小区域: 500）建议：降低min_change_area或减小形态学核大小
2026-01-29 10:42:18 | DEBUG | image_detection:_calculate_background_subtraction:136 | 检测到前景 (6.875%)，暂停背景学习，避免前景被学习成背景
2026-01-29 10:42:19 | DEBUG | image_detection:_calculate_background_subtraction:136 | 检测到前景 (4.181%)，暂停背景学习，避免前景被学习成背景
2026-01-29 10:42:19 | DEBUG | image_detection:_calculate_background_subtraction:136 | 检测到前景 (3.209%)，暂停背景学习，避免前景被学习成背景
2026-01-29 10:42:19 | WARNING | image_detection:_calculate_background_subtraction:168 | ⚠️  过滤可能过于激进：原始前景 3.21% -> 处理后 0.078%（形态学操作: 1, 最小区域: 500）建议：降低min_change_area或减小形态学核大小
2026-01-29 10:42:19 | WARNING | image_detection:_calculate_background_subtraction:168 | ⚠️  过滤可能过于激进：原始前景 1.92% -> 处理后 0.080%（形态学操作: 1, 最小区域: 500）建议：降低min_change_area或减小形态学核大小
2026-01-29 10:42:19 | DEBUG | image_detection:_calculate_background_subtraction:136 | 检测到前景 (7.565%)，暂停背景学习，避免前景被学习成背景
2026-01-29 10:42:20 | DEBUG | image_detection:_calculate_background_subtraction:136 | 检测到前景 (5.106%)，暂停背景学习，避免前景被学习成背景
2026-01-29 10:42:20 | DEBUG | image_detection:_calculate_background_subtraction:136 | 检测到前景 (2.934%)，暂停背景学习，避免前景被学习成背景
2026-01-29 10:42:20 | WARNING | image_detection:_calculate_background_subtraction:168 | ⚠️  过滤可能过于激进：原始前景 2.93% -> 处理后 0.081%（形态学操作: 1, 最小区域: 500）建议：降低min_change_area或减小形态学核大小
2026-01-29 10:42:20 | WARNING | image_detection:_calculate_background_subtraction:168 | ⚠️  过滤可能过于激进：原始前景 1.72% -> 处理后 0.077%（形态学操作: 1, 最小区域: 500）建议：降低min_change_area或减小形态学核大小
2026-01-29 10:42:20 | DEBUG | image_detection:_calculate_background_subtraction:136 | 检测到前景 (13.945%)，暂停背景学习，避免前景被学习成背景
2026-01-29 10:42:21 | DEBUG | image_detection:_calculate_background_subtraction:136 | 检测到前景 (4.250%)，暂停背景学习，避免前景被学习成背景
2026-01-29 10:42:21 | DEBUG | image_detection:_calculate_background_subtraction:136 | 检测到前景 (3.256%)，暂停背景学习，避免前景被学习成背景
2026-01-29 10:42:21 | WARNING | image_detection:_calculate_background_subtraction:168 | ⚠️  过滤可能过于激进：原始前景 3.26% -> 处理后 0.078%（形态学操作: 1, 最小区域: 500）建议：降低min_change_area或减小形态学核大小
2026-01-29 10:42:21 | WARNING | image_detection:_calculate_background_subtraction:168 | ⚠️  过滤可能过于激进：原始前景 1.90% -> 处理后 0.082%（形态学操作: 1, 最小区域: 500）建议：降低min_change_area或减小形态学核大小
2026-01-29 10:42:21 | DEBUG | image_detection:_calculate_background_subtraction:136 | 检测到前景 (6.147%)，暂停背景学习，避免前景被学习成背景
2026-01-29 10:42:21 | WARNING | image_detection:_calculate_background_subtraction:168 | ⚠️  过滤可能过于激进：原始前景 6.15% -> 处理后 0.031%（形态学操作: 1, 最小区域: 500）建议：降低min_change_area或减小形态学核大小
2026-01-29 10:42:22 | DEBUG | image_detection:_calculate_background_subtraction:136 | 检测到前景 (5.146%)，暂停背景学习，避免前景被学习成背景
2026-01-29 10:42:22 | DEBUG | image_detection:_calculate_background_subtraction:136 | 检测到前景 (2.892%)，暂停背景学习，避免前景被学习成背景
2026-01-29 10:42:22 | WARNING | image_detection:_calculate_background_subtraction:168 | ⚠️  过滤可能过于激进：原始前景 2.89% -> 处理后 0.079%（形态学操作: 1, 最小区域: 500）建议：降低min_change_area或减小形态学核大小
2026-01-29 10:42:22 | WARNING | image_detection:_calculate_background_subtraction:168 | ⚠️  过滤可能过于激进：原始前景 1.68% -> 处理后 0.060%（形态学操作: 1, 最小区域: 500）建议：降低min_change_area或减小形态学核大小
2026-01-29 10:42:22 | DEBUG | image_detection:_calculate_background_subtraction:136 | 检测到前景 (5.541%)，暂停背景学习，避免前景被学习成背景
2026-01-29 10:42:22 | WARNING | image_detection:_calculate_background_subtraction:168 | ⚠️  过滤可能过于激进：原始前景 5.54% -> 处理后 0.000%（形态学操作: 1, 最小区域: 500）建议：降低min_change_area或减小形态学核大小
2026-01-29 10:42:23 | DEBUG | image_detection:_calculate_background_subtraction:136 | 检测到前景 (4.251%)，暂停背景学习，避免前景被学习成背景
2026-01-29 10:42:23 | DEBUG | image_detection:_calculate_background_subtraction:136 | 检测到前景 (3.192%)，暂停背景学习，避免前景被学习成背景
2026-01-29 10:42:23 | WARNING | image_detection:_calculate_background_subtraction:168 | ⚠️  过滤可能过于激进：原始前景 3.19% -> 处理后 0.050%（形态学操作: 1, 最小区域: 500）建议：降低min_change_area或减小形态学核大小
2026-01-29 10:42:23 | WARNING | image_detection:_calculate_background_subtraction:168 | ⚠️  过滤可能过于激进：原始前景 1.87% -> 处理后 0.070%（形态学操作: 1, 最小区域: 500）建议：降低min_change_area或减小形态学核大小
2026-01-29 10:42:23 | DEBUG | image_detection:_calculate_background_subtraction:136 | 检测到前景 (5.947%)，暂停背景学习，避免前景被学习成背景
2026-01-29 10:42:23 | WARNING | image_detection:_calculate_background_subtraction:168 | ⚠️  过滤可能过于激进：原始前景 5.95% -> 处理后 0.000%（形态学操作: 1, 最小区域: 500）建议：降低min_change_area或减小形态学核大小
2026-01-29 10:42:24 | DEBUG | image_detection:_calculate_background_subtraction:136 | 检测到前景 (5.168%)，暂停背景学习，避免前景被学习成背景
2026-01-29 10:42:24 | DEBUG | image_detection:_calculate_background_subtraction:136 | 检测到前景 (2.940%)，暂停背景学习，避免前景被学习成背景
2026-01-29 10:42:24 | WARNING | image_detection:_calculate_background_subtraction:168 | ⚠️  过滤可能过于激进：原始前景 2.94% -> 处理后 0.075%（形态学操作: 1, 最小区域: 500）建议：降低min_change_area或减小形态学核大小
2026-01-29 10:42:24 | WARNING | image_detection:_calculate_background_subtraction:168 | ⚠️  过滤可能过于激进：原始前景 1.67% -> 处理后 0.069%（形态学操作: 1, 最小区域: 500）建议：降低min_change_area或减小形态学核大小
2026-01-29 10:42:24 | DEBUG | image_detection:_calculate_background_subtraction:136 | 检测到前景 (5.580%)，暂停背景学习，避免前景被学习成背景
2026-01-29 10:42:24 | WARNING | image_detection:_calculate_background_subtraction:168 | ⚠️  过滤可能过于激进：原始前景 5.58% -> 处理后 0.000%（形态学操作: 1, 最小区域: 500）建议：降低min_change_area或减小形态学核大小
2026-01-29 10:42:25 | DEBUG | image_detection:_calculate_background_subtraction:136 | 检测到前景 (4.367%)，暂停背景学习，避免前景被学习成背景
2026-01-29 10:42:25 | DEBUG | image_detection:_calculate_background_subtraction:136 | 检测到前景 (3.108%)，暂停背景学习，避免前景被学习成背景
2026-01-29 10:42:25 | WARNING | image_detection:_calculate_background_subtraction:168 | ⚠️  过滤可能过于激进：原始前景 3.11% -> 处理后 0.046%（形态学操作: 1, 最小区域: 500）建议：降低min_change_area或减小形态学核大小
2026-01-29 10:42:25 | WARNING | image_detection:_calculate_background_subtraction:168 | ⚠️  过滤可能过于激进：原始前景 1.86% -> 处理后 0.061%（形态学操作: 1, 最小区域: 500）建议：降低min_change_area或减小形态学核大小
2026-01-29 10:42:25 | DEBUG | image_detection:_calculate_background_subtraction:136 | 检测到前景 (5.833%)，暂停背景学习，避免前景被学习成背景
2026-01-29 10:42:25 | WARNING | image_detection:_calculate_background_subtraction:168 | ⚠️  过滤可能过于激进：原始前景 5.83% -> 处理后 0.000%（形态学操作: 1, 最小区域: 500）建议：降低min_change_area或减小形态学核大小
2026-01-29 10:42:26 | DEBUG | image_detection:_calculate_background_subtraction:136 | 检测到前景 (5.205%)，暂停背景学习，避免前景被学习成背景
2026-01-29 10:42:26 | DEBUG | image_detection:_calculate_background_subtraction:136 | 检测到前景 (3.022%)，暂停背景学习，避免前景被学习成背景
2026-01-29 10:42:26 | WARNING | image_detection:_calculate_background_subtraction:168 | ⚠️  过滤可能过于激进：原始前景 3.02% -> 处理后 0.075%（形态学操作: 1, 最小区域: 500）建议：降低min_change_area或减小形态学核大小
2026-01-29 10:42:26 | WARNING | image_detection:_calculate_background_subtraction:168 | ⚠️  过滤可能过于激进：原始前景 1.68% -> 处理后 0.072%（形态学操作: 1, 最小区域: 500）建议：降低min_change_area或减小形态学核大小
2026-01-29 10:42:26 | DEBUG | image_detection:_calculate_background_subtraction:136 | 检测到前景 (5.446%)，暂停背景学习，避免前景被学习成背景
2026-01-29 10:42:26 | WARNING | image_detection:_calculate_background_subtraction:168 | ⚠️  过滤可能过于激进：原始前景 5.45% -> 处理后 0.000%（形态学操作: 1, 最小区域: 500）建议：降低min_change_area或减小形态学核大小
2026-01-29 10:42:27 | DEBUG | image_detection:_calculate_background_subtraction:136 | 检测到前景 (4.432%)，暂停背景学习，避免前景被学习成背景
2026-01-29 10:42:27 | DEBUG | image_detection:_calculate_background_subtraction:136 | 检测到前景 (3.381%)，暂停背景学习，避免前景被学习成背景
2026-01-29 10:42:27 | WARNING | image_detection:_calculate_background_subtraction:168 | ⚠️  过滤可能过于激进：原始前景 1.85% -> 处理后 0.073%（形态学操作: 1, 最小区域: 500）建议：降低min_change_area或减小形态学核大小
2026-01-29 10:42:27 | DEBUG | image_detection:_calculate_background_subtraction:136 | 检测到前景 (4.950%)，暂停背景学习，避免前景被学习成背景
2026-01-29 10:42:27 | DEBUG | image_detection:_calculate_background_subtraction:163 | 背景建模 - 原始: 102633/2073600 (4.950%), 处理后: 0/2073600 (0.000%)
2026-01-29 10:42:27 | WARNING | image_detection:_calculate_background_subtraction:168 | ⚠️  过滤可能过于激进：原始前景 4.95% -> 处理后 0.000%（形态学操作: 1, 最小区域: 500）建议：降低min_change_area或减小形态学核大小
2026-01-29 10:42:28 | DEBUG | image_detection:_calculate_background_subtraction:136 | 检测到前景 (5.550%)，暂停背景学习，避免前景被学习成背景
2026-01-29 10:42:28 | DEBUG | image_detection:_calculate_background_subtraction:136 | 检测到前景 (3.058%)，暂停背景学习，避免前景被学习成背景
2026-01-29 10:42:28 | WARNING | image_detection:_calculate_background_subtraction:168 | ⚠️  过滤可能过于激进：原始前景 1.67% -> 处理后 0.062%（形态学操作: 1, 最小区域: 500）建议：降低min_change_area或减小形态学核大小
2026-01-29 10:42:28 | DEBUG | image_detection:_calculate_background_subtraction:136 | 检测到前景 (4.990%)，暂停背景学习，避免前景被学习成背景
2026-01-29 10:42:28 | WARNING | image_detection:_calculate_background_subtraction:168 | ⚠️  过滤可能过于激进：原始前景 4.99% -> 处理后 0.000%（形态学操作: 1, 最小区域: 500）建议：降低min_change_area或减小形态学核大小
2026-01-29 10:42:29 | DEBUG | image_detection:_calculate_background_subtraction:136 | 检测到前景 (5.143%)，暂停背景学习，避免前景被学习成背景
2026-01-29 10:42:29 | DEBUG | image_detection:_calculate_background_subtraction:136 | 检测到前景 (3.221%)，暂停背景学习，避免前景被学习成背景
2026-01-29 10:42:29 | WARNING | image_detection:_calculate_background_subtraction:168 | ⚠️  过滤可能过于激进：原始前景 3.22% -> 处理后 0.047%（形态学操作: 1, 最小区域: 500）建议：降低min_change_area或减小形态学核大小
2026-01-29 10:42:29 | WARNING | image_detection:_calculate_background_subtraction:168 | ⚠️  过滤可能过于激进：原始前景 1.81% -> 处理后 0.063%（形态学操作: 1, 最小区域: 500）建议：降低min_change_area或减小形态学核大小
2026-01-29 10:42:29 | DEBUG | image_detection:_calculate_background_subtraction:136 | 检测到前景 (5.374%)，暂停背景学习，避免前景被学习成背景
2026-01-29 10:42:29 | WARNING | image_detection:_calculate_background_subtraction:168 | ⚠️  过滤可能过于激进：原始前景 5.37% -> 处理后 0.000%（形态学操作: 1, 最小区域: 500）建议：降低min_change_area或减小形态学核大小
2026-01-29 10:42:30 | DEBUG | image_detection:_calculate_background_subtraction:136 | 检测到前景 (6.095%)，暂停背景学习，避免前景被学习成背景
2026-01-29 10:42:30 | DEBUG | image_detection:_calculate_background_subtraction:136 | 检测到前景 (3.034%)，暂停背景学习，避免前景被学习成背景
2026-01-29 10:42:30 | WARNING | image_detection:_calculate_background_subtraction:168 | ⚠️  过滤可能过于激进：原始前景 3.03% -> 处理后 0.075%（形态学操作: 1, 最小区域: 500）建议：降低min_change_area或减小形态学核大小
2026-01-29 10:42:30 | WARNING | image_detection:_calculate_background_subtraction:168 | ⚠️  过滤可能过于激进：原始前景 1.68% -> 处理后 0.064%（形态学操作: 1, 最小区域: 500）建议：降低min_change_area或减小形态学核大小
2026-01-29 10:42:30 | DEBUG | image_detection:_calculate_background_subtraction:136 | 检测到前景 (4.903%)，暂停背景学习，避免前景被学习成背景
2026-01-29 10:42:31 | DEBUG | image_detection:_calculate_background_subtraction:163 | 背景建模 - 原始: 101662/2073600 (4.903%), 处理后: 0/2073600 (0.000%)
2026-01-29 10:42:31 | WARNING | image_detection:_calculate_background_subtraction:168 | ⚠️  过滤可能过于激进：原始前景 4.90% -> 处理后 0.000%（形态学操作: 1, 最小区域: 500）建议：降低min_change_area或减小形态学核大小
2026-01-29 10:42:31 | DEBUG | image_detection:_calculate_background_subtraction:136 | 检测到前景 (5.638%)，暂停背景学习，避免前景被学习成背景
2026-01-29 10:42:31 | DEBUG | image_detection:_calculate_background_subtraction:136 | 检测到前景 (3.253%)，暂停背景学习，避免前景被学习成背景
2026-01-29 10:42:31 | WARNING | image_detection:_calculate_background_subtraction:168 | ⚠️  过滤可能过于激进：原始前景 3.25% -> 处理后 0.050%（形态学操作: 1, 最小区域: 500）建议：降低min_change_area或减小形态学核大小
2026-01-29 10:42:31 | WARNING | image_detection:_calculate_background_subtraction:168 | ⚠️  过滤可能过于激进：原始前景 1.81% -> 处理后 0.063%（形态学操作: 1, 最小区域: 500）建议：降低min_change_area或减小形态学核大小
2026-01-29 10:42:32 | DEBUG | image_detection:_calculate_background_subtraction:136 | 检测到前景 (5.108%)，暂停背景学习，避免前景被学习成背景
2026-01-29 10:42:32 | WARNING | image_detection:_calculate_background_subtraction:168 | ⚠️  过滤可能过于激进：原始前景 5.11% -> 处理后 0.000%（形态学操作: 1, 最小区域: 500）建议：降低min_change_area或减小形态学核大小
2026-01-29 10:42:32 | DEBUG | image_detection:_calculate_background_subtraction:136 | 检测到前景 (6.334%)，暂停背景学习，避免前景被学习成背景
2026-01-29 10:42:32 | DEBUG | image_detection:_calculate_background_subtraction:136 | 检测到前景 (3.019%)，暂停背景学习，避免前景被学习成背景
2026-01-29 10:42:32 | WARNING | image_detection:_calculate_background_subtraction:168 | ⚠️  过滤可能过于激进：原始前景 3.02% -> 处理后 0.076%（形态学操作: 1, 最小区域: 500）建议：降低min_change_area或减小形态学核大小
2026-01-29 10:42:32 | WARNING | image_detection:_calculate_background_subtraction:168 | ⚠️  过滤可能过于激进：原始前景 1.67% -> 处理后 0.071%（形态学操作: 1, 最小区域: 500）建议：降低min_change_area或减小形态学核大小
2026-01-29 10:42:33 | DEBUG | image_detection:_calculate_background_subtraction:136 | 检测到前景 (4.955%)，暂停背景学习，避免前景被学习成背景
2026-01-29 10:42:33 | DEBUG | image_detection:_calculate_background_subtraction:163 | 背景建模 - 原始: 102752/2073600 (4.955%), 处理后: 0/2073600 (0.000%)
2026-01-29 10:42:33 | WARNING | image_detection:_calculate_background_subtraction:168 | ⚠️  过滤可能过于激进：原始前景 4.96% -> 处理后 0.000%（形态学操作: 1, 最小区域: 500）建议：降低min_change_area或减小形态学核大小
2026-01-29 10:42:33 | DEBUG | image_detection:_calculate_background_subtraction:136 | 检测到前景 (5.541%)，暂停背景学习，避免前景被学习成背景
2026-01-29 10:42:33 | DEBUG | image_detection:_calculate_background_subtraction:136 | 检测到前景 (3.108%)，暂停背景学习，避免前景被学习成背景
2026-01-29 10:42:33 | WARNING | image_detection:_calculate_background_subtraction:168 | ⚠️  过滤可能过于激进：原始前景 3.11% -> 处理后 0.076%（形态学操作: 1, 最小区域: 500）建议：降低min_change_area或减小形态学核大小
2026-01-29 10:42:33 | WARNING | image_detection:_calculate_background_subtraction:168 | ⚠️  过滤可能过于激进：原始前景 1.79% -> 处理后 0.072%（形态学操作: 1, 最小区域: 500）建议：降低min_change_area或减小形态学核大小
2026-01-29 10:42:34 | DEBUG | image_detection:_calculate_background_subtraction:136 | 检测到前景 (4.844%)，暂停背景学习，避免前景被学习成背景
2026-01-29 10:42:34 | WARNING | image_detection:_calculate_background_subtraction:168 | ⚠️  过滤可能过于激进：原始前景 4.84% -> 处理后 0.000%（形态学操作: 1, 最小区域: 500）建议：降低min_change_area或减小形态学核大小
2026-01-29 10:42:34 | DEBUG | image_detection:_calculate_background_subtraction:136 | 检测到前景 (6.123%)，暂停背景学习，避免前景被学习成背景
2026-01-29 10:42:34 | DEBUG | image_detection:_calculate_background_subtraction:136 | 检测到前景 (2.979%)，暂停背景学习，避免前景被学习成背景
2026-01-29 10:42:34 | WARNING | image_detection:_calculate_background_subtraction:168 | ⚠️  过滤可能过于激进：原始前景 2.98% -> 处理后 0.075%（形态学操作: 1, 最小区域: 500）建议：降低min_change_area或减小形态学核大小
2026-01-29 10:42:34 | WARNING | image_detection:_calculate_background_subtraction:168 | ⚠️  过滤可能过于激进：原始前景 1.65% -> 处理后 0.064%（形态学操作: 1, 最小区域: 500）建议：降低min_change_area或减小形态学核大小
2026-01-29 10:42:35 | DEBUG | image_detection:_calculate_background_subtraction:136 | 检测到前景 (4.883%)，暂停背景学习，避免前景被学习成背景
2026-01-29 10:42:35 | WARNING | image_detection:_calculate_background_subtraction:168 | ⚠️  过滤可能过于激进：原始前景 4.88% -> 处理后 0.000%（形态学操作: 1, 最小区域: 500）建议：降低min_change_area或减小形态学核大小
2026-01-29 10:42:35 | DEBUG | image_detection:_calculate_background_subtraction:136 | 检测到前景 (5.534%)，暂停背景学习，避免前景被学习成背景
2026-01-29 10:42:35 | INFO | input_shaper:_log_stats_periodically:217 | [一层室内较小库房摄像头1] InputShaper 统计 - 拉取: 750帧, 输出: 59帧, 丢弃: 0帧, 溢出: 0次, 空读: 0次, 重复: 0次, 缓冲区: 8/30
2026-01-29 10:42:35 | DEBUG | image_detection:_calculate_background_subtraction:136 | 检测到前景 (3.257%)，暂停背景学习，避免前景被学习成背景
2026-01-29 10:42:35 | WARNING | image_detection:_calculate_background_subtraction:168 | ⚠️  过滤可能过于激进：原始前景 3.26% -> 处理后 0.047%（形态学操作: 1, 最小区域: 500）建议：降低min_change_area或减小形态学核大小
2026-01-29 10:42:35 | WARNING | image_detection:_calculate_background_subtraction:168 | ⚠️  过滤可能过于激进：原始前景 1.82% -> 处理后 0.077%（形态学操作: 1, 最小区域: 500）建议：降低min_change_area或减小形态学核大小
2026-01-29 10:42:36 | DEBUG | image_detection:_calculate_background_subtraction:136 | 检测到前景 (5.048%)，暂停背景学习，避免前景被学习成背景
2026-01-29 10:42:36 | WARNING | image_detection:_calculate_background_subtraction:168 | ⚠️  过滤可能过于激进：原始前景 5.05% -> 处理后 0.000%（形态学操作: 1, 最小区域: 500）建议：降低min_change_area或减小形态学核大小
2026-01-29 10:42:36 | DEBUG | image_detection:_calculate_background_subtraction:136 | 检测到前景 (6.020%)，暂停背景学习，避免前景被学习成背景
2026-01-29 10:42:36 | INFO | input_shaper:_log_stats_periodically:217 | [一层贵重物品区摄像头1] InputShaper 统计 - 拉取: 750帧, 输出: 59帧, 丢弃: 0帧, 溢出: 0次, 空读: 0次, 重复: 0次, 缓冲区: 6/30
2026-01-29 10:42:36 | DEBUG | image_detection:_calculate_background_subtraction:136 | 检测到前景 (3.139%)，暂停背景学习，避免前景被学习成背景
2026-01-29 10:42:36 | WARNING | image_detection:_calculate_background_subtraction:168 | ⚠️  过滤可能过于激进：原始前景 3.14% -> 处理后 0.072%（形态学操作: 1, 最小区域: 500）建议：降低min_change_area或减小形态学核大小
2026-01-29 10:42:36 | DEBUG | image_detection:_calculate_background_subtraction:163 | 背景建模 - 原始: 34508/2073600 (1.664%), 处理后: 0/2073600 (0.000%)
2026-01-29 10:42:36 | WARNING | image_detection:_calculate_background_subtraction:168 | ⚠️  过滤可能过于激进：原始前景 1.66% -> 处理后 0.000%（形态学操作: 1, 最小区域: 500）建议：降低min_change_area或减小形态学核大小
2026-01-29 10:42:37 | DEBUG | image_detection:_calculate_background_subtraction:136 | 检测到前景 (4.695%)，暂停背景学习，避免前景被学习成背景
2026-01-29 10:42:37 | WARNING | image_detection:_calculate_background_subtraction:168 | ⚠️  过滤可能过于激进：原始前景 4.70% -> 处理后 0.000%（形态学操作: 1, 最小区域: 500）建议：降低min_change_area或减小形态学核大小
2026-01-29 10:42:37 | DEBUG | image_detection:_calculate_background_subtraction:136 | 检测到前景 (5.215%)，暂停背景学习，避免前景被学习成背景
2026-01-29 10:42:37 | DEBUG | image_detection:_calculate_background_subtraction:136 | 检测到前景 (3.168%)，暂停背景学习，避免前景被学习成背景
2026-01-29 10:42:37 | WARNING | image_detection:_calculate_background_subtraction:168 | ⚠️  过滤可能过于激进：原始前景 3.17% -> 处理后 0.068%（形态学操作: 1, 最小区域: 500）建议：降低min_change_area或减小形态学核大小
2026-01-29 10:42:37 | WARNING | image_detection:_calculate_background_subtraction:168 | ⚠️  过滤可能过于激进：原始前景 1.72% -> 处理后 0.000%（形态学操作: 1, 最小区域: 500）建议：降低min_change_area或减小形态学核大小
2026-01-29 10:42:37 | INFO | input_shaper:_log_stats_periodically:217 | [一层室外大件物品区摄像头1] InputShaper 统计 - 拉取: 750帧, 输出: 59帧, 丢弃: 0帧, 溢出: 0次, 空读: 0次, 重复: 0次, 缓冲区: 4/30
2026-01-29 10:42:38 | DEBUG | image_detection:_calculate_background_subtraction:136 | 检测到前景 (4.829%)，暂停背景学习，避免前景被学习成背景
2026-01-29 10:42:38 | WARNING | image_detection:_calculate_background_subtraction:168 | ⚠️  过滤可能过于激进：原始前景 4.83% -> 处理后 0.000%（形态学操作: 1, 最小区域: 500）建议：降低min_change_area或减小形态学核大小
2026-01-29 10:42:38 | DEBUG | image_detection:_calculate_background_subtraction:136 | 检测到前景 (5.501%)，暂停背景学习，避免前景被学习成背景
2026-01-29 10:42:38 | DEBUG | image_detection:_calculate_background_subtraction:136 | 检测到前景 (3.140%)，暂停背景学习，避免前景被学习成背景
2026-01-29 10:42:38 | WARNING | image_detection:_calculate_background_subtraction:168 | ⚠️  过滤可能过于激进：原始前景 1.60% -> 处理后 0.032%（形态学操作: 1, 最小区域: 500）建议：降低min_change_area或减小形态学核大小
2026-01-29 10:42:39 | DEBUG | image_detection:_calculate_background_subtraction:136 | 检测到前景 (4.758%)，暂停背景学习，避免前景被学习成背景
2026-01-29 10:42:39 | WARNING | image_detection:_calculate_background_subtraction:168 | ⚠️  过滤可能过于激进：原始前景 4.76% -> 处理后 0.000%（形态学操作: 1, 最小区域: 500）建议：降低min_change_area或减小形态学核大小
2026-01-29 10:42:39 | INFO | input_shaper:_log_stats_periodically:217 | [一层恒温大件物品区摄像头1] InputShaper 统计 - 拉取: 750帧, 输出: 59帧, 丢弃: 0帧, 溢出: 0次, 空读: 0次, 重复: 0次, 缓冲区: 2/30
2026-01-29 10:42:39 | ERROR | camera_monitor:_connect_rtsp:498 | RTSP连接失败
2026-01-29 10:42:39 | INFO | camera_monitor:_worker_process:202 | 后台工作线程已停止 - 摄像头: 大门区域摄像头1
2026-01-29 10:42:39 | DEBUG | image_detection:_calculate_background_subtraction:136 | 检测到前景 (5.189%)，暂停背景学习，避免前景被学习成背景
2026-01-29 10:42:39 | DEBUG | image_detection:_calculate_background_subtraction:136 | 检测到前景 (3.206%)，暂停背景学习，避免前景被学习成背景
2026-01-29 10:42:39 | WARNING | image_detection:_calculate_background_subtraction:168 | ⚠️  过滤可能过于激进：原始前景 1.71% -> 处理后 0.041%（形态学操作: 1, 最小区域: 500）建议：降低min_change_area或减小形态学核大小
2026-01-29 10:42:40 | DEBUG | image_detection:_calculate_background_subtraction:136 | 检测到前景 (4.941%)，暂停背景学习，避免前景被学习成背景
2026-01-29 10:42:40 | WARNING | image_detection:_calculate_background_subtraction:168 | ⚠️  过滤可能过于激进：原始前景 4.94% -> 处理后 0.000%（形态学操作: 1, 最小区域: 500）建议：降低min_change_area或减小形态学核大小
2026-01-29 10:42:40 | DEBUG | image_detection:_calculate_background_subtraction:136 | 检测到前景 (5.529%)，暂停背景学习，避免前景被学习成背景
2026-01-29 10:42:40 | DEBUG | image_detection:_calculate_background_subtraction:136 | 检测到前景 (2.981%)，暂停背景学习，避免前景被学习成背景
2026-01-29 10:42:40 | WARNING | image_detection:_calculate_background_subtraction:168 | ⚠️  过滤可能过于激进：原始前景 2.98% -> 处理后 0.046%（形态学操作: 1, 最小区域: 500）建议：降低min_change_area或减小形态学核大小
2026-01-29 10:42:40 | WARNING | image_detection:_calculate_background_subtraction:168 | ⚠️  过滤可能过于激进：原始前景 1.62% -> 处理后 0.044%（形态学操作: 1, 最小区域: 500）建议：降低min_change_area或减小形态学核大小
2026-01-29 10:42:41 | DEBUG | image_detection:_calculate_background_subtraction:136 | 检测到前景 (4.597%)，暂停背景学习，避免前景被学习成背景
2026-01-29 10:42:41 | WARNING | image_detection:_calculate_background_subtraction:168 | ⚠️  过滤可能过于激进：原始前景 4.60% -> 处理后 0.000%（形态学操作: 1, 最小区域: 500）建议：降低min_change_area或减小形态学核大小
2026-01-29 10:42:41 | DEBUG | image_detection:_calculate_background_subtraction:136 | 检测到前景 (5.134%)，暂停背景学习，避免前景被学习成背景
2026-01-29 10:42:41 | DEBUG | image_detection:_calculate_background_subtraction:136 | 检测到前景 (2.581%)，暂停背景学习，避免前景被学习成背景
2026-01-29 10:42:41 | WARNING | image_detection:_calculate_background_subtraction:168 | ⚠️  过滤可能过于激进：原始前景 2.58% -> 处理后 0.071%（形态学操作: 1, 最小区域: 500）建议：降低min_change_area或减小形态学核大小
2026-01-29 10:42:41 | WARNING | image_detection:_calculate_background_subtraction:168 | ⚠️  过滤可能过于激进：原始前景 1.72% -> 处理后 0.041%（形态学操作: 1, 最小区域: 500）建议：降低min_change_area或减小形态学核大小
2026-01-29 10:42:42 | DEBUG | image_detection:_calculate_background_subtraction:136 | 检测到前景 (4.546%)，暂停背景学习，避免前景被学习成背景
2026-01-29 10:42:42 | WARNING | image_detection:_calculate_background_subtraction:168 | ⚠️  过滤可能过于激进：原始前景 4.55% -> 处理后 0.000%（形态学操作: 1, 最小区域: 500）建议：降低min_change_area或减小形态学核大小
2026-01-29 10:42:42 | WARNING | __main__:restart_monitor:219 | 摄像头 1 (大门区域摄像头1) 监测已停止，尝试重启 (1/10)
2026-01-29 10:42:42 | INFO | camera_monitor:stop:150 | 停止监测摄像头: 大门区域摄像头1 (ID: 1)
2026-01-29 10:42:42 | INFO | camera_monitor:__init__:43 | 摄像头 大门区域摄像头1 (ID: 1) RTSP URL: rtsp://admin:khjy%40123@192.168.100.109:554/Streaming/Channels/100
2026-01-29 10:42:42 | INFO | image_detection:__init__:32 | 初始化背景建模检测器
2026-01-29 10:42:42 | INFO | image_storage:__init__:37 | 图片保存目录: D:\appdata\uploadPath\caseapp
2026-01-29 10:42:42 | INFO | camera_monitor:__init__:58 | 摄像头 大门区域摄像头1 将创建独立YOLO实例
2026-01-29 10:42:42 | INFO | camera_monitor:_worker_process:156 | 后台工作线程开始运行 - 摄像头: 大门区域摄像头1
2026-01-29 10:42:42 | INFO | camera_monitor:start:118 | 后台工作线程已启动: 大门区域摄像头1 (ID: 1)
2026-01-29 10:42:42 | INFO | camera_monitor:_connect_rtsp:447 | 正在连接RTSP流: rtsp://admin:khjy%40123@192.168.100.109:554/Streaming/Channels/100
2026-01-29 10:42:42 | INFO | camera_monitor:start:127 | 开始监测摄像头: 大门区域摄像头1 (ID: 1)
2026-01-29 10:42:42 | INFO | __main__:restart_monitor:244 | 摄像头 1 (大门区域摄像头1) 重启成功
2026-01-29 10:42:42 | DEBUG | image_detection:_calculate_background_subtraction:136 | 检测到前景 (5.802%)，暂停背景学习，避免前景被学习成背景
2026-01-29 10:42:42 | DEBUG | image_detection:_calculate_background_subtraction:136 | 检测到前景 (2.896%)，暂停背景学习，避免前景被学习成背景
2026-01-29 10:42:42 | WARNING | image_detection:_calculate_background_subtraction:168 | ⚠️  过滤可能过于激进：原始前景 2.90% -> 处理后 0.100%（形态学操作: 1, 最小区域: 500）建议：降低min_change_area或减小形态学核大小
2026-01-29 10:42:43 | WARNING | image_detection:_calculate_background_subtraction:168 | ⚠️  过滤可能过于激进：原始前景 1.60% -> 处理后 0.039%（形态学操作: 1, 最小区域: 500）建议：降低min_change_area或减小形态学核大小
2026-01-29 10:42:43 | DEBUG | image_detection:_calculate_background_subtraction:136 | 检测到前景 (4.345%)，暂停背景学习，避免前景被学习成背景
2026-01-29 10:42:43 | WARNING | image_detection:_calculate_background_subtraction:168 | ⚠️  过滤可能过于激进：原始前景 4.34% -> 处理后 0.000%（形态学操作: 1, 最小区域: 500）建议：降低min_change_area或减小形态学核大小
2026-01-29 10:42:43 | DEBUG | image_detection:_calculate_background_subtraction:136 | 检测到前景 (5.451%)，暂停背景学习，避免前景被学习成背景
2026-01-29 10:42:43 | DEBUG | image_detection:_calculate_background_subtraction:136 | 检测到前景 (2.395%)，暂停背景学习，避免前景被学习成背景
2026-01-29 10:42:43 | WARNING | image_detection:_calculate_background_subtraction:168 | ⚠️  过滤可能过于激进：原始前景 2.40% -> 处理后 0.073%（形态学操作: 1, 最小区域: 500）建议：降低min_change_area或减小形态学核大小
2026-01-29 10:42:44 | WARNING | image_detection:_calculate_background_subtraction:168 | ⚠️  过滤可能过于激进：原始前景 1.70% -> 处理后 0.050%（形态学操作: 1, 最小区域: 500）建议：降低min_change_area或减小形态学核大小
2026-01-29 10:42:44 | DEBUG | image_detection:_calculate_background_subtraction:136 | 检测到前景 (5.159%)，暂停背景学习，避免前景被学习成背景
2026-01-29 10:42:44 | WARNING | image_detection:_calculate_background_subtraction:168 | ⚠️  过滤可能过于激进：原始前景 5.16% -> 处理后 0.000%（形态学操作: 1, 最小区域: 500）建议：降低min_change_area或减小形态学核大小
2026-01-29 10:42:44 | DEBUG | image_detection:_calculate_background_subtraction:136 | 检测到前景 (5.732%)，暂停背景学习，避免前景被学习成背景
2026-01-29 10:42:44 | DEBUG | image_detection:_calculate_background_subtraction:136 | 检测到前景 (2.900%)，暂停背景学习，避免前景被学习成背景
2026-01-29 10:42:45 | WARNING | image_detection:_calculate_background_subtraction:168 | ⚠️  过滤可能过于激进：原始前景 1.60% -> 处理后 0.038%（形态学操作: 1, 最小区域: 500）建议：降低min_change_area或减小形态学核大小
2026-01-29 10:42:45 | DEBUG | image_detection:_calculate_background_subtraction:136 | 检测到前景 (4.839%)，暂停背景学习，避免前景被学习成背景
2026-01-29 10:42:45 | WARNING | image_detection:_calculate_background_subtraction:168 | ⚠️  过滤可能过于激进：原始前景 4.84% -> 处理后 0.000%（形态学操作: 1, 最小区域: 500）建议：降低min_change_area或减小形态学核大小
2026-01-29 10:42:45 | DEBUG | image_detection:_calculate_background_subtraction:136 | 检测到前景 (5.452%)，暂停背景学习，避免前景被学习成背景
2026-01-29 10:42:45 | DEBUG | image_detection:_calculate_background_subtraction:136 | 检测到前景 (2.378%)，暂停背景学习，避免前景被学习成背景
2026-01-29 10:42:45 | WARNING | image_detection:_calculate_background_subtraction:168 | ⚠️  过滤可能过于激进：原始前景 2.38% -> 处理后 0.073%（形态学操作: 1, 最小区域: 500）建议：降低min_change_area或减小形态学核大小
2026-01-29 10:42:46 | WARNING | image_detection:_calculate_background_subtraction:168 | ⚠️  过滤可能过于激进：原始前景 1.70% -> 处理后 0.047%（形态学操作: 1, 最小区域: 500）建议：降低min_change_area或减小形态学核大小
2026-01-29 10:42:46 | DEBUG | image_detection:_calculate_background_subtraction:136 | 检测到前景 (4.984%)，暂停背景学习，避免前景被学习成背景
2026-01-29 10:42:46 | DEBUG | image_detection:_calculate_background_subtraction:163 | 背景建模 - 原始: 103355/2073600 (4.984%), 处理后: 0/2073600 (0.000%)
2026-01-29 10:42:46 | WARNING | image_detection:_calculate_background_subtraction:168 | ⚠️  过滤可能过于激进：原始前景 4.98% -> 处理后 0.000%（形态学操作: 1, 最小区域: 500）建议：降低min_change_area或减小形态学核大小
2026-01-29 10:42:46 | DEBUG | image_detection:_calculate_background_subtraction:136 | 检测到前景 (5.771%)，暂停背景学习，避免前景被学习成背景
2026-01-29 10:42:46 | DEBUG | image_detection:_calculate_background_subtraction:136 | 检测到前景 (3.028%)，暂停背景学习，避免前景被学习成背景
2026-01-29 10:42:46 | WARNING | image_detection:_calculate_background_subtraction:168 | ⚠️  过滤可能过于激进：原始前景 3.03% -> 处理后 0.074%（形态学操作: 1, 最小区域: 500）建议：降低min_change_area或减小形态学核大小
2026-01-29 10:42:47 | WARNING | image_detection:_calculate_background_subtraction:168 | ⚠️  过滤可能过于激进：原始前景 1.64% -> 处理后 0.034%（形态学操作: 1, 最小区域: 500）建议：降低min_change_area或减小形态学核大小
2026-01-29 10:42:47 | DEBUG | image_detection:_calculate_background_subtraction:136 | 检测到前景 (4.872%)，暂停背景学习，避免前景被学习成背景
2026-01-29 10:42:47 | WARNING | image_detection:_calculate_background_subtraction:168 | ⚠️  过滤可能过于激进：原始前景 4.87% -> 处理后 0.000%（形态学操作: 1, 最小区域: 500）建议：降低min_change_area或减小形态学核大小
2026-01-29 10:42:47 | DEBUG | image_detection:_calculate_background_subtraction:136 | 检测到前景 (5.283%)，暂停背景学习，避免前景被学习成背景
2026-01-29 10:42:47 | DEBUG | image_detection:_calculate_background_subtraction:136 | 检测到前景 (2.415%)，暂停背景学习，避免前景被学习成背景
2026-01-29 10:42:47 | WARNING | image_detection:_calculate_background_subtraction:168 | ⚠️  过滤可能过于激进：原始前景 2.41% -> 处理后 0.076%（形态学操作: 1, 最小区域: 500）建议：降低min_change_area或减小形态学核大小
2026-01-29 10:42:48 | WARNING | image_detection:_calculate_background_subtraction:168 | ⚠️  过滤可能过于激进：原始前景 1.68% -> 处理后 0.000%（形态学操作: 1, 最小区域: 500）建议：降低min_change_area或减小形态学核大小
2026-01-29 10:42:48 | DEBUG | image_detection:_calculate_background_subtraction:136 | 检测到前景 (5.037%)，暂停背景学习，避免前景被学习成背景
2026-01-29 10:42:48 | WARNING | image_detection:_calculate_background_subtraction:168 | ⚠️  过滤可能过于激进：原始前景 5.04% -> 处理后 0.000%（形态学操作: 1, 最小区域: 500）建议：降低min_change_area或减小形态学核大小
2026-01-29 10:42:48 | DEBUG | image_detection:_calculate_background_subtraction:136 | 检测到前景 (5.732%)，暂停背景学习，避免前景被学习成背景
2026-01-29 10:42:48 | DEBUG | image_detection:_calculate_background_subtraction:136 | 检测到前景 (2.987%)，暂停背景学习，避免前景被学习成背景
2026-01-29 10:42:49 | WARNING | image_detection:_calculate_background_subtraction:168 | ⚠️  过滤可能过于激进：原始前景 2.99% -> 处理后 0.075%（形态学操作: 1, 最小区域: 500）建议：降低min_change_area或减小形态学核大小
2026-01-29 10:42:49 | WARNING | image_detection:_calculate_background_subtraction:168 | ⚠️  过滤可能过于激进：原始前景 1.55% -> 处理后 0.000%（形态学操作: 1, 最小区域: 500）建议：降低min_change_area或减小形态学核大小
2026-01-29 10:42:49 | DEBUG | image_detection:_calculate_background_subtraction:136 | 检测到前景 (4.704%)，暂停背景学习，避免前景被学习成背景
2026-01-29 10:42:49 | WARNING | image_detection:_calculate_background_subtraction:168 | ⚠️  过滤可能过于激进：原始前景 4.70% -> 处理后 0.000%（形态学操作: 1, 最小区域: 500）建议：降低min_change_area或减小形态学核大小
2026-01-29 10:42:49 | DEBUG | image_detection:_calculate_background_subtraction:136 | 检测到前景 (5.389%)，暂停背景学习，避免前景被学习成背景
2026-01-29 10:42:49 | DEBUG | image_detection:_calculate_background_subtraction:136 | 检测到前景 (2.450%)，暂停背景学习，避免前景被学习成背景
2026-01-29 10:42:50 | WARNING | image_detection:_calculate_background_subtraction:168 | ⚠️  过滤可能过于激进：原始前景 2.45% -> 处理后 0.073%（形态学操作: 1, 最小区域: 500）建议：降低min_change_area或减小形态学核大小
2026-01-29 10:42:50 | WARNING | image_detection:_calculate_background_subtraction:168 | ⚠️  过滤可能过于激进：原始前景 1.64% -> 处理后 0.036%（形态学操作: 1, 最小区域: 500）建议：降低min_change_area或减小形态学核大小
2026-01-29 10:42:50 | DEBUG | image_detection:_calculate_background_subtraction:136 | 检测到前景 (4.746%)，暂停背景学习，避免前景被学习成背景
2026-01-29 10:42:50 | WARNING | image_detection:_calculate_background_subtraction:168 | ⚠️  过滤可能过于激进：原始前景 4.75% -> 处理后 0.000%（形态学操作: 1, 最小区域: 500）建议：降低min_change_area或减小形态学核大小
2026-01-29 10:42:50 | DEBUG | image_detection:_calculate_background_subtraction:136 | 检测到前景 (5.613%)，暂停背景学习，避免前景被学习成背景
2026-01-29 10:42:51 | DEBUG | image_detection:_calculate_background_subtraction:136 | 检测到前景 (2.890%)，暂停背景学习，避免前景被学习成背景
2026-01-29 10:42:51 | WARNING | image_detection:_calculate_background_subtraction:168 | ⚠️  过滤可能过于激进：原始前景 2.89% -> 处理后 0.073%（形态学操作: 1, 最小区域: 500）建议：降低min_change_area或减小形态学核大小
2026-01-29 10:42:51 | WARNING | image_detection:_calculate_background_subtraction:168 | ⚠️  过滤可能过于激进：原始前景 1.56% -> 处理后 0.038%（形态学操作: 1, 最小区域: 500）建议：降低min_change_area或减小形态学核大小
2026-01-29 10:42:51 | DEBUG | image_detection:_calculate_background_subtraction:136 | 检测到前景 (4.463%)，暂停背景学习，避免前景被学习成背景
2026-01-29 10:42:51 | DEBUG | image_detection:_calculate_background_subtraction:163 | 背景建模 - 原始: 92541/2073600 (4.463%), 处理后: 0/2073600 (0.000%)
2026-01-29 10:42:51 | WARNING | image_detection:_calculate_background_subtraction:168 | ⚠️  过滤可能过于激进：原始前景 4.46% -> 处理后 0.000%（形态学操作: 1, 最小区域: 500）建议：降低min_change_area或减小形态学核大小
2026-01-29 10:42:51 | DEBUG | image_detection:_calculate_background_subtraction:136 | 检测到前景 (5.372%)，暂停背景学习，避免前景被学习成背景
2026-01-29 10:42:52 | DEBUG | image_detection:_calculate_background_subtraction:136 | 检测到前景 (2.453%)，暂停背景学习，避免前景被学习成背景
2026-01-29 10:42:52 | WARNING | image_detection:_calculate_background_subtraction:168 | ⚠️  过滤可能过于激进：原始前景 1.63% -> 处理后 0.038%（形态学操作: 1, 最小区域: 500）建议：降低min_change_area或减小形态学核大小
2026-01-29 10:42:52 | DEBUG | image_detection:_calculate_background_subtraction:136 | 检测到前景 (4.752%)，暂停背景学习，避免前景被学习成背景
2026-01-29 10:42:52 | DEBUG | image_detection:_calculate_background_subtraction:163 | 背景建模 - 原始: 98533/2073600 (4.752%), 处理后: 0/2073600 (0.000%)
2026-01-29 10:42:52 | WARNING | image_detection:_calculate_background_subtraction:168 | ⚠️  过滤可能过于激进：原始前景 4.75% -> 处理后 0.000%（形态学操作: 1, 最小区域: 500）建议：降低min_change_area或减小形态学核大小
2026-01-29 10:42:52 | DEBUG | image_detection:_calculate_background_subtraction:136 | 检测到前景 (5.699%)，暂停背景学习，避免前景被学习成背景
2026-01-29 10:42:53 | DEBUG | image_detection:_calculate_background_subtraction:136 | 检测到前景 (2.864%)，暂停背景学习，避免前景被学习成背景
2026-01-29 10:42:53 | WARNING | image_detection:_calculate_background_subtraction:168 | ⚠️  过滤可能过于激进：原始前景 2.86% -> 处理后 0.074%（形态学操作: 1, 最小区域: 500）建议：降低min_change_area或减小形态学核大小
2026-01-29 10:42:53 | WARNING | image_detection:_calculate_background_subtraction:168 | ⚠️  过滤可能过于激进：原始前景 1.58% -> 处理后 0.037%（形态学操作: 1, 最小区域: 500）建议：降低min_change_area或减小形态学核大小
2026-01-29 10:42:53 | DEBUG | image_detection:_calculate_background_subtraction:136 | 检测到前景 (4.205%)，暂停背景学习，避免前景被学习成背景
2026-01-29 10:42:53 | WARNING | image_detection:_calculate_background_subtraction:168 | ⚠️  过滤可能过于激进：原始前景 4.20% -> 处理后 0.000%（形态学操作: 1, 最小区域: 500）建议：降低min_change_area或减小形态学核大小
2026-01-29 10:42:53 | DEBUG | image_detection:_calculate_background_subtraction:136 | 检测到前景 (5.476%)，暂停背景学习，避免前景被学习成背景
2026-01-29 10:42:54 | DEBUG | image_detection:_calculate_background_subtraction:136 | 检测到前景 (2.490%)，暂停背景学习，避免前景被学习成背景
2026-01-29 10:42:54 | WARNING | image_detection:_calculate_background_subtraction:168 | ⚠️  过滤可能过于激进：原始前景 2.49% -> 处理后 0.052%（形态学操作: 1, 最小区域: 500）建议：降低min_change_area或减小形态学核大小
2026-01-29 10:42:54 | WARNING | image_detection:_calculate_background_subtraction:168 | ⚠️  过滤可能过于激进：原始前景 1.67% -> 处理后 0.036%（形态学操作: 1, 最小区域: 500）建议：降低min_change_area或减小形态学核大小
2026-01-29 10:42:54 | DEBUG | image_detection:_calculate_background_subtraction:136 | 检测到前景 (4.318%)，暂停背景学习，避免前景被学习成背景
2026-01-29 10:42:54 | WARNING | image_detection:_calculate_background_subtraction:168 | ⚠️  过滤可能过于激进：原始前景 4.32% -> 处理后 0.000%（形态学操作: 1, 最小区域: 500）建议：降低min_change_area或减小形态学核大小
2026-01-29 10:42:54 | DEBUG | image_detection:_calculate_background_subtraction:136 | 检测到前景 (5.662%)，暂停背景学习，避免前景被学习成背景
2026-01-29 10:42:55 | DEBUG | image_detection:_calculate_background_subtraction:136 | 检测到前景 (2.774%)，暂停背景学习，避免前景被学习成背景
2026-01-29 10:42:55 | WARNING | image_detection:_calculate_background_subtraction:168 | ⚠️  过滤可能过于激进：原始前景 2.77% -> 处理后 0.047%（形态学操作: 1, 最小区域: 500）建议：降低min_change_area或减小形态学核大小
2026-01-29 10:42:55 | WARNING | image_detection:_calculate_background_subtraction:168 | ⚠️  过滤可能过于激进：原始前景 1.58% -> 处理后 0.000%（形态学操作: 1, 最小区域: 500）建议：降低min_change_area或减小形态学核大小
2026-01-29 10:42:55 | DEBUG | image_detection:_calculate_background_subtraction:136 | 检测到前景 (4.173%)，暂停背景学习，避免前景被学习成背景
2026-01-29 10:42:55 | DEBUG | image_detection:_calculate_background_subtraction:163 | 背景建模 - 原始: 86541/2073600 (4.173%), 处理后: 0/2073600 (0.000%)
2026-01-29 10:42:55 | WARNING | image_detection:_calculate_background_subtraction:168 | ⚠️  过滤可能过于激进：原始前景 4.17% -> 处理后 0.000%（形态学操作: 1, 最小区域: 500）建议：降低min_change_area或减小形态学核大小
2026-01-29 10:42:55 | DEBUG | image_detection:_calculate_background_subtraction:136 | 检测到前景 (5.415%)，暂停背景学习，避免前景被学习成背景
2026-01-29 10:42:56 | DEBUG | image_detection:_calculate_background_subtraction:136 | 检测到前景 (2.459%)，暂停背景学习，避免前景被学习成背景
2026-01-29 10:42:56 | WARNING | image_detection:_calculate_background_subtraction:168 | ⚠️  过滤可能过于激进：原始前景 2.46% -> 处理后 0.072%（形态学操作: 1, 最小区域: 500）建议：降低min_change_area或减小形态学核大小
2026-01-29 10:42:56 | WARNING | image_detection:_calculate_background_subtraction:168 | ⚠️  过滤可能过于激进：原始前景 1.64% -> 处理后 0.000%（形态学操作: 1, 最小区域: 500）建议：降低min_change_area或减小形态学核大小
2026-01-29 10:42:56 | DEBUG | image_detection:_calculate_background_subtraction:136 | 检测到前景 (3.902%)，暂停背景学习，避免前景被学习成背景
2026-01-29 10:42:56 | DEBUG | image_detection:_calculate_background_subtraction:163 | 背景建模 - 原始: 80912/2073600 (3.902%), 处理后: 0/2073600 (0.000%)
2026-01-29 10:42:56 | WARNING | image_detection:_calculate_background_subtraction:168 | ⚠️  过滤可能过于激进：原始前景 3.90% -> 处理后 0.000%（形态学操作: 1, 最小区域: 500）建议：降低min_change_area或减小形态学核大小
2026-01-29 10:42:56 | DEBUG | image_detection:_calculate_background_subtraction:136 | 检测到前景 (5.703%)，暂停背景学习，避免前景被学习成背景
2026-01-29 10:42:57 | DEBUG | image_detection:_calculate_background_subtraction:136 | 检测到前景 (2.828%)，暂停背景学习，避免前景被学习成背景
2026-01-29 10:42:57 | WARNING | image_detection:_calculate_background_subtraction:168 | ⚠️  过滤可能过于激进：原始前景 2.83% -> 处理后 0.076%（形态学操作: 1, 最小区域: 500）建议：降低min_change_area或减小形态学核大小
2026-01-29 10:42:57 | WARNING | image_detection:_calculate_background_subtraction:168 | ⚠️  过滤可能过于激进：原始前景 1.57% -> 处理后 0.000%（形态学操作: 1, 最小区域: 500）建议：降低min_change_area或减小形态学核大小
2026-01-29 10:42:57 | DEBUG | image_detection:_calculate_background_subtraction:136 | 检测到前景 (3.590%)，暂停背景学习，避免前景被学习成背景
2026-01-29 10:42:57 | WARNING | image_detection:_calculate_background_subtraction:168 | ⚠️  过滤可能过于激进：原始前景 3.59% -> 处理后 0.000%（形态学操作: 1, 最小区域: 500）建议：降低min_change_area或减小形态学核大小
2026-01-29 10:42:57 | DEBUG | image_detection:_calculate_background_subtraction:136 | 检测到前景 (5.506%)，暂停背景学习，避免前景被学习成背景
2026-01-29 10:42:58 | DEBUG | image_detection:_calculate_background_subtraction:136 | 检测到前景 (2.475%)，暂停背景学习，避免前景被学习成背景
2026-01-29 10:42:58 | WARNING | image_detection:_calculate_background_subtraction:168 | ⚠️  过滤可能过于激进：原始前景 2.48% -> 处理后 0.046%（形态学操作: 1, 最小区域: 500）建议：降低min_change_area或减小形态学核大小
2026-01-29 10:42:58 | WARNING | image_detection:_calculate_background_subtraction:168 | ⚠️  过滤可能过于激进：原始前景 1.82% -> 处理后 0.000%（形态学操作: 1, 最小区域: 500）建议：降低min_change_area或减小形态学核大小
2026-01-29 10:42:58 | DEBUG | image_detection:_calculate_background_subtraction:136 | 检测到前景 (3.754%)，暂停背景学习，避免前景被学习成背景
2026-01-29 10:42:58 | WARNING | image_detection:_calculate_background_subtraction:168 | ⚠️  过滤可能过于激进：原始前景 3.75% -> 处理后 0.000%（形态学操作: 1, 最小区域: 500）建议：降低min_change_area或减小形态学核大小
2026-01-29 10:42:58 | DEBUG | image_detection:_calculate_background_subtraction:136 | 检测到前景 (5.700%)，暂停背景学习，避免前景被学习成背景
2026-01-29 10:42:59 | DEBUG | image_detection:_calculate_background_subtraction:136 | 检测到前景 (2.778%)，暂停背景学习，避免前景被学习成背景
2026-01-29 10:42:59 | WARNING | image_detection:_calculate_background_subtraction:168 | ⚠️  过滤可能过于激进：原始前景 2.78% -> 处理后 0.073%（形态学操作: 1, 最小区域: 500）建议：降低min_change_area或减小形态学核大小
2026-01-29 10:42:59 | DEBUG | image_detection:_calculate_background_subtraction:136 | 检测到前景 (54.585%)，暂停背景学习，避免前景被学习成背景
2026-01-29 10:42:59 | DEBUG | image_detection:_calculate_background_subtraction:136 | 检测到前景 (3.540%)，暂停背景学习，避免前景被学习成背景
2026-01-29 10:42:59 | WARNING | image_detection:_calculate_background_subtraction:168 | ⚠️  过滤可能过于激进：原始前景 3.54% -> 处理后 0.000%（形态学操作: 1, 最小区域: 500）建议：降低min_change_area或减小形态学核大小
2026-01-29 10:42:59 | DEBUG | image_detection:_calculate_background_subtraction:136 | 检测到前景 (5.452%)，暂停背景学习，避免前景被学习成背景
2026-01-29 10:43:00 | DEBUG | image_detection:_calculate_background_subtraction:136 | 检测到前景 (2.384%)，暂停背景学习，避免前景被学习成背景
2026-01-29 10:43:00 | WARNING | image_detection:_calculate_background_subtraction:168 | ⚠️  过滤可能过于激进：原始前景 2.38% -> 处理后 0.046%（形态学操作: 1, 最小区域: 500）建议：降低min_change_area或减小形态学核大小
2026-01-29 10:43:00 | DEBUG | image_detection:_calculate_background_subtraction:136 | 检测到前景 (55.935%)，暂停背景学习，避免前景被学习成背景
2026-01-29 10:43:00 | INFO | camera_monitor:_monitor_loop:300 | 摄像头 一层室外大件物品区摄像头1 检测到变化...
2026-01-29 10:43:00 | DEBUG | image_detection:_calculate_background_subtraction:136 | 检测到前景 (3.411%)，暂停背景学习，避免前景被学习成背景
2026-01-29 10:43:00 | WARNING | image_detection:_calculate_background_subtraction:168 | ⚠️  过滤可能过于激进：原始前景 3.41% -> 处理后 0.000%（形态学操作: 1, 最小区域: 500）建议：降低min_change_area或减小形态学核大小
2026-01-29 10:43:00 | DEBUG | image_detection:_calculate_background_subtraction:136 | 检测到前景 (5.857%)，暂停背景学习，避免前景被学习成背景
2026-01-29 10:43:01 | DEBUG | image_detection:_calculate_background_subtraction:136 | 检测到前景 (2.640%)，暂停背景学习，避免前景被学习成背景
2026-01-29 10:43:01 | WARNING | image_detection:_calculate_background_subtraction:168 | ⚠️  过滤可能过于激进：原始前景 2.64% -> 处理后 0.044%（形态学操作: 1, 最小区域: 500）建议：降低min_change_area或减小形态学核大小
2026-01-29 10:43:01 | DEBUG | image_detection:_calculate_background_subtraction:136 | 检测到前景 (55.196%)，暂停背景学习，避免前景被学习成背景
2026-01-29 10:43:01 | INFO | camera_monitor:_monitor_loop:300 | 摄像头 一层室外大件物品区摄像头1 检测到变化...
2026-01-29 10:43:01 | DEBUG | image_detection:_calculate_background_subtraction:136 | 检测到前景 (3.464%)，暂停背景学习，避免前景被学习成背景
2026-01-29 10:43:01 | WARNING | image_detection:_calculate_background_subtraction:168 | ⚠️  过滤可能过于激进：原始前景 3.46% -> 处理后 0.000%（形态学操作: 1, 最小区域: 500）建议：降低min_change_area或减小形态学核大小
2026-01-29 10:43:01 | DEBUG | image_detection:_calculate_background_subtraction:136 | 检测到前景 (5.662%)，暂停背景学习，避免前景被学习成背景
2026-01-29 10:43:02 | DEBUG | image_detection:_calculate_background_subtraction:136 | 检测到前景 (2.379%)，暂停背景学习，避免前景被学习成背景
2026-01-29 10:43:02 | WARNING | image_detection:_calculate_background_subtraction:168 | ⚠️  过滤可能过于激进：原始前景 2.38% -> 处理后 0.045%（形态学操作: 1, 最小区域: 500）建议：降低min_change_area或减小形态学核大小
2026-01-29 10:43:02 | DEBUG | image_detection:_calculate_background_subtraction:136 | 检测到前景 (54.656%)，暂停背景学习，避免前景被学习成背景
2026-01-29 10:43:02 | DEBUG | image_detection:_filter_small_areas:213 | 过滤了小区域，过滤面积: 53742.0像素 (2.592%)，保留区域数: 26
2026-01-29 10:43:02 | INFO | camera_monitor:_monitor_loop:300 | 摄像头 一层室外大件物品区摄像头1 检测到变化...
2026-01-29 10:43:02 | DEBUG | image_detection:_calculate_background_subtraction:136 | 检测到前景 (3.592%)，暂停背景学习，避免前景被学习成背景
2026-01-29 10:43:02 | WARNING | image_detection:_calculate_background_subtraction:168 | ⚠️  过滤可能过于激进：原始前景 3.59% -> 处理后 0.000%（形态学操作: 1, 最小区域: 500）建议：降低min_change_area或减小形态学核大小
2026-01-29 10:43:03 | DEBUG | image_detection:_calculate_background_subtraction:136 | 检测到前景 (4.932%)，暂停背景学习，避免前景被学习成背景
2026-01-29 10:43:03 | DEBUG | image_detection:_calculate_background_subtraction:136 | 检测到前景 (2.648%)，暂停背景学习，避免前景被学习成背景
2026-01-29 10:43:03 | WARNING | image_detection:_calculate_background_subtraction:168 | ⚠️  过滤可能过于激进：原始前景 2.65% -> 处理后 0.047%（形态学操作: 1, 最小区域: 500）建议：降低min_change_area或减小形态学核大小
2026-01-29 10:43:03 | DEBUG | image_detection:_calculate_background_subtraction:136 | 检测到前景 (54.167%)，暂停背景学习，避免前景被学习成背景
2026-01-29 10:43:03 | INFO | camera_monitor:_monitor_loop:300 | 摄像头 一层室外大件物品区摄像头1 检测到变化...
2026-01-29 10:43:03 | DEBUG | image_detection:_calculate_background_subtraction:136 | 检测到前景 (4.297%)，暂停背景学习，避免前景被学习成背景
2026-01-29 10:43:03 | WARNING | image_detection:_calculate_background_subtraction:168 | ⚠️  过滤可能过于激进：原始前景 4.30% -> 处理后 0.000%（形态学操作: 1, 最小区域: 500）建议：降低min_change_area或减小形态学核大小
2026-01-29 10:43:04 | DEBUG | image_detection:_calculate_background_subtraction:136 | 检测到前景 (5.772%)，暂停背景学习，避免前景被学习成背景
2026-01-29 10:43:04 | DEBUG | image_detection:_calculate_background_subtraction:136 | 检测到前景 (2.425%)，暂停背景学习，避免前景被学习成背景
2026-01-29 10:43:04 | WARNING | image_detection:_calculate_background_subtraction:168 | ⚠️  过滤可能过于激进：原始前景 2.43% -> 处理后 0.047%（形态学操作: 1, 最小区域: 500）建议：降低min_change_area或减小形态学核大小
2026-01-29 10:43:04 | DEBUG | image_detection:_calculate_background_subtraction:136 | 检测到前景 (54.092%)，暂停背景学习，避免前景被学习成背景
2026-01-29 10:43:04 | INFO | camera_monitor:_monitor_loop:300 | 摄像头 一层室外大件物品区摄像头1 检测到变化...
2026-01-29 10:43:04 | DEBUG | image_detection:_calculate_background_subtraction:136 | 检测到前景 (3.339%)，暂停背景学习，避免前景被学习成背景
2026-01-29 10:43:04 | WARNING | image_detection:_calculate_background_subtraction:168 | ⚠️  过滤可能过于激进：原始前景 3.34% -> 处理后 0.000%（形态学操作: 1, 最小区域: 500）建议：降低min_change_area或减小形态学核大小
2026-01-29 10:43:05 | DEBUG | image_detection:_calculate_background_subtraction:136 | 检测到前景 (4.766%)，暂停背景学习，避免前景被学习成背景
2026-01-29 10:43:05 | DEBUG | image_detection:_calculate_background_subtraction:136 | 检测到前景 (2.649%)，暂停背景学习，避免前景被学习成背景
2026-01-29 10:43:05 | WARNING | image_detection:_calculate_background_subtraction:168 | ⚠️  过滤可能过于激进：原始前景 2.65% -> 处理后 0.044%（形态学操作: 1, 最小区域: 500）建议：降低min_change_area或减小形态学核大小
2026-01-29 10:43:05 | INFO | input_shaper:_log_stats_periodically:217 | [一层室内较小库房摄像头1] InputShaper 统计 - 拉取: 751帧, 输出: 59帧, 丢弃: 0帧, 溢出: 0次, 空读: 0次, 重复: 0次, 缓冲区: 5/30
2026-01-29 10:43:05 | DEBUG | image_detection:_calculate_background_subtraction:136 | 检测到前景 (53.870%)，暂停背景学习，避免前景被学习成背景
2026-01-29 10:43:05 | INFO | camera_monitor:_monitor_loop:300 | 摄像头 一层室外大件物品区摄像头1 检测到变化...
2026-01-29 10:43:05 | DEBUG | image_detection:_calculate_background_subtraction:136 | 检测到前景 (3.955%)，暂停背景学习，避免前景被学习成背景
2026-01-29 10:43:05 | WARNING | image_detection:_calculate_background_subtraction:168 | ⚠️  过滤可能过于激进：原始前景 3.95% -> 处理后 0.000%（形态学操作: 1, 最小区域: 500）建议：降低min_change_area或减小形态学核大小
2026-01-29 10:43:06 | DEBUG | image_detection:_calculate_background_subtraction:136 | 检测到前景 (5.743%)，暂停背景学习，避免前景被学习成背景
2026-01-29 10:43:06 | DEBUG | image_detection:_calculate_background_subtraction:136 | 检测到前景 (2.535%)，暂停背景学习，避免前景被学习成背景
2026-01-29 10:43:06 | WARNING | image_detection:_calculate_background_subtraction:168 | ⚠️  过滤可能过于激进：原始前景 2.54% -> 处理后 0.045%（形态学操作: 1, 最小区域: 500）建议：降低min_change_area或减小形态学核大小
2026-01-29 10:43:06 | DEBUG | image_detection:_calculate_background_subtraction:136 | 检测到前景 (53.734%)，暂停背景学习，避免前景被学习成背景
2026-01-29 10:43:06 | INFO | camera_monitor:_monitor_loop:300 | 摄像头 一层室外大件物品区摄像头1 检测到变化...
2026-01-29 10:43:06 | INFO | input_shaper:_log_stats_periodically:217 | [一层贵重物品区摄像头1] InputShaper 统计 - 拉取: 750帧, 输出: 59帧, 丢弃: 0帧, 溢出: 0次, 空读: 0次, 重复: 0次, 缓冲区: 2/30
2026-01-29 10:43:06 | DEBUG | image_detection:_calculate_background_subtraction:136 | 检测到前景 (3.327%)，暂停背景学习，避免前景被学习成背景
2026-01-29 10:43:06 | WARNING | image_detection:_calculate_background_subtraction:168 | ⚠️  过滤可能过于激进：原始前景 3.33% -> 处理后 0.000%（形态学操作: 1, 最小区域: 500）建议：降低min_change_area或减小形态学核大小
2026-01-29 10:43:07 | DEBUG | image_detection:_calculate_background_subtraction:136 | 检测到前景 (4.901%)，暂停背景学习，避免前景被学习成背景
2026-01-29 10:43:07 | DEBUG | image_detection:_calculate_background_subtraction:136 | 检测到前景 (2.759%)，暂停背景学习，避免前景被学习成背景
2026-01-29 10:43:07 | WARNING | image_detection:_calculate_background_subtraction:168 | ⚠️  过滤可能过于激进：原始前景 2.76% -> 处理后 0.044%（形态学操作: 1, 最小区域: 500）建议：降低min_change_area或减小形态学核大小
2026-01-29 10:43:07 | DEBUG | image_detection:_calculate_background_subtraction:136 | 检测到前景 (53.461%)，暂停背景学习，避免前景被学习成背景
2026-01-29 10:43:07 | INFO | camera_monitor:_monitor_loop:300 | 摄像头 一层室外大件物品区摄像头1 检测到变化...
2026-01-29 10:43:07 | DEBUG | image_detection:_calculate_background_subtraction:136 | 检测到前景 (3.731%)，暂停背景学习，避免前景被学习成背景
2026-01-29 10:43:07 | DEBUG | image_detection:_calculate_background_subtraction:163 | 背景建模 - 原始: 77369/2073600 (3.731%), 处理后: 0/2073600 (0.000%)
2026-01-29 10:43:07 | WARNING | image_detection:_calculate_background_subtraction:168 | ⚠️  过滤可能过于激进：原始前景 3.73% -> 处理后 0.000%（形态学操作: 1, 最小区域: 500）建议：降低min_change_area或减小形态学核大小
2026-01-29 10:43:07 | INFO | input_shaper:_log_stats_periodically:217 | [一层室外大件物品区摄像头1] InputShaper 统计 - 拉取: 750帧, 输出: 58帧, 丢弃: 0帧, 溢出: 0次, 空读: 0次, 重复: 0次, 缓冲区: 12/30
2026-01-29 10:43:08 | DEBUG | image_detection:_calculate_background_subtraction:136 | 检测到前景 (6.067%)，暂停背景学习，避免前景被学习成背景
2026-01-29 10:43:08 | DEBUG | image_detection:_calculate_background_subtraction:136 | 检测到前景 (2.580%)，暂停背景学习，避免前景被学习成背景
2026-01-29 10:43:08 | WARNING | image_detection:_calculate_background_subtraction:168 | ⚠️  过滤可能过于激进：原始前景 2.58% -> 处理后 0.074%（形态学操作: 1, 最小区域: 500）建议：降低min_change_area或减小形态学核大小
2026-01-29 10:43:08 | DEBUG | image_detection:_calculate_background_subtraction:136 | 检测到前景 (53.315%)，暂停背景学习，避免前景被学习成背景
2026-01-29 10:43:08 | DEBUG | image_detection:_filter_small_areas:213 | 过滤了小区域，过滤面积: 50953.5像素 (2.457%)，保留区域数: 25
2026-01-29 10:43:08 | INFO | camera_monitor:_monitor_loop:300 | 摄像头 一层室外大件物品区摄像头1 检测到变化...
2026-01-29 10:43:08 | DEBUG | image_detection:_calculate_background_subtraction:136 | 检测到前景 (3.274%)，暂停背景学习，避免前景被学习成背景
2026-01-29 10:43:08 | WARNING | image_detection:_calculate_background_subtraction:168 | ⚠️  过滤可能过于激进：原始前景 3.27% -> 处理后 0.000%（形态学操作: 1, 最小区域: 500）建议：降低min_change_area或减小形态学核大小
2026-01-29 10:43:09 | DEBUG | image_detection:_calculate_background_subtraction:136 | 检测到前景 (5.071%)，暂停背景学习，避免前景被学习成背景
2026-01-29 10:43:09 | INFO | input_shaper:_log_stats_periodically:217 | [一层恒温大件物品区摄像头1] InputShaper 统计 - 拉取: 751帧, 输出: 58帧, 丢弃: 0帧, 溢出: 0次, 空读: 0次, 重复: 0次, 缓冲区: 12/30
2026-01-29 10:43:09 | ERROR | camera_monitor:_connect_rtsp:498 | RTSP连接失败
2026-01-29 10:43:09 | DEBUG | image_detection:_calculate_background_subtraction:136 | 检测到前景 (2.796%)，暂停背景学习，避免前景被学习成背景
2026-01-29 10:43:09 | WARNING | image_detection:_calculate_background_subtraction:168 | ⚠️  过滤可能过于激进：原始前景 2.80% -> 处理后 0.046%（形态学操作: 1, 最小区域: 500）建议：降低min_change_area或减小形态学核大小
2026-01-29 10:43:09 | DEBUG | image_detection:_calculate_background_subtraction:136 | 检测到前景 (52.989%)，暂停背景学习，避免前景被学习成背景
2026-01-29 10:43:09 | INFO | camera_monitor:_monitor_loop:300 | 摄像头 一层室外大件物品区摄像头1 检测到变化...
2026-01-29 10:43:09 | INFO | camera_monitor:_worker_process:202 | 后台工作线程已停止 - 摄像头: 一层贵重物品区摄像头1
2026-01-29 10:43:09 | DEBUG | image_detection:_calculate_background_subtraction:136 | 检测到前景 (3.524%)，暂停背景学习，避免前景被学习成背景
2026-01-29 10:43:09 | WARNING | image_detection:_calculate_background_subtraction:168 | ⚠️  过滤可能过于激进：原始前景 3.52% -> 处理后 0.000%（形态学操作: 1, 最小区域: 500）建议：降低min_change_area或减小形态学核大小
2026-01-29 10:43:10 | DEBUG | image_detection:_calculate_background_subtraction:136 | 检测到前景 (5.976%)，暂停背景学习，避免前景被学习成背景
2026-01-29 10:43:10 | DEBUG | image_detection:_calculate_background_subtraction:136 | 检测到前景 (2.627%)，暂停背景学习，避免前景被学习成背景
2026-01-29 10:43:10 | WARNING | image_detection:_calculate_background_subtraction:168 | ⚠️  过滤可能过于激进：原始前景 2.63% -> 处理后 0.044%（形态学操作: 1, 最小区域: 500）建议：降低min_change_area或减小形态学核大小
2026-01-29 10:43:10 | DEBUG | image_detection:_calculate_background_subtraction:136 | 检测到前景 (52.868%)，暂停背景学习，避免前景被学习成背景
2026-01-29 10:43:10 | INFO | camera_monitor:_monitor_loop:300 | 摄像头 一层室外大件物品区摄像头1 检测到变化...
2026-01-29 10:43:10 | DEBUG | image_detection:_calculate_background_subtraction:136 | 检测到前景 (3.152%)，暂停背景学习，避免前景被学习成背景
2026-01-29 10:43:10 | DEBUG | image_detection:_calculate_background_subtraction:163 | 背景建模 - 原始: 65370/2073600 (3.152%), 处理后: 0/2073600 (0.000%)
2026-01-29 10:43:10 | WARNING | image_detection:_calculate_background_subtraction:168 | ⚠️  过滤可能过于激进：原始前景 3.15% -> 处理后 0.000%（形态学操作: 1, 最小区域: 500）建议：降低min_change_area或减小形态学核大小
2026-01-29 10:43:11 | DEBUG | image_detection:_calculate_background_subtraction:136 | 检测到前景 (5.152%)，暂停背景学习，避免前景被学习成背景
2026-01-29 10:43:11 | DEBUG | image_detection:_calculate_background_subtraction:136 | 检测到前景 (2.837%)，暂停背景学习，避免前景被学习成背景
2026-01-29 10:43:11 | WARNING | image_detection:_calculate_background_subtraction:168 | ⚠️  过滤可能过于激进：原始前景 2.84% -> 处理后 0.046%（形态学操作: 1, 最小区域: 500）建议：降低min_change_area或减小形态学核大小
2026-01-29 10:43:11 | DEBUG | image_detection:_calculate_background_subtraction:136 | 检测到前景 (52.641%)，暂停背景学习，避免前景被学习成背景
2026-01-29 10:43:11 | INFO | camera_monitor:_monitor_loop:300 | 摄像头 一层室外大件物品区摄像头1 检测到变化...
2026-01-29 10:43:11 | DEBUG | image_detection:_calculate_background_subtraction:136 | 检测到前景 (3.453%)，暂停背景学习，避免前景被学习成背景
2026-01-29 10:43:11 | DEBUG | image_detection:_calculate_background_subtraction:163 | 背景建模 - 原始: 71595/2073600 (3.453%), 处理后: 0/2073600 (0.000%)
2026-01-29 10:43:11 | WARNING | image_detection:_calculate_background_subtraction:168 | ⚠️  过滤可能过于激进：原始前景 3.45% -> 处理后 0.000%（形态学操作: 1, 最小区域: 500）建议：降低min_change_area或减小形态学核大小
2026-01-29 10:43:12 | DEBUG | image_detection:_calculate_background_subtraction:136 | 检测到前景 (5.936%)，暂停背景学习，避免前景被学习成背景
2026-01-29 10:43:12 | DEBUG | image_detection:_calculate_background_subtraction:136 | 检测到前景 (2.617%)，暂停背景学习，避免前景被学习成背景
2026-01-29 10:43:12 | WARNING | image_detection:_calculate_background_subtraction:168 | ⚠️  过滤可能过于激进：原始前景 2.62% -> 处理后 0.073%（形态学操作: 1, 最小区域: 500）建议：降低min_change_area或减小形态学核大小
2026-01-29 10:43:12 | DEBUG | image_detection:_calculate_background_subtraction:136 | 检测到前景 (52.325%)，暂停背景学习，避免前景被学习成背景
2026-01-29 10:43:12 | INFO | camera_monitor:_monitor_loop:300 | 摄像头 一层室外大件物品区摄像头1 检测到变化...
2026-01-29 10:43:12 | WARNING | __main__:restart_monitor:219 | 摄像头 4 (一层贵重物品区摄像头1) 监测已停止，尝试重启 (1/10)
2026-01-29 10:43:12 | INFO | camera_monitor:stop:150 | 停止监测摄像头: 一层贵重物品区摄像头1 (ID: 4)
2026-01-29 10:43:12 | INFO | camera_monitor:__init__:43 | 摄像头 一层贵重物品区摄像头1 (ID: 4) RTSP URL: rtsp://admin:khjy%40321@192.168.100.110:554/cam/realmonitor?channel=1&subtype=1
2026-01-29 10:43:12 | INFO | image_detection:__init__:32 | 初始化背景建模检测器
2026-01-29 10:43:12 | INFO | image_storage:__init__:37 | 图片保存目录: D:\appdata\uploadPath\caseapp
2026-01-29 10:43:12 | INFO | camera_monitor:__init__:58 | 摄像头 一层贵重物品区摄像头1 将创建独立YOLO实例
2026-01-29 10:43:12 | INFO | camera_monitor:_worker_process:156 | 后台工作线程开始运行 - 摄像头: 一层贵重物品区摄像头1
2026-01-29 10:43:12 | INFO | camera_monitor:start:118 | 后台工作线程已启动: 一层贵重物品区摄像头1 (ID: 4)
2026-01-29 10:43:12 | INFO | camera_monitor:_connect_rtsp:447 | 正在连接RTSP流: rtsp://admin:khjy%40321@192.168.100.110:554/cam/realmonitor?channel=1&subtype=1
2026-01-29 10:43:12 | INFO | camera_monitor:start:127 | 开始监测摄像头: 一层贵重物品区摄像头1 (ID: 4)
2026-01-29 10:43:12 | INFO | __main__:restart_monitor:244 | 摄像头 4 (一层贵重物品区摄像头1) 重启成功
2026-01-29 10:43:12 | DEBUG | image_detection:_calculate_background_subtraction:136 | 检测到前景 (3.065%)，暂停背景学习，避免前景被学习成背景
2026-01-29 10:43:12 | WARNING | image_detection:_calculate_background_subtraction:168 | ⚠️  过滤可能过于激进：原始前景 3.06% -> 处理后 0.000%（形态学操作: 1, 最小区域: 500）建议：降低min_change_area或减小形态学核大小
2026-01-29 10:43:13 | DEBUG | image_detection:_calculate_background_subtraction:136 | 检测到前景 (5.251%)，暂停背景学习，避免前景被学习成背景
2026-01-29 10:43:13 | DEBUG | image_detection:_calculate_background_subtraction:136 | 检测到前景 (2.860%)，暂停背景学习，避免前景被学习成背景
2026-01-29 10:43:13 | WARNING | image_detection:_calculate_background_subtraction:168 | ⚠️  过滤可能过于激进：原始前景 2.86% -> 处理后 0.075%（形态学操作: 1, 最小区域: 500）建议：降低min_change_area或减小形态学核大小
2026-01-29 10:43:13 | DEBUG | image_detection:_calculate_background_subtraction:136 | 检测到前景 (51.865%)，暂停背景学习，避免前景被学习成背景
2026-01-29 10:43:13 | INFO | camera_monitor:_monitor_loop:300 | 摄像头 一层室外大件物品区摄像头1 检测到变化...
2026-01-29 10:43:13 | DEBUG | image_detection:_calculate_background_subtraction:136 | 检测到前景 (3.301%)，暂停背景学习，避免前景被学习成背景
2026-01-29 10:43:13 | WARNING | image_detection:_calculate_background_subtraction:168 | ⚠️  过滤可能过于激进：原始前景 3.30% -> 处理后 0.000%（形态学操作: 1, 最小区域: 500）建议：降低min_change_area或减小形态学核大小
2026-01-29 10:43:14 | DEBUG | image_detection:_calculate_background_subtraction:136 | 检测到前景 (6.024%)，暂停背景学习，避免前景被学习成背景
2026-01-29 10:43:14 | DEBUG | image_detection:_calculate_background_subtraction:136 | 检测到前景 (2.720%)，暂停背景学习，避免前景被学习成背景
2026-01-29 10:43:14 | WARNING | image_detection:_calculate_background_subtraction:168 | ⚠️  过滤可能过于激进：原始前景 2.72% -> 处理后 0.075%（形态学操作: 1, 最小区域: 500）建议：降低min_change_area或减小形态学核大小
2026-01-29 10:43:14 | DEBUG | image_detection:_calculate_background_subtraction:136 | 检测到前景 (51.670%)，暂停背景学习，避免前景被学习成背景
2026-01-29 10:43:14 | INFO | camera_monitor:_monitor_loop:300 | 摄像头 一层室外大件物品区摄像头1 检测到变化...
2026-01-29 10:43:14 | DEBUG | image_detection:_calculate_background_subtraction:136 | 检测到前景 (3.228%)，暂停背景学习，避免前景被学习成背景
2026-01-29 10:43:14 | WARNING | image_detection:_calculate_background_subtraction:168 | ⚠️  过滤可能过于激进：原始前景 3.23% -> 处理后 0.000%（形态学操作: 1, 最小区域: 500）建议：降低min_change_area或减小形态学核大小
2026-01-29 10:43:15 | DEBUG | image_detection:_calculate_background_subtraction:136 | 检测到前景 (5.380%)，暂停背景学习，避免前景被学习成背景
2026-01-29 10:43:15 | DEBUG | image_detection:_calculate_background_subtraction:136 | 检测到前景 (2.944%)，暂停背景学习，避免前景被学习成背景
2026-01-29 10:43:15 | WARNING | image_detection:_calculate_background_subtraction:168 | ⚠️  过滤可能过于激进：原始前景 2.94% -> 处理后 0.043%（形态学操作: 1, 最小区域: 500）建议：降低min_change_area或减小形态学核大小
2026-01-29 10:43:15 | DEBUG | image_detection:_calculate_background_subtraction:136 | 检测到前景 (51.348%)，暂停背景学习，避免前景被学习成背景
2026-01-29 10:43:15 | INFO | camera_monitor:_monitor_loop:300 | 摄像头 一层室外大件物品区摄像头1 检测到变化...
2026-01-29 10:43:15 | DEBUG | image_detection:_calculate_background_subtraction:136 | 检测到前景 (3.299%)，暂停背景学习，避免前景被学习成背景
2026-01-29 10:43:15 | WARNING | image_detection:_calculate_background_subtraction:168 | ⚠️  过滤可能过于激进：原始前景 3.30% -> 处理后 0.000%（形态学操作: 1, 最小区域: 500）建议：降低min_change_area或减小形态学核大小
2026-01-29 10:43:16 | DEBUG | image_detection:_calculate_background_subtraction:136 | 检测到前景 (6.028%)，暂停背景学习，避免前景被学习成背景
2026-01-29 10:43:16 | DEBUG | image_detection:_calculate_background_subtraction:136 | 检测到前景 (2.788%)，暂停背景学习，避免前景被学习成背景
2026-01-29 10:43:16 | WARNING | image_detection:_calculate_background_subtraction:168 | ⚠️  过滤可能过于激进：原始前景 2.79% -> 处理后 0.038%（形态学操作: 1, 最小区域: 500）建议：降低min_change_area或减小形态学核大小
2026-01-29 10:43:16 | DEBUG | image_detection:_calculate_background_subtraction:136 | 检测到前景 (51.153%)，暂停背景学习，避免前景被学习成背景
2026-01-29 10:43:16 | INFO | camera_monitor:_monitor_loop:300 | 摄像头 一层室外大件物品区摄像头1 检测到变化...
2026-01-29 10:43:16 | DEBUG | image_detection:_calculate_background_subtraction:136 | 检测到前景 (3.129%)，暂停背景学习，避免前景被学习成背景
2026-01-29 10:43:16 | WARNING | image_detection:_calculate_background_subtraction:168 | ⚠️  过滤可能过于激进：原始前景 3.13% -> 处理后 0.000%（形态学操作: 1, 最小区域: 500）建议：降低min_change_area或减小形态学核大小
2026-01-29 10:43:17 | DEBUG | image_detection:_calculate_background_subtraction:136 | 检测到前景 (5.427%)，暂停背景学习，避免前景被学习成背景
2026-01-29 10:43:17 | DEBUG | image_detection:_calculate_background_subtraction:136 | 检测到前景 (2.991%)，暂停背景学习，避免前景被学习成背景
2026-01-29 10:43:17 | WARNING | image_detection:_calculate_background_subtraction:168 | ⚠️  过滤可能过于激进：原始前景 2.99% -> 处理后 0.041%（形态学操作: 1, 最小区域: 500）建议：降低min_change_area或减小形态学核大小
2026-01-29 10:43:17 | DEBUG | image_detection:_calculate_background_subtraction:136 | 检测到前景 (51.176%)，暂停背景学习，避免前景被学习成背景
2026-01-29 10:43:17 | INFO | camera_monitor:_monitor_loop:300 | 摄像头 一层室外大件物品区摄像头1 检测到变化...
2026-01-29 10:43:17 | DEBUG | image_detection:_calculate_background_subtraction:136 | 检测到前景 (3.359%)，暂停背景学习，避免前景被学习成背景
2026-01-29 10:43:18 | WARNING | image_detection:_calculate_background_subtraction:168 | ⚠️  过滤可能过于激进：原始前景 3.36% -> 处理后 0.000%（形态学操作: 1, 最小区域: 500）建议：降低min_change_area或减小形态学核大小
2026-01-29 10:43:18 | DEBUG | image_detection:_calculate_background_subtraction:136 | 检测到前景 (6.042%)，暂停背景学习，避免前景被学习成背景
2026-01-29 10:43:18 | DEBUG | image_detection:_calculate_background_subtraction:136 | 检测到前景 (2.840%)，暂停背景学习，避免前景被学习成背景
2026-01-29 10:43:18 | WARNING | image_detection:_calculate_background_subtraction:168 | ⚠️  过滤可能过于激进：原始前景 2.84% -> 处理后 0.063%（形态学操作: 1, 最小区域: 500）建议：降低min_change_area或减小形态学核大小
2026-01-29 10:43:18 | DEBUG | image_detection:_calculate_background_subtraction:136 | 检测到前景 (50.897%)，暂停背景学习，避免前景被学习成背景
2026-01-29 10:43:18 | DEBUG | image_detection:_filter_small_areas:213 | 过滤了小区域，过滤面积: 53680.5像素 (2.589%)，保留区域数: 30
2026-01-29 10:43:18 | INFO | camera_monitor:_monitor_loop:300 | 摄像头 一层室外大件物品区摄像头1 检测到变化...
2026-01-29 10:43:19 | DEBUG | image_detection:_calculate_background_subtraction:136 | 检测到前景 (3.184%)，暂停背景学习，避免前景被学习成背景
2026-01-29 10:43:19 | WARNING | image_detection:_calculate_background_subtraction:168 | ⚠️  过滤可能过于激进：原始前景 3.18% -> 处理后 0.000%（形态学操作: 1, 最小区域: 500）建议：降低min_change_area或减小形态学核大小
2026-01-29 10:43:19 | DEBUG | image_detection:_calculate_background_subtraction:136 | 检测到前景 (5.511%)，暂停背景学习，避免前景被学习成背景
2026-01-29 10:43:19 | DEBUG | image_detection:_calculate_background_subtraction:136 | 检测到前景 (3.086%)，暂停背景学习，避免前景被学习成背景
2026-01-29 10:43:19 | WARNING | image_detection:_calculate_background_subtraction:168 | ⚠️  过滤可能过于激进：原始前景 3.09% -> 处理后 0.068%（形态学操作: 1, 最小区域: 500）建议：降低min_change_area或减小形态学核大小
2026-01-29 10:43:19 | DEBUG | image_detection:_calculate_background_subtraction:136 | 检测到前景 (50.535%)，暂停背景学习，避免前景被学习成背景
2026-01-29 10:43:19 | INFO | camera_monitor:_monitor_loop:300 | 摄像头 一层室外大件物品区摄像头1 检测到变化...
2026-01-29 10:43:20 | DEBUG | image_detection:_calculate_background_subtraction:136 | 检测到前景 (3.352%)，暂停背景学习，避免前景被学习成背景
2026-01-29 10:43:20 | WARNING | image_detection:_calculate_background_subtraction:168 | ⚠️  过滤可能过于激进：原始前景 3.35% -> 处理后 0.000%（形态学操作: 1, 最小区域: 500）建议：降低min_change_area或减小形态学核大小
2026-01-29 10:43:20 | DEBUG | image_detection:_calculate_background_subtraction:136 | 检测到前景 (6.049%)，暂停背景学习，避免前景被学习成背景
2026-01-29 10:43:20 | DEBUG | image_detection:_calculate_background_subtraction:136 | 检测到前景 (2.932%)，暂停背景学习，避免前景被学习成背景
2026-01-29 10:43:20 | WARNING | image_detection:_calculate_background_subtraction:168 | ⚠️  过滤可能过于激进：原始前景 2.93% -> 处理后 0.072%（形态学操作: 1, 最小区域: 500）建议：降低min_change_area或减小形态学核大小
2026-01-29 10:43:20 | DEBUG | image_detection:_calculate_background_subtraction:136 | 检测到前景 (50.258%)，暂停背景学习，避免前景被学习成背景
2026-01-29 10:43:20 | INFO | camera_monitor:_monitor_loop:300 | 摄像头 一层室外大件物品区摄像头1 检测到变化...
2026-01-29 10:43:21 | DEBUG | image_detection:_calculate_background_subtraction:136 | 检测到前景 (3.395%)，暂停背景学习，避免前景被学习成背景
2026-01-29 10:43:21 | WARNING | image_detection:_calculate_background_subtraction:168 | ⚠️  过滤可能过于激进：原始前景 3.40% -> 处理后 0.000%（形态学操作: 1, 最小区域: 500）建议：降低min_change_area或减小形态学核大小
2026-01-29 10:43:21 | DEBUG | image_detection:_calculate_background_subtraction:136 | 检测到前景 (5.535%)，暂停背景学习，避免前景被学习成背景
2026-01-29 10:43:21 | DEBUG | image_detection:_calculate_background_subtraction:136 | 检测到前景 (3.095%)，暂停背景学习，避免前景被学习成背景
2026-01-29 10:43:21 | WARNING | image_detection:_calculate_background_subtraction:168 | ⚠️  过滤可能过于激进：原始前景 3.09% -> 处理后 0.072%（形态学操作: 1, 最小区域: 500）建议：降低min_change_area或减小形态学核大小
2026-01-29 10:43:21 | DEBUG | image_detection:_calculate_background_subtraction:136 | 检测到前景 (50.118%)，暂停背景学习，避免前景被学习成背景
2026-01-29 10:43:21 | INFO | camera_monitor:_monitor_loop:300 | 摄像头 一层室外大件物品区摄像头1 检测到变化...
2026-01-29 10:43:22 | DEBUG | image_detection:_calculate_background_subtraction:136 | 检测到前景 (3.406%)，暂停背景学习，避免前景被学习成背景
2026-01-29 10:43:22 | WARNING | image_detection:_calculate_background_subtraction:168 | ⚠️  过滤可能过于激进：原始前景 3.41% -> 处理后 0.000%（形态学操作: 1, 最小区域: 500）建议：降低min_change_area或减小形态学核大小
2026-01-29 10:43:22 | DEBUG | image_detection:_calculate_background_subtraction:136 | 检测到前景 (6.010%)，暂停背景学习，避免前景被学习成背景
2026-01-29 10:43:22 | DEBUG | image_detection:_calculate_background_subtraction:136 | 检测到前景 (3.025%)，暂停背景学习，避免前景被学习成背景
2026-01-29 10:43:22 | WARNING | image_detection:_calculate_background_subtraction:168 | ⚠️  过滤可能过于激进：原始前景 3.02% -> 处理后 0.044%（形态学操作: 1, 最小区域: 500）建议：降低min_change_area或减小形态学核大小
2026-01-29 10:43:22 | DEBUG | image_detection:_calculate_background_subtraction:136 | 检测到前景 (50.856%)，暂停背景学习，避免前景被学习成背景
2026-01-29 10:43:22 | INFO | camera_monitor:_monitor_loop:300 | 摄像头 一层室外大件物品区摄像头1 检测到变化...
2026-01-29 10:43:23 | DEBUG | image_detection:_calculate_background_subtraction:136 | 检测到前景 (3.412%)，暂停背景学习，避免前景被学习成背景
2026-01-29 10:43:23 | WARNING | image_detection:_calculate_background_subtraction:168 | ⚠️  过滤可能过于激进：原始前景 3.41% -> 处理后 0.000%（形态学操作: 1, 最小区域: 500）建议：降低min_change_area或减小形态学核大小
2026-01-29 10:43:23 | DEBUG | image_detection:_calculate_background_subtraction:136 | 检测到前景 (5.526%)，暂停背景学习，避免前景被学习成背景
2026-01-29 10:43:23 | DEBUG | image_detection:_calculate_background_subtraction:136 | 检测到前景 (3.305%)，暂停背景学习，避免前景被学习成背景
2026-01-29 10:43:23 | WARNING | image_detection:_calculate_background_subtraction:168 | ⚠️  过滤可能过于激进：原始前景 3.30% -> 处理后 0.046%（形态学操作: 1, 最小区域: 500）建议：降低min_change_area或减小形态学核大小
2026-01-29 10:43:23 | DEBUG | image_detection:_calculate_background_subtraction:136 | 检测到前景 (50.555%)，暂停背景学习，避免前景被学习成背景
2026-01-29 10:43:24 | INFO | camera_monitor:_monitor_loop:300 | 摄像头 一层室外大件物品区摄像头1 检测到变化...
2026-01-29 10:43:24 | DEBUG | image_detection:_calculate_background_subtraction:136 | 检测到前景 (3.663%)，暂停背景学习，避免前景被学习成背景
2026-01-29 10:43:24 | WARNING | image_detection:_calculate_background_subtraction:168 | ⚠️  过滤可能过于激进：原始前景 3.66% -> 处理后 0.000%（形态学操作: 1, 最小区域: 500）建议：降低min_change_area或减小形态学核大小
2026-01-29 10:43:24 | DEBUG | image_detection:_calculate_background_subtraction:136 | 检测到前景 (6.061%)，暂停背景学习，避免前景被学习成背景
2026-01-29 10:43:24 | DEBUG | image_detection:_calculate_background_subtraction:136 | 检测到前景 (3.167%)，暂停背景学习，避免前景被学习成背景
2026-01-29 10:43:24 | WARNING | image_detection:_calculate_background_subtraction:168 | ⚠️  过滤可能过于激进：原始前景 3.17% -> 处理后 0.042%（形态学操作: 1, 最小区域: 500）建议：降低min_change_area或减小形态学核大小
2026-01-29 10:43:24 | DEBUG | image_detection:_calculate_background_subtraction:136 | 检测到前景 (50.508%)，暂停背景学习，避免前景被学习成背景
2026-01-29 10:43:25 | DEBUG | image_detection:_filter_small_areas:213 | 过滤了小区域，过滤面积: 55549.0像素 (2.679%)，保留区域数: 30
2026-01-29 10:43:25 | INFO | camera_monitor:_monitor_loop:300 | 摄像头 一层室外大件物品区摄像头1 检测到变化...
2026-01-29 10:43:25 | DEBUG | image_detection:_calculate_background_subtraction:136 | 检测到前景 (3.503%)，暂停背景学习，避免前景被学习成背景
2026-01-29 10:43:25 | WARNING | image_detection:_calculate_background_subtraction:168 | ⚠️  过滤可能过于激进：原始前景 3.50% -> 处理后 0.000%（形态学操作: 1, 最小区域: 500）建议：降低min_change_area或减小形态学核大小
2026-01-29 10:43:25 | DEBUG | image_detection:_calculate_background_subtraction:136 | 检测到前景 (5.293%)，暂停背景学习，避免前景被学习成背景
2026-01-29 10:43:25 | DEBUG | image_detection:_calculate_background_subtraction:136 | 检测到前景 (3.303%)，暂停背景学习，避免前景被学习成背景
2026-01-29 10:43:25 | WARNING | image_detection:_calculate_background_subtraction:168 | ⚠️  过滤可能过于激进：原始前景 3.30% -> 处理后 0.042%（形态学操作: 1, 最小区域: 500）建议：降低min_change_area或减小形态学核大小
2026-01-29 10:43:25 | DEBUG | image_detection:_calculate_background_subtraction:136 | 检测到前景 (50.270%)，暂停背景学习，避免前景被学习成背景
2026-01-29 10:43:26 | INFO | camera_monitor:_monitor_loop:300 | 摄像头 一层室外大件物品区摄像头1 检测到变化...
2026-01-29 10:43:26 | DEBUG | image_detection:_calculate_background_subtraction:136 | 检测到前景 (3.546%)，暂停背景学习，避免前景被学习成背景
2026-01-29 10:43:26 | DEBUG | image_detection:_calculate_background_subtraction:163 | 背景建模 - 原始: 73540/2073600 (3.546%), 处理后: 0/2073600 (0.000%)
2026-01-29 10:43:26 | WARNING | image_detection:_calculate_background_subtraction:168 | ⚠️  过滤可能过于激进：原始前景 3.55% -> 处理后 0.000%（形态学操作: 1, 最小区域: 500）建议：降低min_change_area或减小形态学核大小
2026-01-29 10:43:26 | DEBUG | image_detection:_calculate_background_subtraction:136 | 检测到前景 (5.800%)，暂停背景学习，避免前景被学习成背景
2026-01-29 10:43:26 | DEBUG | image_detection:_calculate_background_subtraction:136 | 检测到前景 (3.301%)，暂停背景学习，避免前景被学习成背景
2026-01-29 10:43:26 | WARNING | image_detection:_calculate_background_subtraction:168 | ⚠️  过滤可能过于激进：原始前景 3.30% -> 处理后 0.042%（形态学操作: 1, 最小区域: 500）建议：降低min_change_area或减小形态学核大小
2026-01-29 10:43:26 | DEBUG | image_detection:_calculate_background_subtraction:136 | 检测到前景 (50.062%)，暂停背景学习，避免前景被学习成背景
2026-01-29 10:43:27 | INFO | camera_monitor:_monitor_loop:300 | 摄像头 一层室外大件物品区摄像头1 检测到变化...
2026-01-29 10:43:27 | DEBUG | image_detection:_calculate_background_subtraction:136 | 检测到前景 (3.708%)，暂停背景学习，避免前景被学习成背景
2026-01-29 10:43:27 | WARNING | image_detection:_calculate_background_subtraction:168 | ⚠️  过滤可能过于激进：原始前景 3.71% -> 处理后 0.000%（形态学操作: 1, 最小区域: 500）建议：降低min_change_area或减小形态学核大小
2026-01-29 10:43:27 | DEBUG | image_detection:_calculate_background_subtraction:136 | 检测到前景 (5.587%)，暂停背景学习，避免前景被学习成背景
2026-01-29 10:43:27 | DEBUG | image_detection:_calculate_background_subtraction:136 | 检测到前景 (3.436%)，暂停背景学习，避免前景被学习成背景
2026-01-29 10:43:27 | WARNING | image_detection:_calculate_background_subtraction:168 | ⚠️  过滤可能过于激进：原始前景 3.44% -> 处理后 0.042%（形态学操作: 1, 最小区域: 500）建议：降低min_change_area或减小形态学核大小
2026-01-29 10:43:28 | DEBUG | image_detection:_calculate_background_subtraction:136 | 检测到前景 (49.949%)，暂停背景学习，避免前景被学习成背景
2026-01-29 10:43:28 | INFO | camera_monitor:_monitor_loop:300 | 摄像头 一层室外大件物品区摄像头1 检测到变化...
2026-01-29 10:43:28 | DEBUG | image_detection:_calculate_background_subtraction:136 | 检测到前景 (4.127%)，暂停背景学习，避免前景被学习成背景
2026-01-29 10:43:28 | WARNING | image_detection:_calculate_background_subtraction:168 | ⚠️  过滤可能过于激进：原始前景 4.13% -> 处理后 0.000%（形态学操作: 1, 最小区域: 500）建议：降低min_change_area或减小形态学核大小
2026-01-29 10:43:28 | DEBUG | image_detection:_calculate_background_subtraction:136 | 检测到前景 (5.957%)，暂停背景学习，避免前景被学习成背景
2026-01-29 10:43:28 | DEBUG | image_detection:_calculate_background_subtraction:136 | 检测到前景 (3.427%)，暂停背景学习，避免前景被学习成背景
2026-01-29 10:43:28 | WARNING | image_detection:_calculate_background_subtraction:168 | ⚠️  过滤可能过于激进：原始前景 3.43% -> 处理后 0.042%（形态学操作: 1, 最小区域: 500）建议：降低min_change_area或减小形态学核大小
2026-01-29 10:43:29 | DEBUG | image_detection:_calculate_background_subtraction:136 | 检测到前景 (49.758%)，暂停背景学习，避免前景被学习成背景
2026-01-29 10:43:29 | INFO | camera_monitor:_monitor_loop:300 | 摄像头 一层室外大件物品区摄像头1 检测到变化...
2026-01-29 10:43:29 | DEBUG | image_detection:_calculate_background_subtraction:136 | 检测到前景 (3.973%)，暂停背景学习，避免前景被学习成背景
2026-01-29 10:43:29 | WARNING | image_detection:_calculate_background_subtraction:168 | ⚠️  过滤可能过于激进：原始前景 3.97% -> 处理后 0.000%（形态学操作: 1, 最小区域: 500）建议：降低min_change_area或减小形态学核大小
2026-01-29 10:43:29 | DEBUG | image_detection:_calculate_background_subtraction:136 | 检测到前景 (5.627%)，暂停背景学习，避免前景被学习成背景
2026-01-29 10:43:29 | DEBUG | image_detection:_calculate_background_subtraction:136 | 检测到前景 (2.755%)，暂停背景学习，避免前景被学习成背景
2026-01-29 10:43:29 | WARNING | image_detection:_calculate_background_subtraction:168 | ⚠️  过滤可能过于激进：原始前景 2.76% -> 处理后 0.042%（形态学操作: 1, 最小区域: 500）建议：降低min_change_area或减小形态学核大小
2026-01-29 10:43:30 | DEBUG | image_detection:_calculate_background_subtraction:136 | 检测到前景 (49.615%)，暂停背景学习，避免前景被学习成背景
2026-01-29 10:43:30 | INFO | camera_monitor:_monitor_loop:300 | 摄像头 一层室外大件物品区摄像头1 检测到变化...
2026-01-29 10:43:30 | DEBUG | image_detection:_calculate_background_subtraction:136 | 检测到前景 (3.952%)，暂停背景学习，避免前景被学习成背景
2026-01-29 10:43:30 | DEBUG | image_detection:_calculate_background_subtraction:163 | 背景建模 - 原始: 81944/2073600 (3.952%), 处理后: 0/2073600 (0.000%)
2026-01-29 10:43:30 | WARNING | image_detection:_calculate_background_subtraction:168 | ⚠️  过滤可能过于激进：原始前景 3.95% -> 处理后 0.000%（形态学操作: 1, 最小区域: 500）建议：降低min_change_area或减小形态学核大小
2026-01-29 10:43:30 | DEBUG | image_detection:_calculate_background_subtraction:136 | 检测到前景 (5.945%)，暂停背景学习，避免前景被学习成背景
2026-01-29 10:43:30 | DEBUG | image_detection:_calculate_background_subtraction:136 | 检测到前景 (3.496%)，暂停背景学习，避免前景被学习成背景
2026-01-29 10:43:30 | WARNING | image_detection:_calculate_background_subtraction:168 | ⚠️  过滤可能过于激进：原始前景 3.50% -> 处理后 0.042%（形态学操作: 1, 最小区域: 500）建议：降低min_change_area或减小形态学核大小
2026-01-29 10:43:31 | DEBUG | image_detection:_calculate_background_subtraction:136 | 检测到前景 (49.432%)，暂停背景学习，避免前景被学习成背景
2026-01-29 10:43:31 | INFO | camera_monitor:_monitor_loop:300 | 摄像头 一层室外大件物品区摄像头1 检测到变化...
2026-01-29 10:43:31 | DEBUG | image_detection:_calculate_background_subtraction:136 | 检测到前景 (3.996%)，暂停背景学习，避免前景被学习成背景
2026-01-29 10:43:31 | WARNING | image_detection:_calculate_background_subtraction:168 | ⚠️  过滤可能过于激进：原始前景 4.00% -> 处理后 0.000%（形态学操作: 1, 最小区域: 500）建议：降低min_change_area或减小形态学核大小
2026-01-29 10:43:31 | DEBUG | image_detection:_calculate_background_subtraction:136 | 检测到前景 (5.605%)，暂停背景学习，避免前景被学习成背景
2026-01-29 10:43:31 | DEBUG | image_detection:_calculate_background_subtraction:136 | 检测到前景 (2.885%)，暂停背景学习，避免前景被学习成背景
2026-01-29 10:43:31 | WARNING | image_detection:_calculate_background_subtraction:168 | ⚠️  过滤可能过于激进：原始前景 2.89% -> 处理后 0.040%（形态学操作: 1, 最小区域: 500）建议：降低min_change_area或减小形态学核大小
2026-01-29 10:43:32 | DEBUG | image_detection:_calculate_background_subtraction:136 | 检测到前景 (49.266%)，暂停背景学习，避免前景被学习成背景
2026-01-29 10:43:32 | INFO | camera_monitor:_monitor_loop:300 | 摄像头 一层室外大件物品区摄像头1 检测到变化...
2026-01-29 10:43:32 | DEBUG | image_detection:_calculate_background_subtraction:136 | 检测到前景 (4.126%)，暂停背景学习，避免前景被学习成背景
2026-01-29 10:43:32 | WARNING | image_detection:_calculate_background_subtraction:168 | ⚠️  过滤可能过于激进：原始前景 4.13% -> 处理后 0.000%（形态学操作: 1, 最小区域: 500）建议：降低min_change_area或减小形态学核大小
2026-01-29 10:43:32 | DEBUG | image_detection:_calculate_background_subtraction:136 | 检测到前景 (6.073%)，暂停背景学习，避免前景被学习成背景
2026-01-29 10:43:32 | DEBUG | image_detection:_calculate_background_subtraction:136 | 检测到前景 (3.586%)，暂停背景学习，避免前景被学习成背景
2026-01-29 10:43:32 | WARNING | image_detection:_calculate_background_subtraction:168 | ⚠️  过滤可能过于激进：原始前景 3.59% -> 处理后 0.041%（形态学操作: 1, 最小区域: 500）建议：降低min_change_area或减小形态学核大小
2026-01-29 10:43:33 | DEBUG | image_detection:_calculate_background_subtraction:136 | 检测到前景 (49.026%)，暂停背景学习，避免前景被学习成背景
2026-01-29 10:43:33 | INFO | camera_monitor:_monitor_loop:300 | 摄像头 一层室外大件物品区摄像头1 检测到变化...
2026-01-29 10:43:33 | DEBUG | image_detection:_calculate_background_subtraction:136 | 检测到前景 (4.329%)，暂停背景学习，避免前景被学习成背景
2026-01-29 10:43:33 | WARNING | image_detection:_calculate_background_subtraction:168 | ⚠️  过滤可能过于激进：原始前景 4.33% -> 处理后 0.000%（形态学操作: 1, 最小区域: 500）建议：降低min_change_area或减小形态学核大小
2026-01-29 10:43:33 | DEBUG | image_detection:_calculate_background_subtraction:136 | 检测到前景 (5.572%)，暂停背景学习，避免前景被学习成背景
2026-01-29 10:43:33 | DEBUG | image_detection:_calculate_background_subtraction:136 | 检测到前景 (2.923%)，暂停背景学习，避免前景被学习成背景
2026-01-29 10:43:33 | WARNING | image_detection:_calculate_background_subtraction:168 | ⚠️  过滤可能过于激进：原始前景 2.92% -> 处理后 0.044%（形态学操作: 1, 最小区域: 500）建议：降低min_change_area或减小形态学核大小
2026-01-29 10:43:34 | DEBUG | image_detection:_calculate_background_subtraction:136 | 检测到前景 (48.895%)，暂停背景学习，避免前景被学习成背景
2026-01-29 10:43:34 | INFO | camera_monitor:_monitor_loop:300 | 摄像头 一层室外大件物品区摄像头1 检测到变化...
2026-01-29 10:43:34 | DEBUG | image_detection:_calculate_background_subtraction:136 | 检测到前景 (4.215%)，暂停背景学习，避免前景被学习成背景
2026-01-29 10:43:34 | WARNING | image_detection:_calculate_background_subtraction:168 | ⚠️  过滤可能过于激进：原始前景 4.21% -> 处理后 0.000%（形态学操作: 1, 最小区域: 500）建议：降低min_change_area或减小形态学核大小
2026-01-29 10:43:34 | DEBUG | image_detection:_calculate_background_subtraction:136 | 检测到前景 (5.923%)，暂停背景学习，避免前景被学习成背景
2026-01-29 10:43:34 | DEBUG | image_detection:_calculate_background_subtraction:136 | 检测到前景 (3.751%)，暂停背景学习，避免前景被学习成背景
2026-01-29 10:43:34 | WARNING | image_detection:_calculate_background_subtraction:168 | ⚠️  过滤可能过于激进：原始前景 3.75% -> 处理后 0.042%（形态学操作: 1, 最小区域: 500）建议：降低min_change_area或减小形态学核大小
2026-01-29 10:43:35 | DEBUG | image_detection:_calculate_background_subtraction:136 | 检测到前景 (49.093%)，暂停背景学习，避免前景被学习成背景
2026-01-29 10:43:35 | INFO | camera_monitor:_monitor_loop:300 | 摄像头 一层室外大件物品区摄像头1 检测到变化...
2026-01-29 10:43:35 | DEBUG | image_detection:_calculate_background_subtraction:136 | 检测到前景 (4.290%)，暂停背景学习，避免前景被学习成背景
2026-01-29 10:43:35 | WARNING | image_detection:_calculate_background_subtraction:168 | ⚠️  过滤可能过于激进：原始前景 4.29% -> 处理后 0.000%（形态学操作: 1, 最小区域: 500）建议：降低min_change_area或减小形态学核大小
2026-01-29 10:43:35 | INFO | input_shaper:_log_stats_periodically:217 | [一层室内较小库房摄像头1] InputShaper 统计 - 拉取: 751帧, 输出: 59帧, 丢弃: 0帧, 溢出: 0次, 空读: 0次, 重复: 0次, 缓冲区: 1/30
2026-01-29 10:43:35 | DEBUG | image_detection:_calculate_background_subtraction:136 | 检测到前景 (5.611%)，暂停背景学习，避免前景被学习成背景
2026-01-29 10:43:36 | DEBUG | image_detection:_calculate_background_subtraction:136 | 检测到前景 (3.247%)，暂停背景学习，避免前景被学习成背景
2026-01-29 10:43:36 | WARNING | image_detection:_calculate_background_subtraction:168 | ⚠️  过滤可能过于激进：原始前景 3.25% -> 处理后 0.043%（形态学操作: 1, 最小区域: 500）建议：降低min_change_area或减小形态学核大小
2026-01-29 10:43:36 | DEBUG | image_detection:_calculate_background_subtraction:136 | 检测到前景 (48.876%)，暂停背景学习，避免前景被学习成背景
2026-01-29 10:43:36 | INFO | camera_monitor:_monitor_loop:300 | 摄像头 一层室外大件物品区摄像头1 检测到变化...
2026-01-29 10:43:36 | DEBUG | image_detection:_calculate_background_subtraction:136 | 检测到前景 (4.306%)，暂停背景学习，避免前景被学习成背景
2026-01-29 10:43:36 | WARNING | image_detection:_calculate_background_subtraction:168 | ⚠️  过滤可能过于激进：原始前景 4.31% -> 处理后 0.000%（形态学操作: 1, 最小区域: 500）建议：降低min_change_area或减小形态学核大小
2026-01-29 10:43:36 | INFO | input_shaper:_log_stats_periodically:217 | [一层贵重物品区摄像头1] InputShaper 统计 - 拉取: 751帧, 输出: 58帧, 丢弃: 0帧, 溢出: 0次, 空读: 0次, 重复: 0次, 缓冲区: 11/30
2026-01-29 10:43:36 | DEBUG | image_detection:_calculate_background_subtraction:136 | 检测到前景 (5.890%)，暂停背景学习，避免前景被学习成背景
2026-01-29 10:43:37 | DEBUG | image_detection:_calculate_background_subtraction:136 | 检测到前景 (3.898%)，暂停背景学习，避免前景被学习成背景
2026-01-29 10:43:37 | WARNING | image_detection:_calculate_background_subtraction:168 | ⚠️  过滤可能过于激进：原始前景 3.90% -> 处理后 0.047%（形态学操作: 1, 最小区域: 500）建议：降低min_change_area或减小形态学核大小
2026-01-29 10:43:37 | DEBUG | image_detection:_calculate_background_subtraction:136 | 检测到前景 (48.795%)，暂停背景学习，避免前景被学习成背景
2026-01-29 10:43:37 | INFO | camera_monitor:_monitor_loop:300 | 摄像头 一层室外大件物品区摄像头1 检测到变化...
2026-01-29 10:43:37 | DEBUG | image_detection:_calculate_background_subtraction:136 | 检测到前景 (4.532%)，暂停背景学习，避免前景被学习成背景
2026-01-29 10:43:37 | DEBUG | image_detection:_calculate_background_subtraction:163 | 背景建模 - 原始: 93984/2073600 (4.532%), 处理后: 0/2073600 (0.000%)
2026-01-29 10:43:37 | WARNING | image_detection:_calculate_background_subtraction:168 | ⚠️  过滤可能过于激进：原始前景 4.53% -> 处理后 0.000%（形态学操作: 1, 最小区域: 500）建议：降低min_change_area或减小形态学核大小
2026-01-29 10:43:37 | DEBUG | image_detection:_calculate_background_subtraction:136 | 检测到前景 (5.705%)，暂停背景学习，避免前景被学习成背景
2026-01-29 10:43:38 | INFO | input_shaper:_log_stats_periodically:217 | [一层室外大件物品区摄像头1] InputShaper 统计 - 拉取: 751帧, 输出: 59帧, 丢弃: 0帧, 溢出: 0次, 空读: 0次, 重复: 0次, 缓冲区: 10/30
2026-01-29 10:43:38 | DEBUG | image_detection:_calculate_background_subtraction:136 | 检测到前景 (3.398%)，暂停背景学习，避免前景被学习成背景
2026-01-29 10:43:38 | WARNING | image_detection:_calculate_background_subtraction:168 | ⚠️  过滤可能过于激进：原始前景 3.40% -> 处理后 0.046%（形态学操作: 1, 最小区域: 500）建议：降低min_change_area或减小形态学核大小
2026-01-29 10:43:38 | DEBUG | image_detection:_calculate_background_subtraction:136 | 检测到前景 (48.425%)，暂停背景学习，避免前景被学习成背景
2026-01-29 10:43:38 | INFO | camera_monitor:_monitor_loop:300 | 摄像头 一层室外大件物品区摄像头1 检测到变化...
2026-01-29 10:43:38 | DEBUG | image_detection:_calculate_background_subtraction:136 | 检测到前景 (4.459%)，暂停背景学习，避免前景被学习成背景
2026-01-29 10:43:38 | DEBUG | image_detection:_calculate_background_subtraction:163 | 背景建模 - 原始: 92463/2073600 (4.459%), 处理后: 0/2073600 (0.000%)
2026-01-29 10:43:38 | WARNING | image_detection:_calculate_background_subtraction:168 | ⚠️  过滤可能过于激进：原始前景 4.46% -> 处理后 0.000%（形态学操作: 1, 最小区域: 500）建议：降低min_change_area或减小形态学核大小
2026-01-29 10:43:38 | DEBUG | image_detection:_calculate_background_subtraction:136 | 检测到前景 (5.969%)，暂停背景学习，避免前景被学习成背景
2026-01-29 10:43:39 | DEBUG | image_detection:_calculate_background_subtraction:136 | 检测到前景 (4.090%)，暂停背景学习，避免前景被学习成背景
2026-01-29 10:43:39 | WARNING | image_detection:_calculate_background_subtraction:168 | ⚠️  过滤可能过于激进：原始前景 4.09% -> 处理后 0.046%（形态学操作: 1, 最小区域: 500）建议：降低min_change_area或减小形态学核大小
2026-01-29 10:43:39 | DEBUG | image_detection:_calculate_background_subtraction:136 | 检测到前景 (48.309%)，暂停背景学习，避免前景被学习成背景
2026-01-29 10:43:39 | INFO | input_shaper:_log_stats_periodically:217 | [一层恒温大件物品区摄像头1] InputShaper 统计 - 拉取: 750帧, 输出: 59帧, 丢弃: 0帧, 溢出: 0次, 空读: 0次, 重复: 0次, 缓冲区: 8/30
2026-01-29 10:43:39 | INFO | camera_monitor:_monitor_loop:300 | 摄像头 一层室外大件物品区摄像头1 检测到变化...
2026-01-29 10:43:39 | ERROR | camera_monitor:_connect_rtsp:498 | RTSP连接失败
2026-01-29 10:43:39 | WARNING | camera_monitor:_monitor_loop:212 | 摄像头 一层车库区摄像头2 连接失败，5秒后重试 (尝试 1/3)
2026-01-29 10:43:39 | DEBUG | image_detection:_calculate_background_subtraction:136 | 检测到前景 (4.337%)，暂停背景学习，避免前景被学习成背景
2026-01-29 10:43:39 | WARNING | image_detection:_calculate_background_subtraction:168 | ⚠️  过滤可能过于激进：原始前景 4.34% -> 处理后 0.000%（形态学操作: 1, 最小区域: 500）建议：降低min_change_area或减小形态学核大小
2026-01-29 10:43:39 | DEBUG | image_detection:_calculate_background_subtraction:136 | 检测到前景 (5.690%)，暂停背景学习，避免前景被学习成背景
2026-01-29 10:43:40 | DEBUG | image_detection:_calculate_background_subtraction:136 | 检测到前景 (3.537%)，暂停背景学习，避免前景被学习成背景
2026-01-29 10:43:40 | WARNING | image_detection:_calculate_background_subtraction:168 | ⚠️  过滤可能过于激进：原始前景 3.54% -> 处理后 0.076%（形态学操作: 1, 最小区域: 500）建议：降低min_change_area或减小形态学核大小
2026-01-29 10:43:40 | DEBUG | image_detection:_calculate_background_subtraction:136 | 检测到前景 (48.060%)，暂停背景学习，避免前景被学习成背景
2026-01-29 10:43:40 | INFO | camera_monitor:_monitor_loop:300 | 摄像头 一层室外大件物品区摄像头1 检测到变化...
2026-01-29 10:43:40 | DEBUG | image_detection:_calculate_background_subtraction:136 | 检测到前景 (4.338%)，暂停背景学习，避免前景被学习成背景
2026-01-29 10:43:40 | WARNING | image_detection:_calculate_background_subtraction:168 | ⚠️  过滤可能过于激进：原始前景 4.34% -> 处理后 0.000%（形态学操作: 1, 最小区域: 500）建议：降低min_change_area或减小形态学核大小
2026-01-29 10:43:40 | DEBUG | image_detection:_calculate_background_subtraction:136 | 检测到前景 (5.995%)，暂停背景学习，避免前景被学习成背景
2026-01-29 10:43:41 | DEBUG | image_detection:_calculate_background_subtraction:136 | 检测到前景 (4.099%)，暂停背景学习，避免前景被学习成背景
2026-01-29 10:43:41 | WARNING | image_detection:_calculate_background_subtraction:168 | ⚠️  过滤可能过于激进：原始前景 4.10% -> 处理后 0.047%（形态学操作: 1, 最小区域: 500）建议：降低min_change_area或减小形态学核大小
2026-01-29 10:43:41 | DEBUG | image_detection:_calculate_background_subtraction:136 | 检测到前景 (48.155%)，暂停背景学习，避免前景被学习成背景
2026-01-29 10:43:41 | INFO | camera_monitor:_monitor_loop:300 | 摄像头 一层室外大件物品区摄像头1 检测到变化...
2026-01-29 10:43:41 | DEBUG | image_detection:_calculate_background_subtraction:136 | 检测到前景 (4.349%)，暂停背景学习，避免前景被学习成背景
2026-01-29 10:43:41 | WARNING | image_detection:_calculate_background_subtraction:168 | ⚠️  过滤可能过于激进：原始前景 4.35% -> 处理后 0.000%（形态学操作: 1, 最小区域: 500）建议：降低min_change_area或减小形态学核大小
2026-01-29 10:43:41 | DEBUG | image_detection:_calculate_background_subtraction:136 | 检测到前景 (5.768%)，暂停背景学习，避免前景被学习成背景
2026-01-29 10:43:42 | DEBUG | image_detection:_calculate_background_subtraction:136 | 检测到前景 (3.581%)，暂停背景学习，避免前景被学习成背景
2026-01-29 10:43:42 | WARNING | image_detection:_calculate_background_subtraction:168 | ⚠️  过滤可能过于激进：原始前景 3.58% -> 处理后 0.078%（形态学操作: 1, 最小区域: 500）建议：降低min_change_area或减小形态学核大小
2026-01-29 10:43:42 | DEBUG | image_detection:_calculate_background_subtraction:136 | 检测到前景 (48.641%)，暂停背景学习，避免前景被学习成背景
2026-01-29 10:43:42 | INFO | camera_monitor:_monitor_loop:300 | 摄像头 一层室外大件物品区摄像头1 检测到变化...
2026-01-29 10:43:42 | DEBUG | image_detection:_calculate_background_subtraction:136 | 检测到前景 (4.513%)，暂停背景学习，避免前景被学习成背景
2026-01-29 10:43:42 | WARNING | image_detection:_calculate_background_subtraction:168 | ⚠️  过滤可能过于激进：原始前景 4.51% -> 处理后 0.000%（形态学操作: 1, 最小区域: 500）建议：降低min_change_area或减小形态学核大小
2026-01-29 10:43:42 | DEBUG | image_detection:_calculate_background_subtraction:136 | 检测到前景 (5.999%)，暂停背景学习，避免前景被学习成背景
2026-01-29 10:43:43 | DEBUG | image_detection:_calculate_background_subtraction:136 | 检测到前景 (4.241%)，暂停背景学习，避免前景被学习成背景
2026-01-29 10:43:43 | WARNING | image_detection:_calculate_background_subtraction:168 | ⚠️  过滤可能过于激进：原始前景 4.24% -> 处理后 0.076%（形态学操作: 1, 最小区域: 500）建议：降低min_change_area或减小形态学核大小
2026-01-29 10:43:43 | DEBUG | image_detection:_calculate_background_subtraction:136 | 检测到前景 (47.707%)，暂停背景学习，避免前景被学习成背景
2026-01-29 10:43:43 | INFO | camera_monitor:_monitor_loop:300 | 摄像头 一层室外大件物品区摄像头1 检测到变化...
2026-01-29 10:43:43 | DEBUG | image_detection:_calculate_background_subtraction:136 | 检测到前景 (4.548%)，暂停背景学习，避免前景被学习成背景
2026-01-29 10:43:43 | WARNING | image_detection:_calculate_background_subtraction:168 | ⚠️  过滤可能过于激进：原始前景 4.55% -> 处理后 0.000%（形态学操作: 1, 最小区域: 500）建议：降低min_change_area或减小形态学核大小
2026-01-29 10:43:43 | DEBUG | image_detection:_calculate_background_subtraction:136 | 检测到前景 (5.887%)，暂停背景学习，避免前景被学习成背景
2026-01-29 10:43:44 | DEBUG | image_detection:_calculate_background_subtraction:136 | 检测到前景 (3.916%)，暂停背景学习，避免前景被学习成背景
2026-01-29 10:43:44 | WARNING | image_detection:_calculate_background_subtraction:168 | ⚠️  过滤可能过于激进：原始前景 3.92% -> 处理后 0.079%（形态学操作: 1, 最小区域: 500）建议：降低min_change_area或减小形态学核大小
2026-01-29 10:43:44 | INFO | camera_monitor:_connect_rtsp:447 | 正在连接RTSP流: rtsp://admin:khjy%40123@192.168.100.109:554/cam/realmonitor?channel=1&subtype=1
2026-01-29 10:43:44 | DEBUG | image_detection:_calculate_background_subtraction:136 | 检测到前景 (47.733%)，暂停背景学习，避免前景被学习成背景
2026-01-29 10:43:44 | INFO | camera_monitor:_monitor_loop:300 | 摄像头 一层室外大件物品区摄像头1 检测到变化...
2026-01-29 10:43:44 | DEBUG | image_detection:_calculate_background_subtraction:136 | 检测到前景 (4.621%)，暂停背景学习，避免前景被学习成背景
2026-01-29 10:43:44 | WARNING | image_detection:_calculate_background_subtraction:168 | ⚠️  过滤可能过于激进：原始前景 4.62% -> 处理后 0.000%（形态学操作: 1, 最小区域: 500）建议：降低min_change_area或减小形态学核大小
2026-01-29 10:43:44 | DEBUG | image_detection:_calculate_background_subtraction:136 | 检测到前景 (6.132%)，暂停背景学习，避免前景被学习成背景
2026-01-29 10:43:45 | DEBUG | image_detection:_calculate_background_subtraction:136 | 检测到前景 (4.443%)，暂停背景学习，避免前景被学习成背景
2026-01-29 10:43:45 | WARNING | image_detection:_calculate_background_subtraction:168 | ⚠️  过滤可能过于激进：原始前景 4.44% -> 处理后 0.048%（形态学操作: 1, 最小区域: 500）建议：降低min_change_area或减小形态学核大小
2026-01-29 10:43:45 | DEBUG | image_detection:_calculate_background_subtraction:136 | 检测到前景 (47.440%)，暂停背景学习，避免前景被学习成背景
2026-01-29 10:43:45 | INFO | camera_monitor:_monitor_loop:300 | 摄像头 一层室外大件物品区摄像头1 检测到变化...
2026-01-29 10:43:45 | DEBUG | image_detection:_calculate_background_subtraction:136 | 检测到前景 (4.790%)，暂停背景学习，避免前景被学习成背景
2026-01-29 10:43:45 | WARNING | image_detection:_calculate_background_subtraction:168 | ⚠️  过滤可能过于激进：原始前景 4.79% -> 处理后 0.000%（形态学操作: 1, 最小区域: 500）建议：降低min_change_area或减小形态学核大小
2026-01-29 10:43:45 | DEBUG | image_detection:_calculate_background_subtraction:136 | 检测到前景 (5.895%)，暂停背景学习，避免前景被学习成背景
2026-01-29 10:43:46 | DEBUG | image_detection:_calculate_background_subtraction:136 | 检测到前景 (4.048%)，暂停背景学习，避免前景被学习成背景
2026-01-29 10:43:46 | WARNING | image_detection:_calculate_background_subtraction:168 | ⚠️  过滤可能过于激进：原始前景 4.05% -> 处理后 0.077%（形态学操作: 1, 最小区域: 500）建议：降低min_change_area或减小形态学核大小
2026-01-29 10:43:46 | DEBUG | image_detection:_calculate_background_subtraction:136 | 检测到前景 (47.246%)，暂停背景学习，避免前景被学习成背景
2026-01-29 10:43:46 | INFO | camera_monitor:_monitor_loop:300 | 摄像头 一层室外大件物品区摄像头1 检测到变化...
2026-01-29 10:43:46 | DEBUG | image_detection:_calculate_background_subtraction:136 | 检测到前景 (4.926%)，暂停背景学习，避免前景被学习成背景
2026-01-29 10:43:46 | WARNING | image_detection:_calculate_background_subtraction:168 | ⚠️  过滤可能过于激进：原始前景 4.93% -> 处理后 0.000%（形态学操作: 1, 最小区域: 500）建议：降低min_change_area或减小形态学核大小
2026-01-29 10:43:46 | DEBUG | image_detection:_calculate_background_subtraction:136 | 检测到前景 (6.105%)，暂停背景学习，避免前景被学习成背景
2026-01-29 10:43:47 | DEBUG | image_detection:_calculate_background_subtraction:136 | 检测到前景 (4.778%)，暂停背景学习，避免前景被学习成背景
2026-01-29 10:43:47 | WARNING | image_detection:_calculate_background_subtraction:168 | ⚠️  过滤可能过于激进：原始前景 4.78% -> 处理后 0.075%（形态学操作: 1, 最小区域: 500）建议：降低min_change_area或减小形态学核大小
2026-01-29 10:43:47 | DEBUG | image_detection:_calculate_background_subtraction:136 | 检测到前景 (47.139%)，暂停背景学习，避免前景被学习成背景
2026-01-29 10:43:47 | INFO | camera_monitor:_monitor_loop:300 | 摄像头 一层室外大件物品区摄像头1 检测到变化...
2026-01-29 10:43:47 | DEBUG | image_detection:_calculate_background_subtraction:136 | 检测到前景 (4.990%)，暂停背景学习，避免前景被学习成背景
2026-01-29 10:43:47 | WARNING | image_detection:_calculate_background_subtraction:168 | ⚠️  过滤可能过于激进：原始前景 4.99% -> 处理后 0.000%（形态学操作: 1, 最小区域: 500）建议：降低min_change_area或减小形态学核大小
2026-01-29 10:43:48 | DEBUG | image_detection:_calculate_background_subtraction:136 | 检测到前景 (6.031%)，暂停背景学习，避免前景被学习成背景
2026-01-29 10:43:48 | DEBUG | image_detection:_calculate_background_subtraction:136 | 检测到前景 (4.256%)，暂停背景学习，避免前景被学习成背景
2026-01-29 10:43:48 | WARNING | image_detection:_calculate_background_subtraction:168 | ⚠️  过滤可能过于激进：原始前景 4.26% -> 处理后 0.077%（形态学操作: 1, 最小区域: 500）建议：降低min_change_area或减小形态学核大小
2026-01-29 10:43:48 | DEBUG | image_detection:_calculate_background_subtraction:136 | 检测到前景 (47.047%)，暂停背景学习，避免前景被学习成背景
2026-01-29 10:43:48 | INFO | camera_monitor:_monitor_loop:300 | 摄像头 一层室外大件物品区摄像头1 检测到变化...
2026-01-29 10:43:48 | DEBUG | image_detection:_calculate_background_subtraction:136 | 检测到前景 (4.989%)，暂停背景学习，避免前景被学习成背景
2026-01-29 10:43:48 | DEBUG | image_detection:_calculate_background_subtraction:163 | 背景建模 - 原始: 103443/2073600 (4.989%), 处理后: 0/2073600 (0.000%)
2026-01-29 10:43:48 | WARNING | image_detection:_calculate_background_subtraction:168 | ⚠️  过滤可能过于激进：原始前景 4.99% -> 处理后 0.000%（形态学操作: 1, 最小区域: 500）建议：降低min_change_area或减小形态学核大小
2026-01-29 10:43:49 | DEBUG | image_detection:_calculate_background_subtraction:136 | 检测到前景 (5.098%)，暂停背景学习，避免前景被学习成背景
2026-01-29 10:43:49 | DEBUG | image_detection:_calculate_background_subtraction:136 | 检测到前景 (4.848%)，暂停背景学习，避免前景被学习成背景
2026-01-29 10:43:49 | WARNING | image_detection:_calculate_background_subtraction:168 | ⚠️  过滤可能过于激进：原始前景 4.85% -> 处理后 0.048%（形态学操作: 1, 最小区域: 500）建议：降低min_change_area或减小形态学核大小
2026-01-29 10:43:49 | DEBUG | image_detection:_calculate_background_subtraction:136 | 检测到前景 (47.256%)，暂停背景学习，避免前景被学习成背景
2026-01-29 10:43:49 | INFO | camera_monitor:_monitor_loop:300 | 摄像头 一层室外大件物品区摄像头1 检测到变化...
2026-01-29 10:43:49 | DEBUG | image_detection:_calculate_background_subtraction:136 | 检测到前景 (4.919%)，暂停背景学习，避免前景被学习成背景
2026-01-29 10:43:49 | WARNING | image_detection:_calculate_background_subtraction:168 | ⚠️  过滤可能过于激进：原始前景 4.92% -> 处理后 0.000%（形态学操作: 1, 最小区域: 500）建议：降低min_change_area或减小形态学核大小
2026-01-29 10:43:50 | DEBUG | image_detection:_calculate_background_subtraction:136 | 检测到前景 (6.038%)，暂停背景学习，避免前景被学习成背景
2026-01-29 10:43:50 | DEBUG | image_detection:_calculate_background_subtraction:136 | 检测到前景 (4.538%)，暂停背景学习，避免前景被学习成背景
2026-01-29 10:43:50 | WARNING | image_detection:_calculate_background_subtraction:168 | ⚠️  过滤可能过于激进：原始前景 4.54% -> 处理后 0.045%（形态学操作: 1, 最小区域: 500）建议：降低min_change_area或减小形态学核大小
2026-01-29 10:43:50 | DEBUG | image_detection:_calculate_background_subtraction:136 | 检测到前景 (46.291%)，暂停背景学习，避免前景被学习成背景
2026-01-29 10:43:50 | INFO | camera_monitor:_monitor_loop:300 | 摄像头 一层室外大件物品区摄像头1 检测到变化...
2026-01-29 10:43:50 | DEBUG | image_detection:_calculate_background_subtraction:136 | 检测到前景 (4.748%)，暂停背景学习，避免前景被学习成背景
2026-01-29 10:43:50 | WARNING | image_detection:_calculate_background_subtraction:168 | ⚠️  过滤可能过于激进：原始前景 4.75% -> 处理后 0.000%（形态学操作: 1, 最小区域: 500）建议：降低min_change_area或减小形态学核大小
2026-01-29 10:43:51 | DEBUG | image_detection:_calculate_background_subtraction:136 | 检测到前景 (4.916%)，暂停背景学习，避免前景被学习成背景
2026-01-29 10:43:51 | DEBUG | image_detection:_calculate_background_subtraction:136 | 检测到前景 (4.848%)，暂停背景学习，避免前景被学习成背景
2026-01-29 10:43:51 | WARNING | image_detection:_calculate_background_subtraction:168 | ⚠️  过滤可能过于激进：原始前景 4.85% -> 处理后 0.070%（形态学操作: 1, 最小区域: 500）建议：降低min_change_area或减小形态学核大小
2026-01-29 10:43:51 | DEBUG | image_detection:_calculate_background_subtraction:136 | 检测到前景 (46.243%)，暂停背景学习，避免前景被学习成背景
2026-01-29 10:43:51 | INFO | camera_monitor:_monitor_loop:300 | 摄像头 一层室外大件物品区摄像头1 检测到变化...
2026-01-29 10:43:51 | DEBUG | image_detection:_calculate_background_subtraction:136 | 检测到前景 (5.433%)，暂停背景学习，避免前景被学习成背景
2026-01-29 10:43:51 | WARNING | image_detection:_calculate_background_subtraction:168 | ⚠️  过滤可能过于激进：原始前景 5.43% -> 处理后 0.000%（形态学操作: 1, 最小区域: 500）建议：降低min_change_area或减小形态学核大小
2026-01-29 10:43:52 | DEBUG | image_detection:_calculate_background_subtraction:136 | 检测到前景 (6.049%)，暂停背景学习，避免前景被学习成背景
2026-01-29 10:43:52 | DEBUG | image_detection:_calculate_background_subtraction:136 | 检测到前景 (4.539%)，暂停背景学习，避免前景被学习成背景
2026-01-29 10:43:52 | WARNING | image_detection:_calculate_background_subtraction:168 | ⚠️  过滤可能过于激进：原始前景 4.54% -> 处理后 0.046%（形态学操作: 1, 最小区域: 500）建议：降低min_change_area或减小形态学核大小
2026-01-29 10:43:52 | DEBUG | image_detection:_calculate_background_subtraction:136 | 检测到前景 (46.051%)，暂停背景学习，避免前景被学习成背景
2026-01-29 10:43:52 | INFO | camera_monitor:_monitor_loop:300 | 摄像头 一层室外大件物品区摄像头1 检测到变化...
2026-01-29 10:43:52 | DEBUG | image_detection:_calculate_background_subtraction:136 | 检测到前景 (4.978%)，暂停背景学习，避免前景被学习成背景
2026-01-29 10:43:52 | DEBUG | image_detection:_calculate_background_subtraction:163 | 背景建模 - 原始: 103230/2073600 (4.978%), 处理后: 0/2073600 (0.000%)
2026-01-29 10:43:52 | WARNING | image_detection:_calculate_background_subtraction:168 | ⚠️  过滤可能过于激进：原始前景 4.98% -> 处理后 0.000%（形态学操作: 1, 最小区域: 500）建议：降低min_change_area或减小形态学核大小
2026-01-29 10:43:53 | DEBUG | image_detection:_calculate_background_subtraction:136 | 检测到前景 (4.946%)，暂停背景学习，避免前景被学习成背景
2026-01-29 10:43:53 | DEBUG | image_detection:_calculate_background_subtraction:136 | 检测到前景 (4.980%)，暂停背景学习，避免前景被学习成背景
2026-01-29 10:43:53 | WARNING | image_detection:_calculate_background_subtraction:168 | ⚠️  过滤可能过于激进：原始前景 4.98% -> 处理后 0.045%（形态学操作: 1, 最小区域: 500）建议：降低min_change_area或减小形态学核大小
2026-01-29 10:43:53 | DEBUG | image_detection:_calculate_background_subtraction:136 | 检测到前景 (46.019%)，暂停背景学习，避免前景被学习成背景
2026-01-29 10:43:53 | INFO | camera_monitor:_monitor_loop:300 | 摄像头 一层室外大件物品区摄像头1 检测到变化...
2026-01-29 10:43:53 | DEBUG | image_detection:_calculate_background_subtraction:136 | 检测到前景 (5.663%)，暂停背景学习，避免前景被学习成背景
2026-01-29 10:43:53 | WARNING | image_detection:_calculate_background_subtraction:168 | ⚠️  过滤可能过于激进：原始前景 5.66% -> 处理后 0.000%（形态学操作: 1, 最小区域: 500）建议：降低min_change_area或减小形态学核大小
2026-01-29 10:43:54 | DEBUG | image_detection:_calculate_background_subtraction:136 | 检测到前景 (6.080%)，暂停背景学习，避免前景被学习成背景
2026-01-29 10:43:54 | DEBUG | image_detection:_calculate_background_subtraction:136 | 检测到前景 (4.748%)，暂停背景学习，避免前景被学习成背景
2026-01-29 10:43:54 | WARNING | image_detection:_calculate_background_subtraction:168 | ⚠️  过滤可能过于激进：原始前景 4.75% -> 处理后 0.044%（形态学操作: 1, 最小区域: 500）建议：降低min_change_area或减小形态学核大小
2026-01-29 10:43:54 | DEBUG | image_detection:_calculate_background_subtraction:136 | 检测到前景 (45.908%)，暂停背景学习，避免前景被学习成背景
2026-01-29 10:43:54 | DEBUG | image_detection:_filter_small_areas:213 | 过滤了小区域，过滤面积: 61006.5像素 (2.942%)，保留区域数: 33
2026-01-29 10:43:54 | INFO | camera_monitor:_monitor_loop:300 | 摄像头 一层室外大件物品区摄像头1 检测到变化...
2026-01-29 10:43:54 | DEBUG | image_detection:_calculate_background_subtraction:136 | 检测到前景 (5.013%)，暂停背景学习，避免前景被学习成背景
2026-01-29 10:43:54 | WARNING | image_detection:_calculate_background_subtraction:168 | ⚠️  过滤可能过于激进：原始前景 5.01% -> 处理后 0.000%（形态学操作: 1, 最小区域: 500）建议：降低min_change_area或减小形态学核大小
2026-01-29 10:43:55 | DEBUG | image_detection:_calculate_background_subtraction:136 | 检测到前景 (4.924%)，暂停背景学习，避免前景被学习成背景
2026-01-29 10:43:55 | DEBUG | image_detection:_calculate_background_subtraction:136 | 检测到前景 (5.116%)，暂停背景学习，避免前景被学习成背景
2026-01-29 10:43:55 | WARNING | image_detection:_calculate_background_subtraction:168 | ⚠️  过滤可能过于激进：原始前景 5.12% -> 处理后 0.044%（形态学操作: 1, 最小区域: 500）建议：降低min_change_area或减小形态学核大小
2026-01-29 10:43:55 | DEBUG | image_detection:_calculate_background_subtraction:136 | 检测到前景 (45.924%)，暂停背景学习，避免前景被学习成背景
2026-01-29 10:43:55 | INFO | camera_monitor:_monitor_loop:300 | 摄像头 一层室外大件物品区摄像头1 检测到变化...
2026-01-29 10:43:55 | DEBUG | image_detection:_calculate_background_subtraction:136 | 检测到前景 (5.577%)，暂停背景学习，避免前景被学习成背景
2026-01-29 10:43:55 | WARNING | image_detection:_calculate_background_subtraction:168 | ⚠️  过滤可能过于激进：原始前景 5.58% -> 处理后 0.000%（形态学操作: 1, 最小区域: 500）建议：降低min_change_area或减小形态学核大小
2026-01-29 10:43:56 | DEBUG | image_detection:_calculate_background_subtraction:136 | 检测到前景 (5.874%)，暂停背景学习，避免前景被学习成背景
2026-01-29 10:43:56 | DEBUG | image_detection:_calculate_background_subtraction:136 | 检测到前景 (4.810%)，暂停背景学习，避免前景被学习成背景
2026-01-29 10:43:56 | WARNING | image_detection:_calculate_background_subtraction:168 | ⚠️  过滤可能过于激进：原始前景 4.81% -> 处理后 0.044%（形态学操作: 1, 最小区域: 500）建议：降低min_change_area或减小形态学核大小
2026-01-29 10:43:56 | DEBUG | image_detection:_calculate_background_subtraction:136 | 检测到前景 (45.697%)，暂停背景学习，避免前景被学习成背景
2026-01-29 10:43:56 | INFO | camera_monitor:_monitor_loop:300 | 摄像头 一层室外大件物品区摄像头1 检测到变化...
2026-01-29 10:43:56 | DEBUG | image_detection:_calculate_background_subtraction:136 | 检测到前景 (5.301%)，暂停背景学习，避免前景被学习成背景
2026-01-29 10:43:56 | WARNING | image_detection:_calculate_background_subtraction:168 | ⚠️  过滤可能过于激进：原始前景 5.30% -> 处理后 0.000%（形态学操作: 1, 最小区域: 500）建议：降低min_change_area或减小形态学核大小
2026-01-29 10:43:57 | DEBUG | image_detection:_calculate_background_subtraction:136 | 检测到前景 (5.163%)，暂停背景学习，避免前景被学习成背景
2026-01-29 10:43:57 | DEBUG | image_detection:_calculate_background_subtraction:136 | 检测到前景 (5.035%)，暂停背景学习，避免前景被学习成背景
2026-01-29 10:43:57 | WARNING | image_detection:_calculate_background_subtraction:168 | ⚠️  过滤可能过于激进：原始前景 5.03% -> 处理后 0.043%（形态学操作: 1, 最小区域: 500）建议：降低min_change_area或减小形态学核大小
2026-01-29 10:43:57 | DEBUG | image_detection:_calculate_background_subtraction:136 | 检测到前景 (45.780%)，暂停背景学习，避免前景被学习成背景
2026-01-29 10:43:57 | INFO | camera_monitor:_monitor_loop:300 | 摄像头 一层室外大件物品区摄像头1 检测到变化...
2026-01-29 10:43:57 | DEBUG | image_detection:_calculate_background_subtraction:136 | 检测到前景 (5.633%)，暂停背景学习，避免前景被学习成背景
2026-01-29 10:43:57 | WARNING | image_detection:_calculate_background_subtraction:168 | ⚠️  过滤可能过于激进：原始前景 5.63% -> 处理后 0.000%（形态学操作: 1, 最小区域: 500）建议：降低min_change_area或减小形态学核大小
2026-01-29 10:43:58 | DEBUG | image_detection:_calculate_background_subtraction:136 | 检测到前景 (5.965%)，暂停背景学习，避免前景被学习成背景
2026-01-29 10:43:58 | DEBUG | image_detection:_calculate_background_subtraction:136 | 检测到前景 (4.935%)，暂停背景学习，避免前景被学习成背景
2026-01-29 10:43:58 | WARNING | image_detection:_calculate_background_subtraction:168 | ⚠️  过滤可能过于激进：原始前景 4.93% -> 处理后 0.078%（形态学操作: 1, 最小区域: 500）建议：降低min_change_area或减小形态学核大小
2026-01-29 10:43:58 | DEBUG | image_detection:_calculate_background_subtraction:136 | 检测到前景 (45.606%)，暂停背景学习，避免前景被学习成背景
2026-01-29 10:43:58 | INFO | camera_monitor:_monitor_loop:300 | 摄像头 一层室外大件物品区摄像头1 检测到变化...
2026-01-29 10:43:58 | DEBUG | image_detection:_calculate_background_subtraction:136 | 检测到前景 (5.217%)，暂停背景学习，避免前景被学习成背景
2026-01-29 10:43:58 | WARNING | image_detection:_calculate_background_subtraction:168 | ⚠️  过滤可能过于激进：原始前景 5.22% -> 处理后 0.000%（形态学操作: 1, 最小区域: 500）建议：降低min_change_area或减小形态学核大小
2026-01-29 10:43:59 | DEBUG | image_detection:_calculate_background_subtraction:136 | 检测到前景 (5.155%)，暂停背景学习，避免前景被学习成背景
2026-01-29 10:43:59 | DEBUG | image_detection:_calculate_background_subtraction:136 | 检测到前景 (5.192%)，暂停背景学习，避免前景被学习成背景
2026-01-29 10:43:59 | WARNING | image_detection:_calculate_background_subtraction:168 | ⚠️  过滤可能过于激进：原始前景 5.19% -> 处理后 0.079%（形态学操作: 1, 最小区域: 500）建议：降低min_change_area或减小形态学核大小
2026-01-29 10:43:59 | DEBUG | image_detection:_calculate_background_subtraction:136 | 检测到前景 (45.695%)，暂停背景学习，避免前景被学习成背景
2026-01-29 10:43:59 | INFO | camera_monitor:_monitor_loop:300 | 摄像头 一层室外大件物品区摄像头1 检测到变化...
2026-01-29 10:43:59 | DEBUG | image_detection:_calculate_background_subtraction:136 | 检测到前景 (5.821%)，暂停背景学习，避免前景被学习成背景
2026-01-29 10:43:59 | WARNING | image_detection:_calculate_background_subtraction:168 | ⚠️  过滤可能过于激进：原始前景 5.82% -> 处理后 0.000%（形态学操作: 1, 最小区域: 500）建议：降低min_change_area或减小形态学核大小
2026-01-29 10:44:00 | DEBUG | image_detection:_calculate_background_subtraction:136 | 检测到前景 (5.982%)，暂停背景学习，避免前景被学习成背景
2026-01-29 10:44:00 | DEBUG | image_detection:_calculate_background_subtraction:136 | 检测到前景 (4.984%)，暂停背景学习，避免前景被学习成背景
2026-01-29 10:44:00 | WARNING | image_detection:_calculate_background_subtraction:168 | ⚠️  过滤可能过于激进：原始前景 4.98% -> 处理后 0.079%（形态学操作: 1, 最小区域: 500）建议：降低min_change_area或减小形态学核大小
2026-01-29 10:44:00 | DEBUG | image_detection:_calculate_background_subtraction:136 | 检测到前景 (45.523%)，暂停背景学习，避免前景被学习成背景
2026-01-29 10:44:00 | INFO | camera_monitor:_monitor_loop:300 | 摄像头 一层室外大件物品区摄像头1 检测到变化...
2026-01-29 10:44:00 | DEBUG | image_detection:_calculate_background_subtraction:136 | 检测到前景 (5.240%)，暂停背景学习，避免前景被学习成背景
2026-01-29 10:44:00 | WARNING | image_detection:_calculate_background_subtraction:168 | ⚠️  过滤可能过于激进：原始前景 5.24% -> 处理后 0.000%（形态学操作: 1, 最小区域: 500）建议：降低min_change_area或减小形态学核大小
2026-01-29 10:44:01 | DEBUG | image_detection:_calculate_background_subtraction:136 | 检测到前景 (5.067%)，暂停背景学习，避免前景被学习成背景
2026-01-29 10:44:01 | DEBUG | image_detection:_calculate_background_subtraction:136 | 检测到前景 (5.362%)，暂停背景学习，避免前景被学习成背景
2026-01-29 10:44:01 | WARNING | image_detection:_calculate_background_subtraction:168 | ⚠️  过滤可能过于激进：原始前景 5.36% -> 处理后 0.079%（形态学操作: 1, 最小区域: 500）建议：降低min_change_area或减小形态学核大小
2026-01-29 10:44:01 | DEBUG | image_detection:_calculate_background_subtraction:136 | 检测到前景 (45.533%)，暂停背景学习，避免前景被学习成背景
2026-01-29 10:44:01 | INFO | camera_monitor:_monitor_loop:300 | 摄像头 一层室外大件物品区摄像头1 检测到变化...
2026-01-29 10:44:01 | DEBUG | image_detection:_calculate_background_subtraction:136 | 检测到前景 (5.603%)，暂停背景学习，避免前景被学习成背景
2026-01-29 10:44:01 | WARNING | image_detection:_calculate_background_subtraction:168 | ⚠️  过滤可能过于激进：原始前景 5.60% -> 处理后 0.000%（形态学操作: 1, 最小区域: 500）建议：降低min_change_area或减小形态学核大小
2026-01-29 10:44:02 | DEBUG | image_detection:_calculate_background_subtraction:136 | 检测到前景 (5.851%)，暂停背景学习，避免前景被学习成背景
2026-01-29 10:44:02 | DEBUG | image_detection:_calculate_background_subtraction:136 | 检测到前景 (5.119%)，暂停背景学习，避免前景被学习成背景
2026-01-29 10:44:02 | WARNING | image_detection:_calculate_background_subtraction:168 | ⚠️  过滤可能过于激进：原始前景 5.12% -> 处理后 0.080%（形态学操作: 1, 最小区域: 500）建议：降低min_change_area或减小形态学核大小
2026-01-29 10:44:02 | DEBUG | image_detection:_calculate_background_subtraction:136 | 检测到前景 (45.393%)，暂停背景学习，避免前景被学习成背景
2026-01-29 10:44:02 | INFO | camera_monitor:_monitor_loop:300 | 摄像头 一层室外大件物品区摄像头1 检测到变化...
2026-01-29 10:44:02 | DEBUG | image_detection:_calculate_background_subtraction:136 | 检测到前景 (5.393%)，暂停背景学习，避免前景被学习成背景
2026-01-29 10:44:02 | WARNING | image_detection:_calculate_background_subtraction:168 | ⚠️  过滤可能过于激进：原始前景 5.39% -> 处理后 0.000%（形态学操作: 1, 最小区域: 500）建议：降低min_change_area或减小形态学核大小
2026-01-29 10:44:03 | DEBUG | image_detection:_calculate_background_subtraction:136 | 检测到前景 (5.124%)，暂停背景学习，避免前景被学习成背景
2026-01-29 10:44:03 | DEBUG | image_detection:_calculate_background_subtraction:136 | 检测到前景 (5.681%)，暂停背景学习，避免前景被学习成背景
2026-01-29 10:44:03 | WARNING | image_detection:_calculate_background_subtraction:168 | ⚠️  过滤可能过于激进：原始前景 5.68% -> 处理后 0.051%（形态学操作: 1, 最小区域: 500）建议：降低min_change_area或减小形态学核大小
2026-01-29 10:44:03 | DEBUG | image_detection:_calculate_background_subtraction:136 | 检测到前景 (45.504%)，暂停背景学习，避免前景被学习成背景
2026-01-29 10:44:03 | INFO | camera_monitor:_monitor_loop:300 | 摄像头 一层室外大件物品区摄像头1 检测到变化...
2026-01-29 10:44:03 | DEBUG | image_detection:_calculate_background_subtraction:136 | 检测到前景 (5.676%)，暂停背景学习，避免前景被学习成背景
2026-01-29 10:44:03 | WARNING | image_detection:_calculate_background_subtraction:168 | ⚠️  过滤可能过于激进：原始前景 5.68% -> 处理后 0.000%（形态学操作: 1, 最小区域: 500）建议：降低min_change_area或减小形态学核大小
2026-01-29 10:44:04 | DEBUG | image_detection:_calculate_background_subtraction:136 | 检测到前景 (5.834%)，暂停背景学习，避免前景被学习成背景
2026-01-29 10:44:04 | DEBUG | image_detection:_calculate_background_subtraction:136 | 检测到前景 (5.420%)，暂停背景学习，避免前景被学习成背景
2026-01-29 10:44:04 | WARNING | image_detection:_calculate_background_subtraction:168 | ⚠️  过滤可能过于激进：原始前景 5.42% -> 处理后 0.072%（形态学操作: 1, 最小区域: 500）建议：降低min_change_area或减小形态学核大小
2026-01-29 10:44:04 | DEBUG | image_detection:_calculate_background_subtraction:136 | 检测到前景 (45.454%)，暂停背景学习，避免前景被学习成背景
2026-01-29 10:44:04 | INFO | camera_monitor:_monitor_loop:300 | 摄像头 一层室外大件物品区摄像头1 检测到变化...
2026-01-29 10:44:04 | DEBUG | image_detection:_calculate_background_subtraction:136 | 检测到前景 (5.246%)，暂停背景学习，避免前景被学习成背景
2026-01-29 10:44:05 | WARNING | image_detection:_calculate_background_subtraction:168 | ⚠️  过滤可能过于激进：原始前景 5.25% -> 处理后 0.000%（形态学操作: 1, 最小区域: 500）建议：降低min_change_area或减小形态学核大小
2026-01-29 10:44:05 | DEBUG | image_detection:_calculate_background_subtraction:136 | 检测到前景 (5.270%)，暂停背景学习，避免前景被学习成背景
2026-01-29 10:44:05 | INFO | input_shaper:_log_stats_periodically:217 | [一层室内较小库房摄像头1] InputShaper 统计 - 拉取: 750帧, 输出: 58帧, 丢弃: 0帧, 溢出: 0次, 空读: 0次, 重复: 0次, 缓冲区: 12/30
2026-01-29 10:44:05 | DEBUG | image_detection:_calculate_background_subtraction:136 | 检测到前景 (5.633%)，暂停背景学习，避免前景被学习成背景
2026-01-29 10:44:05 | WARNING | image_detection:_calculate_background_subtraction:168 | ⚠️  过滤可能过于激进：原始前景 5.63% -> 处理后 0.077%（形态学操作: 1, 最小区域: 500）建议：降低min_change_area或减小形态学核大小
2026-01-29 10:44:05 | DEBUG | image_detection:_calculate_background_subtraction:136 | 检测到前景 (45.437%)，暂停背景学习，避免前景被学习成背景
2026-01-29 10:44:05 | INFO | camera_monitor:_monitor_loop:300 | 摄像头 一层室外大件物品区摄像头1 检测到变化...
2026-01-29 10:44:05 | DEBUG | image_detection:_calculate_background_subtraction:136 | 检测到前景 (5.270%)，暂停背景学习，避免前景被学习成背景
2026-01-29 10:44:06 | WARNING | image_detection:_calculate_background_subtraction:168 | ⚠️  过滤可能过于激进：原始前景 5.27% -> 处理后 0.000%（形态学操作: 1, 最小区域: 500）建议：降低min_change_area或减小形态学核大小
2026-01-29 10:44:06 | DEBUG | image_detection:_calculate_background_subtraction:136 | 检测到前景 (5.833%)，暂停背景学习，避免前景被学习成背景
2026-01-29 10:44:06 | DEBUG | image_detection:_calculate_background_subtraction:136 | 检测到前景 (5.466%)，暂停背景学习，避免前景被学习成背景
2026-01-29 10:44:06 | WARNING | image_detection:_calculate_background_subtraction:168 | ⚠️  过滤可能过于激进：原始前景 5.47% -> 处理后 0.086%（形态学操作: 1, 最小区域: 500）建议：降低min_change_area或减小形态学核大小
2026-01-29 10:44:06 | INFO | input_shaper:_log_stats_periodically:217 | [一层贵重物品区摄像头1] InputShaper 统计 - 拉取: 750帧, 输出: 59帧, 丢弃: 0帧, 溢出: 0次, 空读: 0次, 重复: 0次, 缓冲区: 8/30
2026-01-29 10:44:06 | DEBUG | image_detection:_calculate_background_subtraction:136 | 检测到前景 (45.471%)，暂停背景学习，避免前景被学习成背景
2026-01-29 10:44:06 | INFO | camera_monitor:_monitor_loop:300 | 摄像头 一层室外大件物品区摄像头1 检测到变化...
2026-01-29 10:44:07 | DEBUG | image_detection:_calculate_background_subtraction:136 | 检测到前景 (5.372%)，暂停背景学习，避免前景被学习成背景
2026-01-29 10:44:07 | WARNING | image_detection:_calculate_background_subtraction:168 | ⚠️  过滤可能过于激进：原始前景 5.37% -> 处理后 0.000%（形态学操作: 1, 最小区域: 500）建议：降低min_change_area或减小形态学核大小
2026-01-29 10:44:07 | DEBUG | image_detection:_calculate_background_subtraction:136 | 检测到前景 (4.706%)，暂停背景学习，避免前景被学习成背景
2026-01-29 10:44:07 | DEBUG | image_detection:_calculate_background_subtraction:136 | 检测到前景 (5.687%)，暂停背景学习，避免前景被学习成背景
2026-01-29 10:44:07 | WARNING | image_detection:_calculate_background_subtraction:168 | ⚠️  过滤可能过于激进：原始前景 5.69% -> 处理后 0.083%（形态学操作: 1, 最小区域: 500）建议：降低min_change_area或减小形态学核大小
2026-01-29 10:44:07 | DEBUG | image_detection:_calculate_background_subtraction:136 | 检测到前景 (45.566%)，暂停背景学习，避免前景被学习成背景
2026-01-29 10:44:07 | INFO | camera_monitor:_monitor_loop:300 | 摄像头 一层室外大件物品区摄像头1 检测到变化...
2026-01-29 10:44:08 | DEBUG | image_detection:_calculate_background_subtraction:136 | 检测到前景 (5.557%)，暂停背景学习，避免前景被学习成背景
2026-01-29 10:44:08 | INFO | input_shaper:_log_stats_periodically:217 | [一层室外大件物品区摄像头1] InputShaper 统计 - 拉取: 750帧, 输出: 59帧, 丢弃: 0帧, 溢出: 0次, 空读: 0次, 重复: 0次, 缓冲区: 5/30
2026-01-29 10:44:08 | WARNING | image_detection:_calculate_background_subtraction:168 | ⚠️  过滤可能过于激进：原始前景 5.56% -> 处理后 0.000%（形态学操作: 1, 最小区域: 500）建议：降低min_change_area或减小形态学核大小
2026-01-29 10:44:08 | DEBUG | image_detection:_calculate_background_subtraction:136 | 检测到前景 (5.236%)，暂停背景学习，避免前景被学习成背景
2026-01-29 10:44:08 | DEBUG | image_detection:_calculate_background_subtraction:136 | 检测到前景 (5.514%)，暂停背景学习，避免前景被学习成背景
2026-01-29 10:44:08 | WARNING | image_detection:_calculate_background_subtraction:168 | ⚠️  过滤可能过于激进：原始前景 5.51% -> 处理后 0.047%（形态学操作: 1, 最小区域: 500）建议：降低min_change_area或减小形态学核大小
2026-01-29 10:44:08 | DEBUG | image_detection:_calculate_background_subtraction:136 | 检测到前景 (45.402%)，暂停背景学习，避免前景被学习成背景
2026-01-29 10:44:08 | INFO | camera_monitor:_monitor_loop:300 | 摄像头 一层室外大件物品区摄像头1 检测到变化...
2026-01-29 10:44:09 | DEBUG | image_detection:_calculate_background_subtraction:136 | 检测到前景 (5.497%)，暂停背景学习，避免前景被学习成背景
2026-01-29 10:44:09 | WARNING | image_detection:_calculate_background_subtraction:168 | ⚠️  过滤可能过于激进：原始前景 5.50% -> 处理后 0.000%（形态学操作: 1, 最小区域: 500）建议：降低min_change_area或减小形态学核大小
2026-01-29 10:44:09 | INFO | input_shaper:_log_stats_periodically:217 | [一层恒温大件物品区摄像头1] InputShaper 统计 - 拉取: 751帧, 输出: 59帧, 丢弃: 0帧, 溢出: 0次, 空读: 0次, 重复: 0次, 缓冲区: 7/30
2026-01-29 10:44:09 | ERROR | camera_monitor:_connect_rtsp:498 | RTSP连接失败
2026-01-29 10:44:09 | WARNING | camera_monitor:_monitor_loop:212 | 摄像头 大门区域摄像头1 连接失败，5秒后重试 (尝试 1/3)
2026-01-29 10:44:09 | DEBUG | image_detection:_calculate_background_subtraction:136 | 检测到前景 (4.752%)，暂停背景学习，避免前景被学习成背景
2026-01-29 10:44:09 | DEBUG | image_detection:_calculate_background_subtraction:136 | 检测到前景 (5.701%)，暂停背景学习，避免前景被学习成背景
2026-01-29 10:44:09 | WARNING | image_detection:_calculate_background_subtraction:168 | ⚠️  过滤可能过于激进：原始前景 5.70% -> 处理后 0.047%（形态学操作: 1, 最小区域: 500）建议：降低min_change_area或减小形态学核大小
2026-01-29 10:44:09 | DEBUG | image_detection:_calculate_background_subtraction:136 | 检测到前景 (45.669%)，暂停背景学习，避免前景被学习成背景
2026-01-29 10:44:09 | INFO | camera_monitor:_monitor_loop:300 | 摄像头 一层室外大件物品区摄像头1 检测到变化...
2026-01-29 10:44:10 | DEBUG | image_detection:_calculate_background_subtraction:136 | 检测到前景 (5.281%)，暂停背景学习，避免前景被学习成背景
2026-01-29 10:44:10 | DEBUG | image_detection:_calculate_background_subtraction:163 | 背景建模 - 原始: 109499/2073600 (5.281%), 处理后: 0/2073600 (0.000%)
2026-01-29 10:44:10 | WARNING | image_detection:_calculate_background_subtraction:168 | ⚠️  过滤可能过于激进：原始前景 5.28% -> 处理后 0.000%（形态学操作: 1, 最小区域: 500）建议：降低min_change_area或减小形态学核大小
2026-01-29 10:44:10 | DEBUG | image_detection:_calculate_background_subtraction:136 | 检测到前景 (5.701%)，暂停背景学习，避免前景被学习成背景
2026-01-29 10:44:10 | DEBUG | image_detection:_calculate_background_subtraction:136 | 检测到前景 (5.306%)，暂停背景学习，避免前景被学习成背景
2026-01-29 10:44:10 | WARNING | image_detection:_calculate_background_subtraction:168 | ⚠️  过滤可能过于激进：原始前景 5.31% -> 处理后 0.048%（形态学操作: 1, 最小区域: 500）建议：降低min_change_area或减小形态学核大小
2026-01-29 10:44:10 | DEBUG | image_detection:_calculate_background_subtraction:136 | 检测到前景 (45.647%)，暂停背景学习，避免前景被学习成背景
2026-01-29 10:44:10 | INFO | camera_monitor:_monitor_loop:300 | 摄像头 一层室外大件物品区摄像头1 检测到变化...
2026-01-29 10:44:11 | DEBUG | image_detection:_calculate_background_subtraction:136 | 检测到前景 (5.124%)，暂停背景学习，避免前景被学习成背景
2026-01-29 10:44:11 | WARNING | image_detection:_calculate_background_subtraction:168 | ⚠️  过滤可能过于激进：原始前景 5.12% -> 处理后 0.000%（形态学操作: 1, 最小区域: 500）建议：降低min_change_area或减小形态学核大小
2026-01-29 10:44:11 | DEBUG | image_detection:_calculate_background_subtraction:136 | 检测到前景 (5.469%)，暂停背景学习，避免前景被学习成背景
2026-01-29 10:44:11 | DEBUG | image_detection:_calculate_background_subtraction:136 | 检测到前景 (5.488%)，暂停背景学习，避免前景被学习成背景
2026-01-29 10:44:11 | WARNING | image_detection:_calculate_background_subtraction:168 | ⚠️  过滤可能过于激进：原始前景 5.49% -> 处理后 0.048%（形态学操作: 1, 最小区域: 500）建议：降低min_change_area或减小形态学核大小
2026-01-29 10:44:11 | DEBUG | image_detection:_calculate_background_subtraction:136 | 检测到前景 (45.735%)，暂停背景学习，避免前景被学习成背景
2026-01-29 10:44:12 | INFO | camera_monitor:_monitor_loop:300 | 摄像头 一层室外大件物品区摄像头1 检测到变化...
2026-01-29 10:44:12 | DEBUG | image_detection:_calculate_background_subtraction:136 | 检测到前景 (5.206%)，暂停背景学习，避免前景被学习成背景
2026-01-29 10:44:12 | WARNING | image_detection:_calculate_background_subtraction:168 | ⚠️  过滤可能过于激进：原始前景 5.21% -> 处理后 0.000%（形态学操作: 1, 最小区域: 500）建议：降低min_change_area或减小形态学核大小
2026-01-29 10:44:12 | DEBUG | image_detection:_calculate_background_subtraction:136 | 检测到前景 (5.845%)，暂停背景学习，避免前景被学习成背景
2026-01-29 10:44:12 | DEBUG | image_detection:_calculate_background_subtraction:136 | 检测到前景 (5.354%)，暂停背景学习，避免前景被学习成背景
2026-01-29 10:44:12 | WARNING | image_detection:_calculate_background_subtraction:168 | ⚠️  过滤可能过于激进：原始前景 5.35% -> 处理后 0.048%（形态学操作: 1, 最小区域: 500）建议：降低min_change_area或减小形态学核大小
2026-01-29 10:44:12 | DEBUG | image_detection:_calculate_background_subtraction:136 | 检测到前景 (45.391%)，暂停背景学习，避免前景被学习成背景
2026-01-29 10:44:13 | INFO | camera_monitor:_monitor_loop:300 | 摄像头 一层室外大件物品区摄像头1 检测到变化...
2026-01-29 10:44:13 | DEBUG | image_detection:_calculate_background_subtraction:136 | 检测到前景 (5.382%)，暂停背景学习，避免前景被学习成背景
2026-01-29 10:44:13 | WARNING | image_detection:_calculate_background_subtraction:168 | ⚠️  过滤可能过于激进：原始前景 5.38% -> 处理后 0.000%（形态学操作: 1, 最小区域: 500）建议：降低min_change_area或减小形态学核大小
2026-01-29 10:44:13 | DEBUG | image_detection:_calculate_background_subtraction:136 | 检测到前景 (5.236%)，暂停背景学习，避免前景被学习成背景
2026-01-29 10:44:13 | DEBUG | image_detection:_calculate_background_subtraction:136 | 检测到前景 (5.634%)，暂停背景学习，避免前景被学习成背景
2026-01-29 10:44:13 | WARNING | image_detection:_calculate_background_subtraction:168 | ⚠️  过滤可能过于激进：原始前景 5.63% -> 处理后 0.070%（形态学操作: 1, 最小区域: 500）建议：降低min_change_area或减小形态学核大小
2026-01-29 10:44:13 | DEBUG | image_detection:_calculate_background_subtraction:136 | 检测到前景 (46.483%)，暂停背景学习，避免前景被学习成背景
2026-01-29 10:44:14 | INFO | camera_monitor:_monitor_loop:300 | 摄像头 一层室外大件物品区摄像头1 检测到变化...
2026-01-29 10:44:14 | DEBUG | image_detection:_calculate_background_subtraction:136 | 检测到前景 (5.456%)，暂停背景学习，避免前景被学习成背景
2026-01-29 10:44:14 | WARNING | image_detection:_calculate_background_subtraction:168 | ⚠️  过滤可能过于激进：原始前景 5.46% -> 处理后 0.000%（形态学操作: 1, 最小区域: 500）建议：降低min_change_area或减小形态学核大小
2026-01-29 10:44:14 | INFO | camera_monitor:_connect_rtsp:447 | 正在连接RTSP流: rtsp://admin:khjy%40123@192.168.100.109:554/Streaming/Channels/100
2026-01-29 10:44:14 | DEBUG | image_detection:_calculate_background_subtraction:136 | 检测到前景 (5.618%)，暂停背景学习，避免前景被学习成背景
2026-01-29 10:44:14 | DEBUG | image_detection:_calculate_background_subtraction:136 | 检测到前景 (5.478%)，暂停背景学习，避免前景被学习成背景
2026-01-29 10:44:14 | WARNING | image_detection:_calculate_background_subtraction:168 | ⚠️  过滤可能过于激进：原始前景 5.48% -> 处理后 0.050%（形态学操作: 1, 最小区域: 500）建议：降低min_change_area或减小形态学核大小
2026-01-29 10:44:15 | DEBUG | image_detection:_calculate_background_subtraction:136 | 检测到前景 (46.521%)，暂停背景学习，避免前景被学习成背景
2026-01-29 10:44:15 | INFO | camera_monitor:_monitor_loop:300 | 摄像头 一层室外大件物品区摄像头1 检测到变化...
2026-01-29 10:44:15 | DEBUG | image_detection:_calculate_background_subtraction:136 | 检测到前景 (5.507%)，暂停背景学习，避免前景被学习成背景
2026-01-29 10:44:15 | WARNING | image_detection:_calculate_background_subtraction:168 | ⚠️  过滤可能过于激进：原始前景 5.51% -> 处理后 0.000%（形态学操作: 1, 最小区域: 500）建议：降低min_change_area或减小形态学核大小
2026-01-29 10:44:15 | DEBUG | image_detection:_calculate_background_subtraction:136 | 检测到前景 (5.232%)，暂停背景学习，避免前景被学习成背景
2026-01-29 10:44:15 | DEBUG | image_detection:_calculate_background_subtraction:136 | 检测到前景 (4.357%)，暂停背景学习，避免前景被学习成背景
2026-01-29 10:44:15 | WARNING | image_detection:_calculate_background_subtraction:168 | ⚠️  过滤可能过于激进：原始前景 4.36% -> 处理后 0.048%（形态学操作: 1, 最小区域: 500）建议：降低min_change_area或减小形态学核大小
2026-01-29 10:44:16 | DEBUG | image_detection:_calculate_background_subtraction:136 | 检测到前景 (46.565%)，暂停背景学习，避免前景被学习成背景
2026-01-29 10:44:16 | INFO | camera_monitor:_monitor_loop:300 | 摄像头 一层室外大件物品区摄像头1 检测到变化...
2026-01-29 10:44:16 | DEBUG | image_detection:_calculate_background_subtraction:136 | 检测到前景 (5.473%)，暂停背景学习，避免前景被学习成背景
2026-01-29 10:44:16 | DEBUG | image_detection:_calculate_background_subtraction:163 | 背景建模 - 原始: 113492/2073600 (5.473%), 处理后: 0/2073600 (0.000%)
2026-01-29 10:44:16 | WARNING | image_detection:_calculate_background_subtraction:168 | ⚠️  过滤可能过于激进：原始前景 5.47% -> 处理后 0.000%（形态学操作: 1, 最小区域: 500）建议：降低min_change_area或减小形态学核大小
2026-01-29 10:44:16 | DEBUG | image_detection:_calculate_background_subtraction:136 | 检测到前景 (5.627%)，暂停背景学习，避免前景被学习成背景
2026-01-29 10:44:16 | DEBUG | image_detection:_calculate_background_subtraction:136 | 检测到前景 (5.346%)，暂停背景学习，避免前景被学习成背景
2026-01-29 10:44:16 | WARNING | image_detection:_calculate_background_subtraction:168 | ⚠️  过滤可能过于激进：原始前景 5.35% -> 处理后 0.045%（形态学操作: 1, 最小区域: 500）建议：降低min_change_area或减小形态学核大小
2026-01-29 10:44:17 | DEBUG | image_detection:_calculate_background_subtraction:136 | 检测到前景 (46.570%)，暂停背景学习，避免前景被学习成背景
2026-01-29 10:44:17 | INFO | camera_monitor:_monitor_loop:300 | 摄像头 一层室外大件物品区摄像头1 检测到变化...
2026-01-29 10:44:17 | DEBUG | image_detection:_calculate_background_subtraction:136 | 检测到前景 (5.520%)，暂停背景学习，避免前景被学习成背景
2026-01-29 10:44:17 | WARNING | image_detection:_calculate_background_subtraction:168 | ⚠️  过滤可能过于激进：原始前景 5.52% -> 处理后 0.000%（形态学操作: 1, 最小区域: 500）建议：降低min_change_area或减小形态学核大小
2026-01-29 10:44:17 | DEBUG | image_detection:_calculate_background_subtraction:136 | 检测到前景 (5.261%)，暂停背景学习，避免前景被学习成背景
2026-01-29 10:44:17 | DEBUG | image_detection:_calculate_background_subtraction:136 | 检测到前景 (4.237%)，暂停背景学习，避免前景被学习成背景
2026-01-29 10:44:17 | WARNING | image_detection:_calculate_background_subtraction:168 | ⚠️  过滤可能过于激进：原始前景 4.24% -> 处理后 0.084%（形态学操作: 1, 最小区域: 500）建议：降低min_change_area或减小形态学核大小
2026-01-29 10:44:18 | DEBUG | image_detection:_calculate_background_subtraction:136 | 检测到前景 (46.706%)，暂停背景学习，避免前景被学习成背景
2026-01-29 10:44:18 | INFO | camera_monitor:_monitor_loop:300 | 摄像头 一层室外大件物品区摄像头1 检测到变化...
2026-01-29 10:44:18 | DEBUG | image_detection:_calculate_background_subtraction:136 | 检测到前景 (5.391%)，暂停背景学习，避免前景被学习成背景
2026-01-29 10:44:18 | WARNING | image_detection:_calculate_background_subtraction:168 | ⚠️  过滤可能过于激进：原始前景 5.39% -> 处理后 0.000%（形态学操作: 1, 最小区域: 500）建议：降低min_change_area或减小形态学核大小
2026-01-29 10:44:18 | DEBUG | image_detection:_calculate_background_subtraction:136 | 检测到前景 (5.614%)，暂停背景学习，避免前景被学习成背景
2026-01-29 10:44:18 | DEBUG | image_detection:_calculate_background_subtraction:136 | 检测到前景 (5.053%)，暂停背景学习，避免前景被学习成背景
2026-01-29 10:44:18 | WARNING | image_detection:_calculate_background_subtraction:168 | ⚠️  过滤可能过于激进：原始前景 5.05% -> 处理后 0.048%（形态学操作: 1, 最小区域: 500）建议：降低min_change_area或减小形态学核大小
2026-01-29 10:44:19 | DEBUG | image_detection:_calculate_background_subtraction:136 | 检测到前景 (46.941%)，暂停背景学习，避免前景被学习成背景
2026-01-29 10:44:19 | INFO | camera_monitor:_monitor_loop:300 | 摄像头 一层室外大件物品区摄像头1 检测到变化...
2026-01-29 10:44:19 | DEBUG | image_detection:_calculate_background_subtraction:136 | 检测到前景 (4.790%)，暂停背景学习，避免前景被学习成背景
2026-01-29 10:44:19 | WARNING | image_detection:_calculate_background_subtraction:168 | ⚠️  过滤可能过于激进：原始前景 4.79% -> 处理后 0.000%（形态学操作: 1, 最小区域: 500）建议：降低min_change_area或减小形态学核大小
2026-01-29 10:44:19 | DEBUG | image_detection:_calculate_background_subtraction:136 | 检测到前景 (5.250%)，暂停背景学习，避免前景被学习成背景
2026-01-29 10:44:19 | DEBUG | image_detection:_calculate_background_subtraction:136 | 检测到前景 (4.179%)，暂停背景学习，避免前景被学习成背景
2026-01-29 10:44:19 | WARNING | image_detection:_calculate_background_subtraction:168 | ⚠️  过滤可能过于激进：原始前景 4.18% -> 处理后 0.084%（形态学操作: 1, 最小区域: 500）建议：降低min_change_area或减小形态学核大小
2026-01-29 10:44:20 | DEBUG | image_detection:_calculate_background_subtraction:136 | 检测到前景 (45.934%)，暂停背景学习，避免前景被学习成背景
2026-01-29 10:44:20 | DEBUG | image_detection:_filter_small_areas:213 | 过滤了小区域，过滤面积: 63601.0像素 (3.067%)，保留区域数: 34
2026-01-29 10:44:20 | INFO | camera_monitor:_monitor_loop:300 | 摄像头 一层室外大件物品区摄像头1 检测到变化...
2026-01-29 10:44:20 | DEBUG | image_detection:_calculate_background_subtraction:136 | 检测到前景 (5.262%)，暂停背景学习，避免前景被学习成背景
2026-01-29 10:44:20 | WARNING | image_detection:_calculate_background_subtraction:168 | ⚠️  过滤可能过于激进：原始前景 5.26% -> 处理后 0.000%（形态学操作: 1, 最小区域: 500）建议：降低min_change_area或减小形态学核大小
2026-01-29 10:44:20 | DEBUG | image_detection:_calculate_background_subtraction:136 | 检测到前景 (5.667%)，暂停背景学习，避免前景被学习成背景
2026-01-29 10:44:20 | DEBUG | image_detection:_calculate_background_subtraction:136 | 检测到前景 (5.042%)，暂停背景学习，避免前景被学习成背景
2026-01-29 10:44:20 | WARNING | image_detection:_calculate_background_subtraction:168 | ⚠️  过滤可能过于激进：原始前景 5.04% -> 处理后 0.047%（形态学操作: 1, 最小区域: 500）建议：降低min_change_area或减小形态学核大小
2026-01-29 10:44:21 | DEBUG | image_detection:_calculate_background_subtraction:136 | 检测到前景 (45.869%)，暂停背景学习，避免前景被学习成背景
2026-01-29 10:44:21 | INFO | camera_monitor:_monitor_loop:300 | 摄像头 一层室外大件物品区摄像头1 检测到变化...
2026-01-29 10:44:21 | DEBUG | image_detection:_calculate_background_subtraction:136 | 检测到前景 (5.405%)，暂停背景学习，避免前景被学习成背景
2026-01-29 10:44:21 | WARNING | image_detection:_calculate_background_subtraction:168 | ⚠️  过滤可能过于激进：原始前景 5.40% -> 处理后 0.000%（形态学操作: 1, 最小区域: 500）建议：降低min_change_area或减小形态学核大小
2026-01-29 10:44:21 | DEBUG | image_detection:_calculate_background_subtraction:136 | 检测到前景 (5.585%)，暂停背景学习，避免前景被学习成背景
2026-01-29 10:44:21 | DEBUG | image_detection:_calculate_background_subtraction:136 | 检测到前景 (4.175%)，暂停背景学习，避免前景被学习成背景
2026-01-29 10:44:21 | WARNING | image_detection:_calculate_background_subtraction:168 | ⚠️  过滤可能过于激进：原始前景 4.18% -> 处理后 0.077%（形态学操作: 1, 最小区域: 500）建议：降低min_change_area或减小形态学核大小
2026-01-29 10:44:22 | DEBUG | image_detection:_calculate_background_subtraction:136 | 检测到前景 (46.037%)，暂停背景学习，避免前景被学习成背景
2026-01-29 10:44:22 | INFO | camera_monitor:_monitor_loop:300 | 摄像头 一层室外大件物品区摄像头1 检测到变化...
2026-01-29 10:44:22 | DEBUG | image_detection:_calculate_background_subtraction:136 | 检测到前景 (5.280%)，暂停背景学习，避免前景被学习成背景
2026-01-29 10:44:22 | WARNING | image_detection:_calculate_background_subtraction:168 | ⚠️  过滤可能过于激进：原始前景 5.28% -> 处理后 0.000%（形态学操作: 1, 最小区域: 500）建议：降低min_change_area或减小形态学核大小
2026-01-29 10:44:22 | DEBUG | image_detection:_calculate_background_subtraction:136 | 检测到前景 (5.826%)，暂停背景学习，避免前景被学习成背景
2026-01-29 10:44:22 | DEBUG | image_detection:_calculate_background_subtraction:136 | 检测到前景 (4.954%)，暂停背景学习，避免前景被学习成背景
2026-01-29 10:44:23 | WARNING | image_detection:_calculate_background_subtraction:168 | ⚠️  过滤可能过于激进：原始前景 4.95% -> 处理后 0.071%（形态学操作: 1, 最小区域: 500）建议：降低min_change_area或减小形态学核大小
2026-01-29 10:44:23 | DEBUG | image_detection:_calculate_background_subtraction:136 | 检测到前景 (45.603%)，暂停背景学习，避免前景被学习成背景
2026-01-29 10:44:23 | INFO | camera_monitor:_monitor_loop:300 | 摄像头 一层室外大件物品区摄像头1 检测到变化...
2026-01-29 10:44:23 | DEBUG | image_detection:_calculate_background_subtraction:136 | 检测到前景 (5.197%)，暂停背景学习，避免前景被学习成背景
2026-01-29 10:44:23 | WARNING | image_detection:_calculate_background_subtraction:168 | ⚠️  过滤可能过于激进：原始前景 5.20% -> 处理后 0.000%（形态学操作: 1, 最小区域: 500）建议：降低min_change_area或减小形态学核大小
2026-01-29 10:44:23 | DEBUG | image_detection:_calculate_background_subtraction:136 | 检测到前景 (5.561%)，暂停背景学习，避免前景被学习成背景
2026-01-29 10:44:24 | DEBUG | image_detection:_calculate_background_subtraction:136 | 检测到前景 (4.960%)，暂停背景学习，避免前景被学习成背景
2026-01-29 10:44:24 | WARNING | image_detection:_calculate_background_subtraction:168 | ⚠️  过滤可能过于激进：原始前景 4.96% -> 处理后 0.046%（形态学操作: 1, 最小区域: 500）建议：降低min_change_area或减小形态学核大小
2026-01-29 10:44:24 | DEBUG | image_detection:_calculate_background_subtraction:136 | 检测到前景 (45.733%)，暂停背景学习，避免前景被学习成背景
2026-01-29 10:44:24 | INFO | camera_monitor:_monitor_loop:300 | 摄像头 一层室外大件物品区摄像头1 检测到变化...
2026-01-29 10:44:24 | DEBUG | image_detection:_calculate_background_subtraction:136 | 检测到前景 (5.343%)，暂停背景学习，避免前景被学习成背景
2026-01-29 10:44:24 | WARNING | image_detection:_calculate_background_subtraction:168 | ⚠️  过滤可能过于激进：原始前景 5.34% -> 处理后 0.000%（形态学操作: 1, 最小区域: 500）建议：降低min_change_area或减小形态学核大小
2026-01-29 10:44:24 | DEBUG | image_detection:_calculate_background_subtraction:136 | 检测到前景 (5.751%)，暂停背景学习，避免前景被学习成背景
2026-01-29 10:44:25 | DEBUG | image_detection:_calculate_background_subtraction:136 | 检测到前景 (4.727%)，暂停背景学习，避免前景被学习成背景
2026-01-29 10:44:25 | WARNING | image_detection:_calculate_background_subtraction:168 | ⚠️  过滤可能过于激进：原始前景 4.73% -> 处理后 0.045%（形态学操作: 1, 最小区域: 500）建议：降低min_change_area或减小形态学核大小
2026-01-29 10:44:25 | DEBUG | image_detection:_calculate_background_subtraction:136 | 检测到前景 (45.832%)，暂停背景学习，避免前景被学习成背景
2026-01-29 10:44:25 | INFO | camera_monitor:_monitor_loop:300 | 摄像头 一层室外大件物品区摄像头1 检测到变化...
2026-01-29 10:44:25 | DEBUG | image_detection:_calculate_background_subtraction:136 | 检测到前景 (4.710%)，暂停背景学习，避免前景被学习成背景
2026-01-29 10:44:25 | WARNING | image_detection:_calculate_background_subtraction:168 | ⚠️  过滤可能过于激进：原始前景 4.71% -> 处理后 0.000%（形态学操作: 1, 最小区域: 500）建议：降低min_change_area或减小形态学核大小
2026-01-29 10:44:25 | DEBUG | image_detection:_calculate_background_subtraction:136 | 检测到前景 (5.556%)，暂停背景学习，避免前景被学习成背景
2026-01-29 10:44:26 | DEBUG | image_detection:_calculate_background_subtraction:136 | 检测到前景 (4.219%)，暂停背景学习，避免前景被学习成背景
2026-01-29 10:44:26 | WARNING | image_detection:_calculate_background_subtraction:168 | ⚠️  过滤可能过于激进：原始前景 4.22% -> 处理后 0.046%（形态学操作: 1, 最小区域: 500）建议：降低min_change_area或减小形态学核大小
2026-01-29 10:44:26 | DEBUG | image_detection:_calculate_background_subtraction:136 | 检测到前景 (46.931%)，暂停背景学习，避免前景被学习成背景
2026-01-29 10:44:26 | INFO | camera_monitor:_monitor_loop:300 | 摄像头 一层室外大件物品区摄像头1 检测到变化...
2026-01-29 10:44:26 | DEBUG | image_detection:_calculate_background_subtraction:136 | 检测到前景 (4.897%)，暂停背景学习，避免前景被学习成背景
2026-01-29 10:44:26 | WARNING | image_detection:_calculate_background_subtraction:168 | ⚠️  过滤可能过于激进：原始前景 4.90% -> 处理后 0.000%（形态学操作: 1, 最小区域: 500）建议：降低min_change_area或减小形态学核大小
2026-01-29 10:44:26 | DEBUG | image_detection:_calculate_background_subtraction:136 | 检测到前景 (6.299%)，暂停背景学习，避免前景被学习成背景
2026-01-29 10:44:27 | DEBUG | image_detection:_calculate_background_subtraction:136 | 检测到前景 (4.618%)，暂停背景学习，避免前景被学习成背景
2026-01-29 10:44:27 | WARNING | image_detection:_calculate_background_subtraction:168 | ⚠️  过滤可能过于激进：原始前景 4.62% -> 处理后 0.046%（形态学操作: 1, 最小区域: 500）建议：降低min_change_area或减小形态学核大小
2026-01-29 10:44:27 | DEBUG | image_detection:_calculate_background_subtraction:136 | 检测到前景 (47.195%)，暂停背景学习，避免前景被学习成背景
2026-01-29 10:44:27 | INFO | camera_monitor:_monitor_loop:300 | 摄像头 一层室外大件物品区摄像头1 检测到变化...
2026-01-29 10:44:27 | DEBUG | image_detection:_calculate_background_subtraction:136 | 检测到前景 (4.534%)，暂停背景学习，避免前景被学习成背景
2026-01-29 10:44:27 | WARNING | image_detection:_calculate_background_subtraction:168 | ⚠️  过滤可能过于激进：原始前景 4.53% -> 处理后 0.000%（形态学操作: 1, 最小区域: 500）建议：降低min_change_area或减小形态学核大小
2026-01-29 10:44:27 | DEBUG | image_detection:_calculate_background_subtraction:136 | 检测到前景 (5.861%)，暂停背景学习，避免前景被学习成背景
2026-01-29 10:44:28 | DEBUG | image_detection:_calculate_background_subtraction:136 | 检测到前景 (4.022%)，暂停背景学习，避免前景被学习成背景
2026-01-29 10:44:28 | WARNING | image_detection:_calculate_background_subtraction:168 | ⚠️  过滤可能过于激进：原始前景 4.02% -> 处理后 0.071%（形态学操作: 1, 最小区域: 500）建议：降低min_change_area或减小形态学核大小
2026-01-29 10:44:28 | DEBUG | image_detection:_calculate_background_subtraction:136 | 检测到前景 (47.399%)，暂停背景学习，避免前景被学习成背景
2026-01-29 10:44:28 | INFO | camera_monitor:_monitor_loop:300 | 摄像头 一层室外大件物品区摄像头1 检测到变化...
2026-01-29 10:44:28 | DEBUG | image_detection:_calculate_background_subtraction:136 | 检测到前景 (4.352%)，暂停背景学习，避免前景被学习成背景
2026-01-29 10:44:28 | DEBUG | image_detection:_calculate_background_subtraction:163 | 背景建模 - 原始: 90248/2073600 (4.352%), 处理后: 0/2073600 (0.000%)
2026-01-29 10:44:28 | WARNING | image_detection:_calculate_background_subtraction:168 | ⚠️  过滤可能过于激进：原始前景 4.35% -> 处理后 0.000%（形态学操作: 1, 最小区域: 500）建议：降低min_change_area或减小形态学核大小
2026-01-29 10:44:28 | DEBUG | image_detection:_calculate_background_subtraction:136 | 检测到前景 (6.147%)，暂停背景学习，避免前景被学习成背景
2026-01-29 10:44:29 | DEBUG | image_detection:_calculate_background_subtraction:136 | 检测到前景 (4.579%)，暂停背景学习，避免前景被学习成背景
2026-01-29 10:44:29 | WARNING | image_detection:_calculate_background_subtraction:168 | ⚠️  过滤可能过于激进：原始前景 4.58% -> 处理后 0.028%（形态学操作: 1, 最小区域: 500）建议：降低min_change_area或减小形态学核大小
2026-01-29 10:44:29 | DEBUG | image_detection:_calculate_background_subtraction:136 | 检测到前景 (47.343%)，暂停背景学习，避免前景被学习成背景
2026-01-29 10:44:29 | INFO | camera_monitor:_monitor_loop:300 | 摄像头 一层室外大件物品区摄像头1 检测到变化...
2026-01-29 10:44:29 | DEBUG | image_detection:_calculate_background_subtraction:136 | 检测到前景 (4.603%)，暂停背景学习，避免前景被学习成背景
2026-01-29 10:44:29 | WARNING | image_detection:_calculate_background_subtraction:168 | ⚠️  过滤可能过于激进：原始前景 4.60% -> 处理后 0.000%（形态学操作: 1, 最小区域: 500）建议：降低min_change_area或减小形态学核大小
2026-01-29 10:44:29 | DEBUG | image_detection:_calculate_background_subtraction:136 | 检测到前景 (5.967%)，暂停背景学习，避免前景被学习成背景
2026-01-29 10:44:30 | DEBUG | image_detection:_calculate_background_subtraction:136 | 检测到前景 (4.105%)，暂停背景学习，避免前景被学习成背景
2026-01-29 10:44:30 | WARNING | image_detection:_calculate_background_subtraction:168 | ⚠️  过滤可能过于激进：原始前景 4.11% -> 处理后 0.069%（形态学操作: 1, 最小区域: 500）建议：降低min_change_area或减小形态学核大小
2026-01-29 10:44:30 | DEBUG | image_detection:_calculate_background_subtraction:136 | 检测到前景 (47.553%)，暂停背景学习，避免前景被学习成背景
2026-01-29 10:44:30 | INFO | camera_monitor:_monitor_loop:300 | 摄像头 一层室外大件物品区摄像头1 检测到变化...
2026-01-29 10:44:30 | DEBUG | image_detection:_calculate_background_subtraction:136 | 检测到前景 (4.596%)，暂停背景学习，避免前景被学习成背景
2026-01-29 10:44:30 | WARNING | image_detection:_calculate_background_subtraction:168 | ⚠️  过滤可能过于激进：原始前景 4.60% -> 处理后 0.000%（形态学操作: 1, 最小区域: 500）建议：降低min_change_area或减小形态学核大小
2026-01-29 10:44:30 | DEBUG | image_detection:_calculate_background_subtraction:136 | 检测到前景 (6.025%)，暂停背景学习，避免前景被学习成背景
2026-01-29 10:44:31 | DEBUG | image_detection:_calculate_background_subtraction:136 | 检测到前景 (4.552%)，暂停背景学习，避免前景被学习成背景
2026-01-29 10:44:31 | WARNING | image_detection:_calculate_background_subtraction:168 | ⚠️  过滤可能过于激进：原始前景 4.55% -> 处理后 0.032%（形态学操作: 1, 最小区域: 500）建议：降低min_change_area或减小形态学核大小
2026-01-29 10:44:31 | DEBUG | image_detection:_calculate_background_subtraction:136 | 检测到前景 (47.463%)，暂停背景学习，避免前景被学习成背景
2026-01-29 10:44:31 | INFO | camera_monitor:_monitor_loop:300 | 摄像头 一层室外大件物品区摄像头1 检测到变化...
2026-01-29 10:44:31 | DEBUG | image_detection:_calculate_background_subtraction:136 | 检测到前景 (4.358%)，暂停背景学习，避免前景被学习成背景
2026-01-29 10:44:31 | WARNING | image_detection:_calculate_background_subtraction:168 | ⚠️  过滤可能过于激进：原始前景 4.36% -> 处理后 0.000%（形态学操作: 1, 最小区域: 500）建议：降低min_change_area或减小形态学核大小
2026-01-29 10:44:31 | DEBUG | image_detection:_calculate_background_subtraction:136 | 检测到前景 (5.836%)，暂停背景学习，避免前景被学习成背景
2026-01-29 10:44:32 | DEBUG | image_detection:_calculate_background_subtraction:136 | 检测到前景 (4.039%)，暂停背景学习，避免前景被学习成背景
2026-01-29 10:44:32 | DEBUG | image_detection:_calculate_background_subtraction:136 | 检测到前景 (47.598%)，暂停背景学习，避免前景被学习成背景
2026-01-29 10:44:32 | INFO | camera_monitor:_monitor_loop:300 | 摄像头 一层室外大件物品区摄像头1 检测到变化...
2026-01-29 10:44:32 | INFO | __main__:signal_handler:300 | 接收到退出信号，正在关闭系统...
2026-01-29 10:44:32 | INFO | __main__:shutdown:274 | 正在关闭系统...
2026-01-29 10:44:32 | DEBUG | image_detection:_calculate_background_subtraction:136 | 检测到前景 (4.568%)，暂停背景学习，避免前景被学习成背景
2026-01-29 10:44:32 | INFO | __main__:stop_all_monitors:178 | ========== 停止所有RTSP监测服务 ==========
2026-01-29 10:44:32 | WARNING | image_detection:_calculate_background_subtraction:168 | ⚠️  过滤可能过于激进：原始前景 4.57% -> 处理后 0.000%（形态学操作: 1, 最小区域: 500）建议：降低min_change_area或减小形态学核大小
2026-01-29 10:44:33 | DEBUG | image_detection:_calculate_background_subtraction:136 | 检测到前景 (6.074%)，暂停背景学习，避免前景被学习成背景
2026-01-29 10:44:33 | DEBUG | image_detection:_calculate_background_subtraction:136 | 检测到前景 (4.463%)，暂停背景学习，避免前景被学习成背景
2026-01-29 10:44:33 | WARNING | image_detection:_calculate_background_subtraction:168 | ⚠️  过滤可能过于激进：原始前景 4.46% -> 处理后 0.082%（形态学操作: 1, 最小区域: 500）建议：降低min_change_area或减小形态学核大小
2026-01-29 10:44:33 | DEBUG | image_detection:_calculate_background_subtraction:136 | 检测到前景 (47.710%)，暂停背景学习，避免前景被学习成背景
2026-01-29 10:44:33 | INFO | camera_monitor:_monitor_loop:300 | 摄像头 一层室外大件物品区摄像头1 检测到变化...
2026-01-29 10:44:33 | INFO | camera_monitor:_worker_process:202 | 后台工作线程已停止 - 摄像头: 大门区域摄像头1
2026-01-29 10:44:33 | DEBUG | image_detection:_calculate_background_subtraction:136 | 检测到前景 (4.759%)，暂停背景学习，避免前景被学习成背景
2026-01-29 10:44:33 | WARNING | image_detection:_calculate_background_subtraction:168 | ⚠️  过滤可能过于激进：原始前景 4.76% -> 处理后 0.000%（形态学操作: 1, 最小区域: 500）建议：降低min_change_area或减小形态学核大小
2026-01-29 10:44:34 | DEBUG | image_detection:_calculate_background_subtraction:136 | 检测到前景 (6.046%)，暂停背景学习，避免前景被学习成背景
2026-01-29 10:44:34 | DEBUG | image_detection:_calculate_background_subtraction:136 | 检测到前景 (3.964%)，暂停背景学习，避免前景被学习成背景
2026-01-29 10:44:34 | WARNING | image_detection:_calculate_background_subtraction:168 | ⚠️  过滤可能过于激进：原始前景 3.96% -> 处理后 0.086%（形态学操作: 1, 最小区域: 500）建议：降低min_change_area或减小形态学核大小
2026-01-29 10:44:34 | DEBUG | image_detection:_calculate_background_subtraction:136 | 检测到前景 (47.831%)，暂停背景学习，避免前景被学习成背景
2026-01-29 10:44:34 | INFO | camera_monitor:_monitor_loop:300 | 摄像头 一层室外大件物品区摄像头1 检测到变化...
2026-01-29 10:44:34 | DEBUG | image_detection:_calculate_background_subtraction:136 | 检测到前景 (4.536%)，暂停背景学习，避免前景被学习成背景
2026-01-29 10:44:34 | WARNING | image_detection:_calculate_background_subtraction:168 | ⚠️  过滤可能过于激进：原始前景 4.54% -> 处理后 0.000%（形态学操作: 1, 最小区域: 500）建议：降低min_change_area或减小形态学核大小
2026-01-29 10:44:35 | DEBUG | image_detection:_calculate_background_subtraction:136 | 检测到前景 (5.026%)，暂停背景学习，避免前景被学习成背景
2026-01-29 10:44:35 | DEBUG | image_detection:_calculate_background_subtraction:136 | 检测到前景 (4.308%)，暂停背景学习，避免前景被学习成背景
2026-01-29 10:44:35 | WARNING | image_detection:_calculate_background_subtraction:168 | ⚠️  过滤可能过于激进：原始前景 4.31% -> 处理后 0.085%（形态学操作: 1, 最小区域: 500）建议：降低min_change_area或减小形态学核大小
2026-01-29 10:44:35 | INFO | input_shaper:_log_stats_periodically:217 | [一层室内较小库房摄像头1] InputShaper 统计 - 拉取: 750帧, 输出: 59帧, 丢弃: 0帧, 溢出: 0次, 空读: 0次, 重复: 0次, 缓冲区: 6/30
2026-01-29 10:44:35 | DEBUG | image_detection:_calculate_background_subtraction:136 | 检测到前景 (47.959%)，暂停背景学习，避免前景被学习成背景
2026-01-29 10:44:35 | INFO | camera_monitor:_monitor_loop:300 | 摄像头 一层室外大件物品区摄像头1 检测到变化...
2026-01-29 10:44:35 | DEBUG | image_detection:_calculate_background_subtraction:136 | 检测到前景 (5.309%)，暂停背景学习，避免前景被学习成背景
2026-01-29 10:44:35 | WARNING | image_detection:_calculate_background_subtraction:168 | ⚠️  过滤可能过于激进：原始前景 5.31% -> 处理后 0.000%（形态学操作: 1, 最小区域: 500）建议：降低min_change_area或减小形态学核大小
2026-01-29 10:44:36 | DEBUG | image_detection:_calculate_background_subtraction:136 | 检测到前景 (6.230%)，暂停背景学习，避免前景被学习成背景
2026-01-29 10:44:36 | DEBUG | image_detection:_calculate_background_subtraction:136 | 检测到前景 (4.037%)，暂停背景学习，避免前景被学习成背景
2026-01-29 10:44:36 | WARNING | image_detection:_calculate_background_subtraction:168 | ⚠️  过滤可能过于激进：原始前景 4.04% -> 处理后 0.078%（形态学操作: 1, 最小区域: 500）建议：降低min_change_area或减小形态学核大小
2026-01-29 10:44:36 | DEBUG | image_detection:_calculate_background_subtraction:136 | 检测到前景 (48.046%)，暂停背景学习，避免前景被学习成背景
2026-01-29 10:44:36 | INFO | camera_monitor:_monitor_loop:300 | 摄像头 一层室外大件物品区摄像头1 检测到变化...
2026-01-29 10:44:36 | INFO | input_shaper:_log_stats_periodically:217 | [一层贵重物品区摄像头1] InputShaper 统计 - 拉取: 750帧, 输出: 59帧, 丢弃: 0帧, 溢出: 0次, 空读: 0次, 重复: 0次, 缓冲区: 3/30
2026-01-29 10:44:36 | DEBUG | image_detection:_calculate_background_subtraction:136 | 检测到前景 (4.625%)，暂停背景学习，避免前景被学习成背景
2026-01-29 10:44:36 | WARNING | image_detection:_calculate_background_subtraction:168 | ⚠️  过滤可能过于激进：原始前景 4.63% -> 处理后 0.000%（形态学操作: 1, 最小区域: 500）建议：降低min_change_area或减小形态学核大小
2026-01-29 10:44:37 | DEBUG | image_detection:_calculate_background_subtraction:136 | 检测到前景 (5.140%)，暂停背景学习，避免前景被学习成背景
2026-01-29 10:44:37 | DEBUG | image_detection:_calculate_background_subtraction:136 | 检测到前景 (4.195%)，暂停背景学习，避免前景被学习成背景
2026-01-29 10:44:37 | WARNING | image_detection:_calculate_background_subtraction:168 | ⚠️  过滤可能过于激进：原始前景 4.20% -> 处理后 0.078%（形态学操作: 1, 最小区域: 500）建议：降低min_change_area或减小形态学核大小
2026-01-29 10:44:37 | DEBUG | image_detection:_calculate_background_subtraction:136 | 检测到前景 (48.213%)，暂停背景学习，避免前景被学习成背景
2026-01-29 10:44:37 | INFO | camera_monitor:_monitor_loop:300 | 摄像头 一层室外大件物品区摄像头1 检测到变化...
2026-01-29 10:45:15 | INFO | __main__:initialize:54 | ========== RTSP监测系统初始化完成（使用背景建模检测） ==========
2026-01-29 10:45:18 | INFO | __main__:start_all_monitors:59 | ========== 开始启动RTSP监测服务 ==========
2026-01-29 10:45:18 | INFO | database:_fetch_cameras_from_api:103 | 调用摄像头配置接口: https://localhost:8090/caseapp/track/rtspStream
2026-01-29 10:45:18 | INFO | database:_fetch_cameras_from_api:121 | 接口返回 7 个摄像头配置
2026-01-29 10:45:18 | WARNING | database:get_all_cameras:171 | 数据库中未找到USB摄像头配置（rtspssl LIKE 'usb:%'）
2026-01-29 10:45:18 | INFO | __main__:start_all_monitors:68 | 找到 7 个有效摄像头，开始启动监测...
2026-01-29 10:45:18 | INFO | __main__:start_all_monitors:85 | YOLO池配置分析: 需要创建池ID=[], 需要默认池=True
2026-01-29 10:45:18 | INFO | __main__:start_all_monitors:100 | 使用多线程 YOLO 池
2026-01-29 10:45:18 | ERROR | __main__:start_all_monitors:133 | 创建YOLO池失败: OpenVINO 未安装，请运行: pip install openvino
或者在 config.py 中设置 force_engine='onnx' 使用 ONNX Runtime
2026-01-29 10:45:18 | WARNING | __main__:start_all_monitors:134 | 将回退到每个摄像头独立创建YOLO实例的模式
2026-01-29 10:45:18 | INFO | __main__:start_all_monitors:158 | 摄像头 大门区域摄像头1 (ID: 1) 使用YOLO配置: 默认全局池
2026-01-29 10:45:18 | INFO | camera_monitor:__init__:43 | 摄像头 大门区域摄像头1 (ID: 1) RTSP URL: rtsp://admin:khjy%40123@192.168.100.109:554/Streaming/Channels/100
2026-01-29 10:45:18 | INFO | image_detection:__init__:32 | 初始化背景建模检测器
2026-01-29 10:45:18 | INFO | image_storage:__init__:37 | 图片保存目录: D:\appdata\uploadPath\caseapp
2026-01-29 10:45:18 | INFO | camera_monitor:__init__:58 | 摄像头 大门区域摄像头1 将创建独立YOLO实例
2026-01-29 10:45:18 | INFO | camera_monitor:_worker_process:156 | 后台工作线程开始运行 - 摄像头: 大门区域摄像头1
2026-01-29 10:45:18 | INFO | camera_monitor:start:118 | 后台工作线程已启动: 大门区域摄像头1 (ID: 1)
2026-01-29 10:45:18 | INFO | camera_monitor:_connect_rtsp:447 | 正在连接RTSP流: rtsp://admin:khjy%40123@192.168.100.109:554/Streaming/Channels/100
2026-01-29 10:45:18 | INFO | camera_monitor:start:127 | 开始监测摄像头: 大门区域摄像头1 (ID: 1)
2026-01-29 10:45:19 | INFO | __main__:start_all_monitors:158 | 摄像头 一层车库区摄像头2 (ID: 2) 使用YOLO配置: 默认全局池
2026-01-29 10:45:19 | INFO | camera_monitor:__init__:43 | 摄像头 一层车库区摄像头2 (ID: 2) RTSP URL: rtsp://admin:khjy%40123@192.168.100.109:554/cam/realmonitor?channel=1&subtype=1
2026-01-29 10:45:19 | INFO | image_detection:__init__:32 | 初始化背景建模检测器
2026-01-29 10:45:19 | INFO | image_storage:__init__:37 | 图片保存目录: D:\appdata\uploadPath\caseapp
2026-01-29 10:45:19 | INFO | camera_monitor:__init__:58 | 摄像头 一层车库区摄像头2 将创建独立YOLO实例
2026-01-29 10:45:19 | INFO | camera_monitor:_worker_process:156 | 后台工作线程开始运行 - 摄像头: 一层车库区摄像头2
2026-01-29 10:45:19 | INFO | camera_monitor:start:118 | 后台工作线程已启动: 一层车库区摄像头2 (ID: 2)
2026-01-29 10:45:19 | INFO | camera_monitor:_connect_rtsp:447 | 正在连接RTSP流: rtsp://admin:khjy%40123@192.168.100.109:554/cam/realmonitor?channel=1&subtype=1
2026-01-29 10:45:19 | INFO | camera_monitor:start:127 | 开始监测摄像头: 一层车库区摄像头2 (ID: 2)
2026-01-29 10:45:20 | INFO | __main__:start_all_monitors:158 | 摄像头 一层贵重物品区摄像头1 (ID: 3) 使用YOLO配置: 默认全局池
2026-01-29 10:45:20 | INFO | camera_monitor:__init__:43 | 摄像头 一层贵重物品区摄像头1 (ID: 3) RTSP URL: rtsp://admin:khjy%40123@192.168.100.107:554/cam/realmonitor?channel=1&subtype=1
2026-01-29 10:45:20 | INFO | image_detection:__init__:32 | 初始化背景建模检测器
2026-01-29 10:45:20 | INFO | image_storage:__init__:37 | 图片保存目录: D:\appdata\uploadPath\caseapp
2026-01-29 10:45:20 | INFO | camera_monitor:__init__:58 | 摄像头 一层贵重物品区摄像头1 将创建独立YOLO实例
2026-01-29 10:45:20 | INFO | camera_monitor:_worker_process:156 | 后台工作线程开始运行 - 摄像头: 一层贵重物品区摄像头1
2026-01-29 10:45:20 | INFO | camera_monitor:start:118 | 后台工作线程已启动: 一层贵重物品区摄像头1 (ID: 3)
2026-01-29 10:45:20 | INFO | camera_monitor:_connect_rtsp:447 | 正在连接RTSP流: rtsp://admin:khjy%40123@192.168.100.107:554/cam/realmonitor?channel=1&subtype=1
2026-01-29 10:45:20 | INFO | camera_monitor:start:127 | 开始监测摄像头: 一层贵重物品区摄像头1 (ID: 3)
2026-01-29 10:45:21 | INFO | __main__:start_all_monitors:158 | 摄像头 一层贵重物品区摄像头1 (ID: 4) 使用YOLO配置: 默认全局池
2026-01-29 10:45:21 | INFO | camera_monitor:__init__:43 | 摄像头 一层贵重物品区摄像头1 (ID: 4) RTSP URL: rtsp://admin:khjy%40321@192.168.100.110:554/cam/realmonitor?channel=1&subtype=1
2026-01-29 10:45:21 | INFO | image_detection:__init__:32 | 初始化背景建模检测器
2026-01-29 10:45:21 | INFO | image_storage:__init__:37 | 图片保存目录: D:\appdata\uploadPath\caseapp
2026-01-29 10:45:21 | INFO | camera_monitor:__init__:58 | 摄像头 一层贵重物品区摄像头1 将创建独立YOLO实例
2026-01-29 10:45:21 | INFO | camera_monitor:_worker_process:156 | 后台工作线程开始运行 - 摄像头: 一层贵重物品区摄像头1
2026-01-29 10:45:21 | INFO | camera_monitor:start:118 | 后台工作线程已启动: 一层贵重物品区摄像头1 (ID: 4)
2026-01-29 10:45:21 | INFO | camera_monitor:_connect_rtsp:447 | 正在连接RTSP流: rtsp://admin:khjy%40321@192.168.100.110:554/cam/realmonitor?channel=1&subtype=1
2026-01-29 10:45:21 | INFO | camera_monitor:start:127 | 开始监测摄像头: 一层贵重物品区摄像头1 (ID: 4)
2026-01-29 10:45:22 | INFO | __main__:start_all_monitors:158 | 摄像头 一层室外大件物品区摄像头1 (ID: 5) 使用YOLO配置: 默认全局池
2026-01-29 10:45:22 | INFO | camera_monitor:__init__:43 | 摄像头 一层室外大件物品区摄像头1 (ID: 5) RTSP URL: rtsp://admin:khjy%40123@192.168.1.64:554/cam/realmonitor?channel=1&subtype=1
2026-01-29 10:45:22 | INFO | image_detection:__init__:32 | 初始化背景建模检测器
2026-01-29 10:45:22 | INFO | image_storage:__init__:37 | 图片保存目录: D:\appdata\uploadPath\caseapp
2026-01-29 10:45:22 | INFO | camera_monitor:__init__:58 | 摄像头 一层室外大件物品区摄像头1 将创建独立YOLO实例
2026-01-29 10:45:22 | INFO | camera_monitor:_worker_process:156 | 后台工作线程开始运行 - 摄像头: 一层室外大件物品区摄像头1
2026-01-29 10:45:22 | INFO | camera_monitor:start:118 | 后台工作线程已启动: 一层室外大件物品区摄像头1 (ID: 5)
2026-01-29 10:45:22 | INFO | camera_monitor:_connect_rtsp:447 | 正在连接RTSP流: rtsp://admin:khjy%40123@192.168.1.64:554/cam/realmonitor?channel=1&subtype=1
2026-01-29 10:45:22 | INFO | camera_monitor:start:127 | 开始监测摄像头: 一层室外大件物品区摄像头1 (ID: 5)
2026-01-29 10:45:23 | INFO | __main__:start_all_monitors:158 | 摄像头 一层室内较小库房摄像头1 (ID: 20) 使用YOLO配置: 默认全局池
2026-01-29 10:45:23 | INFO | camera_monitor:__init__:43 | 摄像头 一层室内较小库房摄像头1 (ID: 20) RTSP URL: rtsp://admin:khjy%40321@192.168.100.111:554/cam/realmonitor?channel=1&subtype=1
2026-01-29 10:45:23 | INFO | image_detection:__init__:32 | 初始化背景建模检测器
2026-01-29 10:45:23 | INFO | image_storage:__init__:37 | 图片保存目录: D:\appdata\uploadPath\caseapp
2026-01-29 10:45:23 | INFO | camera_monitor:__init__:58 | 摄像头 一层室内较小库房摄像头1 将创建独立YOLO实例
2026-01-29 10:45:23 | INFO | camera_monitor:_worker_process:156 | 后台工作线程开始运行 - 摄像头: 一层室内较小库房摄像头1
2026-01-29 10:45:23 | INFO | camera_monitor:start:118 | 后台工作线程已启动: 一层室内较小库房摄像头1 (ID: 20)
2026-01-29 10:45:23 | INFO | camera_monitor:_connect_rtsp:447 | 正在连接RTSP流: rtsp://admin:khjy%40321@192.168.100.111:554/cam/realmonitor?channel=1&subtype=1
2026-01-29 10:45:23 | INFO | camera_monitor:start:127 | 开始监测摄像头: 一层室内较小库房摄像头1 (ID: 20)
2026-01-29 10:45:24 | INFO | __main__:start_all_monitors:158 | 摄像头 一层恒温大件物品区摄像头1 (ID: 21) 使用YOLO配置: 默认全局池
2026-01-29 10:45:24 | INFO | camera_monitor:__init__:43 | 摄像头 一层恒温大件物品区摄像头1 (ID: 21) RTSP URL: rtsp://admin:khjy%40321@192.168.100.112:554/cam/realmonitor?channel=1&subtype=1
2026-01-29 10:45:24 | INFO | image_detection:__init__:32 | 初始化背景建模检测器
2026-01-29 10:45:24 | INFO | image_storage:__init__:37 | 图片保存目录: D:\appdata\uploadPath\caseapp
2026-01-29 10:45:24 | INFO | camera_monitor:__init__:58 | 摄像头 一层恒温大件物品区摄像头1 将创建独立YOLO实例
2026-01-29 10:45:24 | INFO | camera_monitor:_worker_process:156 | 后台工作线程开始运行 - 摄像头: 一层恒温大件物品区摄像头1
2026-01-29 10:45:24 | INFO | camera_monitor:start:118 | 后台工作线程已启动: 一层恒温大件物品区摄像头1 (ID: 21)
2026-01-29 10:45:24 | INFO | camera_monitor:_connect_rtsp:447 | 正在连接RTSP流: rtsp://admin:khjy%40321@192.168.100.112:554/cam/realmonitor?channel=1&subtype=1
2026-01-29 10:45:24 | INFO | camera_monitor:start:127 | 开始监测摄像头: 一层恒温大件物品区摄像头1 (ID: 21)
2026-01-29 10:45:25 | INFO | __main__:start_all_monitors:173 | ========== RTSP监测服务启动完成 ==========
2026-01-29 10:45:49 | ERROR | camera_monitor:_connect_rtsp:498 | RTSP连接失败
2026-01-29 10:45:49 | WARNING | camera_monitor:_monitor_loop:212 | 摄像头 大门区域摄像头1 连接失败，5秒后重试 (尝试 1/3)
2026-01-29 10:45:54 | INFO | camera_monitor:_connect_rtsp:447 | 正在连接RTSP流: rtsp://admin:khjy%40123@192.168.100.109:554/Streaming/Channels/100
2026-01-29 10:46:19 | ERROR | camera_monitor:_connect_rtsp:498 | RTSP连接失败
2026-01-29 10:46:19 | WARNING | camera_monitor:_monitor_loop:212 | 摄像头 一层车库区摄像头2 连接失败，5秒后重试 (尝试 1/3)
2026-01-29 10:46:24 | INFO | camera_monitor:_connect_rtsp:447 | 正在连接RTSP流: rtsp://admin:khjy%40123@192.168.100.109:554/cam/realmonitor?channel=1&subtype=1
2026-01-29 10:46:49 | ERROR | camera_monitor:_connect_rtsp:498 | RTSP连接失败
2026-01-29 10:46:49 | WARNING | camera_monitor:_monitor_loop:212 | 摄像头 一层贵重物品区摄像头1 连接失败，5秒后重试 (尝试 1/3)
2026-01-29 10:46:51 | INFO | camera_monitor:_connect_rtsp:465 | RTSP连接成功
2026-01-29 10:46:51 | INFO | camera_monitor:_connect_rtsp:480 | 启用 InputShaper 输入整形层
2026-01-29 10:46:51 | INFO | input_shaper:__init__:79 | [一层室内较小库房摄像头1] InputShaper: 使用已有VideoCapture对象
2026-01-29 10:46:51 | DEBUG | input_shaper:_pull_loop:142 | [一层室内较小库房摄像头1] InputShaper 拉流线程已启动
2026-01-29 10:46:51 | DEBUG | input_shaper:_wait_for_first_frame:136 | [一层室内较小库房摄像头1] InputShaper: 首帧已就绪
2026-01-29 10:46:51 | INFO | input_shaper:__init__:119 | [一层室内较小库房摄像头1] InputShaper 已启动 - 目标帧率: 2.0fps, 缓冲区: 30帧, 丢帧策略: drop_old, 空缓冲行为: skip
2026-01-29 10:46:51 | INFO | camera_monitor:_monitor_loop:223 | 摄像头 一层室内较小库房摄像头1 正在初始化，快速跳过前3帧...
2026-01-29 10:46:52 | INFO | camera_monitor:_monitor_loop:233 | 摄像头 一层室内较小库房摄像头1 背景建模学习中，请等待30秒...
2026-01-29 10:46:52 | INFO | camera_monitor:_connect_rtsp:465 | RTSP连接成功
2026-01-29 10:46:52 | INFO | camera_monitor:_connect_rtsp:480 | 启用 InputShaper 输入整形层
2026-01-29 10:46:52 | INFO | input_shaper:__init__:79 | [一层贵重物品区摄像头1] InputShaper: 使用已有VideoCapture对象
2026-01-29 10:46:52 | DEBUG | input_shaper:_pull_loop:142 | [一层贵重物品区摄像头1] InputShaper 拉流线程已启动
2026-01-29 10:46:52 | DEBUG | input_shaper:_wait_for_first_frame:136 | [一层贵重物品区摄像头1] InputShaper: 首帧已就绪
2026-01-29 10:46:52 | INFO | input_shaper:__init__:119 | [一层贵重物品区摄像头1] InputShaper 已启动 - 目标帧率: 2.0fps, 缓冲区: 30帧, 丢帧策略: drop_old, 空缓冲行为: skip
2026-01-29 10:46:52 | INFO | camera_monitor:_monitor_loop:223 | 摄像头 一层贵重物品区摄像头1 正在初始化，快速跳过前3帧...
2026-01-29 10:46:53 | INFO | camera_monitor:_monitor_loop:233 | 摄像头 一层贵重物品区摄像头1 背景建模学习中，请等待30秒...
2026-01-29 10:46:53 | INFO | camera_monitor:_connect_rtsp:465 | RTSP连接成功
2026-01-29 10:46:53 | INFO | camera_monitor:_connect_rtsp:480 | 启用 InputShaper 输入整形层
2026-01-29 10:46:53 | INFO | input_shaper:__init__:79 | [一层室外大件物品区摄像头1] InputShaper: 使用已有VideoCapture对象
2026-01-29 10:46:53 | DEBUG | input_shaper:_pull_loop:142 | [一层室外大件物品区摄像头1] InputShaper 拉流线程已启动
2026-01-29 10:46:53 | DEBUG | input_shaper:_wait_for_first_frame:136 | [一层室外大件物品区摄像头1] InputShaper: 首帧已就绪
2026-01-29 10:46:53 | INFO | input_shaper:__init__:119 | [一层室外大件物品区摄像头1] InputShaper 已启动 - 目标帧率: 2.0fps, 缓冲区: 30帧, 丢帧策略: drop_old, 空缓冲行为: skip
2026-01-29 10:46:53 | INFO | camera_monitor:_monitor_loop:223 | 摄像头 一层室外大件物品区摄像头1 正在初始化，快速跳过前3帧...
2026-01-29 10:46:54 | INFO | camera_monitor:_connect_rtsp:447 | 正在连接RTSP流: rtsp://admin:khjy%40321@192.168.100.110:554/cam/realmonitor?channel=1&subtype=1
2026-01-29 10:46:54 | INFO | camera_monitor:_monitor_loop:233 | 摄像头 一层室外大件物品区摄像头1 背景建模学习中，请等待30秒...
2026-01-29 10:46:55 | INFO | camera_monitor:_connect_rtsp:465 | RTSP连接成功
2026-01-29 10:46:55 | INFO | camera_monitor:_connect_rtsp:480 | 启用 InputShaper 输入整形层
2026-01-29 10:46:55 | INFO | input_shaper:__init__:79 | [一层恒温大件物品区摄像头1] InputShaper: 使用已有VideoCapture对象
2026-01-29 10:46:55 | DEBUG | input_shaper:_pull_loop:142 | [一层恒温大件物品区摄像头1] InputShaper 拉流线程已启动
2026-01-29 10:46:55 | DEBUG | input_shaper:_wait_for_first_frame:136 | [一层恒温大件物品区摄像头1] InputShaper: 首帧已就绪
2026-01-29 10:46:55 | INFO | input_shaper:__init__:119 | [一层恒温大件物品区摄像头1] InputShaper 已启动 - 目标帧率: 2.0fps, 缓冲区: 30帧, 丢帧策略: drop_old, 空缓冲行为: skip
2026-01-29 10:46:55 | INFO | camera_monitor:_monitor_loop:223 | 摄像头 一层恒温大件物品区摄像头1 正在初始化，快速跳过前3帧...
2026-01-29 10:46:56 | INFO | camera_monitor:_monitor_loop:233 | 摄像头 一层恒温大件物品区摄像头1 背景建模学习中，请等待30秒...
2026-01-29 10:47:21 | INFO | input_shaper:_log_stats_periodically:217 | [一层室内较小库房摄像头1] InputShaper 统计 - 拉取: 766帧, 输出: 3帧, 丢弃: 694帧, 溢出: 694次, 空读: 0次, 重复: 0次, 缓冲区: 30/30
2026-01-29 10:47:22 | INFO | camera_monitor:_monitor_loop:253 | 摄像头 一层室内较小库房摄像头1 开始正常监测...
2026-01-29 10:47:22 | INFO | input_shaper:_log_stats_periodically:217 | [一层贵重物品区摄像头1] InputShaper 统计 - 拉取: 781帧, 输出: 3帧, 丢弃: 695帧, 溢出: 695次, 空读: 0次, 重复: 0次, 缓冲区: 30/30
2026-01-29 10:47:23 | WARNING | image_detection:_calculate_background_subtraction:168 | ⚠️  过滤可能过于激进：原始前景 1.37% -> 处理后 0.000%（形态学操作: 1, 最小区域: 500）建议：降低min_change_area或减小形态学核大小
2026-01-29 10:47:23 | INFO | camera_monitor:_monitor_loop:253 | 摄像头 一层贵重物品区摄像头1 开始正常监测...
2026-01-29 10:47:23 | INFO | input_shaper:_log_stats_periodically:217 | [一层室外大件物品区摄像头1] InputShaper 统计 - 拉取: 762帧, 输出: 3帧, 丢弃: 694帧, 溢出: 694次, 空读: 0次, 重复: 0次, 缓冲区: 30/30
2026-01-29 10:47:24 | INFO | camera_monitor:_monitor_loop:253 | 摄像头 一层室外大件物品区摄像头1 开始正常监测...
2026-01-29 10:47:25 | DEBUG | image_detection:_calculate_background_subtraction:163 | 背景建模 - 原始: 1788/2073600 (0.086%), 处理后: 0/2073600 (0.000%)
2026-01-29 10:47:25 | ERROR | camera_monitor:_connect_rtsp:498 | RTSP连接失败
2026-01-29 10:47:25 | WARNING | camera_monitor:_monitor_loop:212 | 摄像头 一层车库区摄像头2 连接失败，5秒后重试 (尝试 2/3)
2026-01-29 10:47:25 | INFO | input_shaper:_log_stats_periodically:217 | [一层恒温大件物品区摄像头1] InputShaper 统计 - 拉取: 757帧, 输出: 3帧, 丢弃: 693帧, 溢出: 693次, 空读: 0次, 重复: 0次, 缓冲区: 30/30
2026-01-29 10:47:25 | WARNING | image_detection:_calculate_background_subtraction:168 | ⚠️  过滤可能过于激进：原始前景 1.63% -> 处理后 0.000%（形态学操作: 1, 最小区域: 500）建议：降低min_change_area或减小形态学核大小
2026-01-29 10:47:25 | DEBUG | image_detection:_calculate_background_subtraction:136 | 检测到前景 (2.816%)，暂停背景学习，避免前景被学习成背景
2026-01-29 10:47:26 | WARNING | image_detection:_calculate_background_subtraction:168 | ⚠️  过滤可能过于激进：原始前景 1.20% -> 处理后 0.000%（形态学操作: 1, 最小区域: 500）建议：降低min_change_area或减小形态学核大小
2026-01-29 10:47:26 | INFO | camera_monitor:_monitor_loop:253 | 摄像头 一层恒温大件物品区摄像头1 开始正常监测...
2026-01-29 10:47:26 | DEBUG | image_detection:_calculate_background_subtraction:136 | 检测到前景 (3.036%)，暂停背景学习，避免前景被学习成背景
2026-01-29 10:47:26 | DEBUG | image_detection:_calculate_background_subtraction:136 | 检测到前景 (2.388%)，暂停背景学习，避免前景被学习成背景
2026-01-29 10:47:26 | WARNING | image_detection:_calculate_background_subtraction:168 | ⚠️  过滤可能过于激进：原始前景 2.39% -> 处理后 0.000%（形态学操作: 1, 最小区域: 500）建议：降低min_change_area或减小形态学核大小
2026-01-29 10:47:27 | WARNING | image_detection:_calculate_background_subtraction:168 | ⚠️  过滤可能过于激进：原始前景 1.64% -> 处理后 0.030%（形态学操作: 1, 最小区域: 500）建议：降低min_change_area或减小形态学核大小
2026-01-29 10:47:27 | DEBUG | image_detection:_calculate_background_subtraction:136 | 检测到前景 (2.288%)，暂停背景学习，避免前景被学习成背景
2026-01-29 10:47:27 | WARNING | image_detection:_calculate_background_subtraction:168 | ⚠️  过滤可能过于激进：原始前景 2.29% -> 处理后 0.000%（形态学操作: 1, 最小区域: 500）建议：降低min_change_area或减小形态学核大小
2026-01-29 10:47:27 | DEBUG | image_detection:_calculate_background_subtraction:136 | 检测到前景 (2.212%)，暂停背景学习，避免前景被学习成背景
2026-01-29 10:47:27 | DEBUG | image_detection:_calculate_background_subtraction:136 | 检测到前景 (2.813%)，暂停背景学习，避免前景被学习成背景
2026-01-29 10:47:28 | WARNING | image_detection:_calculate_background_subtraction:168 | ⚠️  过滤可能过于激进：原始前景 1.27% -> 处理后 0.000%（形态学操作: 1, 最小区域: 500）建议：降低min_change_area或减小形态学核大小
2026-01-29 10:47:28 | DEBUG | image_detection:_calculate_background_subtraction:136 | 检测到前景 (2.700%)，暂停背景学习，避免前景被学习成背景
2026-01-29 10:47:28 | DEBUG | image_detection:_calculate_background_subtraction:163 | 背景建模 - 原始: 55995/2073600 (2.700%), 处理后: 0/2073600 (0.000%)
2026-01-29 10:47:28 | WARNING | image_detection:_calculate_background_subtraction:168 | ⚠️  过滤可能过于激进：原始前景 2.70% -> 处理后 0.000%（形态学操作: 1, 最小区域: 500）建议：降低min_change_area或减小形态学核大小
2026-01-29 10:47:28 | DEBUG | image_detection:_calculate_background_subtraction:136 | 检测到前景 (2.755%)，暂停背景学习，避免前景被学习成背景
2026-01-29 10:47:28 | DEBUG | image_detection:_calculate_background_subtraction:136 | 检测到前景 (2.517%)，暂停背景学习，避免前景被学习成背景
2026-01-29 10:47:29 | WARNING | image_detection:_calculate_background_subtraction:168 | ⚠️  过滤可能过于激进：原始前景 1.66% -> 处理后 0.075%（形态学操作: 1, 最小区域: 500）建议：降低min_change_area或减小形态学核大小
2026-01-29 10:47:29 | DEBUG | image_detection:_calculate_background_subtraction:136 | 检测到前景 (2.629%)，暂停背景学习，避免前景被学习成背景
2026-01-29 10:47:29 | WARNING | image_detection:_calculate_background_subtraction:168 | ⚠️  过滤可能过于激进：原始前景 2.63% -> 处理后 0.000%（形态学操作: 1, 最小区域: 500）建议：降低min_change_area或减小形态学核大小
2026-01-29 10:47:29 | DEBUG | image_detection:_calculate_background_subtraction:136 | 检测到前景 (2.335%)，暂停背景学习，避免前景被学习成背景
2026-01-29 10:47:29 | DEBUG | image_detection:_calculate_background_subtraction:136 | 检测到前景 (2.886%)，暂停背景学习，避免前景被学习成背景
2026-01-29 10:47:30 | INFO | camera_monitor:_connect_rtsp:447 | 正在连接RTSP流: rtsp://admin:khjy%40123@192.168.100.109:554/cam/realmonitor?channel=1&subtype=1
2026-01-29 10:47:30 | WARNING | image_detection:_calculate_background_subtraction:168 | ⚠️  过滤可能过于激进：原始前景 1.34% -> 处理后 0.074%（形态学操作: 1, 最小区域: 500）建议：降低min_change_area或减小形态学核大小
2026-01-29 10:47:30 | DEBUG | image_detection:_calculate_background_subtraction:136 | 检测到前景 (2.870%)，暂停背景学习，避免前景被学习成背景
2026-01-29 10:47:30 | WARNING | image_detection:_calculate_background_subtraction:168 | ⚠️  过滤可能过于激进：原始前景 2.87% -> 处理后 0.000%（形态学操作: 1, 最小区域: 500）建议：降低min_change_area或减小形态学核大小
2026-01-29 10:47:30 | DEBUG | image_detection:_calculate_background_subtraction:136 | 检测到前景 (2.924%)，暂停背景学习，避免前景被学习成背景
2026-01-29 10:47:30 | DEBUG | image_detection:_calculate_background_subtraction:136 | 检测到前景 (2.536%)，暂停背景学习，避免前景被学习成背景
2026-01-29 10:47:31 | WARNING | image_detection:_calculate_background_subtraction:168 | ⚠️  过滤可能过于激进：原始前景 1.63% -> 处理后 0.072%（形态学操作: 1, 最小区域: 500）建议：降低min_change_area或减小形态学核大小
2026-01-29 10:47:31 | DEBUG | image_detection:_calculate_background_subtraction:136 | 检测到前景 (2.738%)，暂停背景学习，避免前景被学习成背景
2026-01-29 10:47:31 | WARNING | image_detection:_calculate_background_subtraction:168 | ⚠️  过滤可能过于激进：原始前景 2.74% -> 处理后 0.000%（形态学操作: 1, 最小区域: 500）建议：降低min_change_area或减小形态学核大小
2026-01-29 10:47:31 | DEBUG | image_detection:_calculate_background_subtraction:136 | 检测到前景 (2.498%)，暂停背景学习，避免前景被学习成背景
2026-01-29 10:47:31 | DEBUG | image_detection:_calculate_background_subtraction:136 | 检测到前景 (2.849%)，暂停背景学习，避免前景被学习成背景
2026-01-29 10:47:31 | WARNING | image_detection:_calculate_background_subtraction:168 | ⚠️  过滤可能过于激进：原始前景 2.85% -> 处理后 0.084%（形态学操作: 1, 最小区域: 500）建议：降低min_change_area或减小形态学核大小
2026-01-29 10:47:32 | WARNING | image_detection:_calculate_background_subtraction:168 | ⚠️  过滤可能过于激进：原始前景 1.40% -> 处理后 0.071%（形态学操作: 1, 最小区域: 500）建议：降低min_change_area或减小形态学核大小
2026-01-29 10:47:32 | DEBUG | image_detection:_calculate_background_subtraction:136 | 检测到前景 (2.994%)，暂停背景学习，避免前景被学习成背景
2026-01-29 10:47:32 | WARNING | image_detection:_calculate_background_subtraction:168 | ⚠️  过滤可能过于激进：原始前景 2.99% -> 处理后 0.000%（形态学操作: 1, 最小区域: 500）建议：降低min_change_area或减小形态学核大小
2026-01-29 10:47:32 | DEBUG | image_detection:_calculate_background_subtraction:136 | 检测到前景 (3.043%)，暂停背景学习，避免前景被学习成背景
2026-01-29 10:47:32 | DEBUG | image_detection:_calculate_background_subtraction:136 | 检测到前景 (2.499%)，暂停背景学习，避免前景被学习成背景
2026-01-29 10:47:32 | WARNING | image_detection:_calculate_background_subtraction:168 | ⚠️  过滤可能过于激进：原始前景 2.50% -> 处理后 0.076%（形态学操作: 1, 最小区域: 500）建议：降低min_change_area或减小形态学核大小
2026-01-29 10:47:33 | WARNING | image_detection:_calculate_background_subtraction:168 | ⚠️  过滤可能过于激进：原始前景 1.69% -> 处理后 0.071%（形态学操作: 1, 最小区域: 500）建议：降低min_change_area或减小形态学核大小
2026-01-29 10:47:33 | DEBUG | image_detection:_calculate_background_subtraction:136 | 检测到前景 (2.780%)，暂停背景学习，避免前景被学习成背景
2026-01-29 10:47:33 | WARNING | image_detection:_calculate_background_subtraction:168 | ⚠️  过滤可能过于激进：原始前景 2.78% -> 处理后 0.000%（形态学操作: 1, 最小区域: 500）建议：降低min_change_area或减小形态学核大小
2026-01-29 10:47:33 | DEBUG | image_detection:_calculate_background_subtraction:136 | 检测到前景 (2.545%)，暂停背景学习，避免前景被学习成背景
2026-01-29 10:47:33 | DEBUG | image_detection:_calculate_background_subtraction:136 | 检测到前景 (2.862%)，暂停背景学习，避免前景被学习成背景
2026-01-29 10:47:33 | WARNING | image_detection:_calculate_background_subtraction:168 | ⚠️  过滤可能过于激进：原始前景 2.86% -> 处理后 0.069%（形态学操作: 1, 最小区域: 500）建议：降低min_change_area或减小形态学核大小
2026-01-29 10:47:34 | WARNING | image_detection:_calculate_background_subtraction:168 | ⚠️  过滤可能过于激进：原始前景 1.44% -> 处理后 0.073%（形态学操作: 1, 最小区域: 500）建议：降低min_change_area或减小形态学核大小
2026-01-29 10:47:34 | DEBUG | image_detection:_calculate_background_subtraction:136 | 检测到前景 (2.973%)，暂停背景学习，避免前景被学习成背景
2026-01-29 10:47:34 | WARNING | image_detection:_calculate_background_subtraction:168 | ⚠️  过滤可能过于激进：原始前景 2.97% -> 处理后 0.000%（形态学操作: 1, 最小区域: 500）建议：降低min_change_area或减小形态学核大小
2026-01-29 10:47:34 | DEBUG | image_detection:_calculate_background_subtraction:136 | 检测到前景 (2.939%)，暂停背景学习，避免前景被学习成背景
2026-01-29 10:47:34 | DEBUG | image_detection:_calculate_background_subtraction:136 | 检测到前景 (2.533%)，暂停背景学习，避免前景被学习成背景
2026-01-29 10:47:34 | WARNING | image_detection:_calculate_background_subtraction:168 | ⚠️  过滤可能过于激进：原始前景 2.53% -> 处理后 0.062%（形态学操作: 1, 最小区域: 500）建议：降低min_change_area或减小形态学核大小
2026-01-29 10:47:35 | WARNING | image_detection:_calculate_background_subtraction:168 | ⚠️  过滤可能过于激进：原始前景 1.71% -> 处理后 0.072%（形态学操作: 1, 最小区域: 500）建议：降低min_change_area或减小形态学核大小
2026-01-29 10:47:35 | DEBUG | image_detection:_calculate_background_subtraction:136 | 检测到前景 (2.751%)，暂停背景学习，避免前景被学习成背景
2026-01-29 10:47:35 | DEBUG | image_detection:_calculate_background_subtraction:163 | 背景建模 - 原始: 57051/2073600 (2.751%), 处理后: 0/2073600 (0.000%)
2026-01-29 10:47:35 | WARNING | image_detection:_calculate_background_subtraction:168 | ⚠️  过滤可能过于激进：原始前景 2.75% -> 处理后 0.000%（形态学操作: 1, 最小区域: 500）建议：降低min_change_area或减小形态学核大小
2026-01-29 10:47:35 | DEBUG | image_detection:_calculate_background_subtraction:136 | 检测到前景 (2.647%)，暂停背景学习，避免前景被学习成背景
2026-01-29 10:47:35 | DEBUG | image_detection:_calculate_background_subtraction:136 | 检测到前景 (2.893%)，暂停背景学习，避免前景被学习成背景
2026-01-29 10:47:35 | WARNING | image_detection:_calculate_background_subtraction:168 | ⚠️  过滤可能过于激进：原始前景 2.89% -> 处理后 0.055%（形态学操作: 1, 最小区域: 500）建议：降低min_change_area或减小形态学核大小
2026-01-29 10:47:36 | WARNING | image_detection:_calculate_background_subtraction:168 | ⚠️  过滤可能过于激进：原始前景 1.58% -> 处理后 0.076%（形态学操作: 1, 最小区域: 500）建议：降低min_change_area或减小形态学核大小
2026-01-29 10:47:36 | DEBUG | image_detection:_calculate_background_subtraction:136 | 检测到前景 (2.932%)，暂停背景学习，避免前景被学习成背景
2026-01-29 10:47:36 | WARNING | image_detection:_calculate_background_subtraction:168 | ⚠️  过滤可能过于激进：原始前景 2.93% -> 处理后 0.000%（形态学操作: 1, 最小区域: 500）建议：降低min_change_area或减小形态学核大小
2026-01-29 10:47:36 | DEBUG | image_detection:_calculate_background_subtraction:136 | 检测到前景 (3.159%)，暂停背景学习，避免前景被学习成背景
2026-01-29 10:47:36 | DEBUG | image_detection:_calculate_background_subtraction:136 | 检测到前景 (2.636%)，暂停背景学习，避免前景被学习成背景
2026-01-29 10:47:37 | WARNING | image_detection:_calculate_background_subtraction:168 | ⚠️  过滤可能过于激进：原始前景 1.81% -> 处理后 0.073%（形态学操作: 1, 最小区域: 500）建议：降低min_change_area或减小形态学核大小
2026-01-29 10:47:37 | DEBUG | image_detection:_calculate_background_subtraction:136 | 检测到前景 (2.730%)，暂停背景学习，避免前景被学习成背景
2026-01-29 10:47:37 | WARNING | image_detection:_calculate_background_subtraction:168 | ⚠️  过滤可能过于激进：原始前景 2.73% -> 处理后 0.000%（形态学操作: 1, 最小区域: 500）建议：降低min_change_area或减小形态学核大小
2026-01-29 10:47:37 | DEBUG | image_detection:_calculate_background_subtraction:136 | 检测到前景 (2.730%)，暂停背景学习，避免前景被学习成背景
2026-01-29 10:47:37 | DEBUG | image_detection:_calculate_background_subtraction:136 | 检测到前景 (2.942%)，暂停背景学习，避免前景被学习成背景
2026-01-29 10:47:38 | WARNING | image_detection:_calculate_background_subtraction:168 | ⚠️  过滤可能过于激进：原始前景 1.64% -> 处理后 0.072%（形态学操作: 1, 最小区域: 500）建议：降低min_change_area或减小形态学核大小
2026-01-29 10:47:38 | DEBUG | image_detection:_calculate_background_subtraction:136 | 检测到前景 (3.859%)，暂停背景学习，避免前景被学习成背景
2026-01-29 10:47:38 | DEBUG | image_detection:_calculate_background_subtraction:136 | 检测到前景 (3.458%)，暂停背景学习，避免前景被学习成背景
2026-01-29 10:47:38 | DEBUG | image_detection:_calculate_background_subtraction:136 | 检测到前景 (2.680%)，暂停背景学习，避免前景被学习成背景
2026-01-29 10:47:39 | WARNING | image_detection:_calculate_background_subtraction:168 | ⚠️  过滤可能过于激进：原始前景 1.81% -> 处理后 0.075%（形态学操作: 1, 最小区域: 500）建议：降低min_change_area或减小形态学核大小
2026-01-29 10:47:39 | DEBUG | image_detection:_calculate_background_subtraction:136 | 检测到前景 (3.022%)，暂停背景学习，避免前景被学习成背景
2026-01-29 10:47:39 | DEBUG | image_detection:_calculate_background_subtraction:163 | 背景建模 - 原始: 62658/2073600 (3.022%), 处理后: 0/2073600 (0.000%)
2026-01-29 10:47:39 | WARNING | image_detection:_calculate_background_subtraction:168 | ⚠️  过滤可能过于激进：原始前景 3.02% -> 处理后 0.000%（形态学操作: 1, 最小区域: 500）建议：降低min_change_area或减小形态学核大小
2026-01-29 10:47:39 | DEBUG | image_detection:_calculate_background_subtraction:136 | 检测到前景 (4.335%)，暂停背景学习，避免前景被学习成背景
2026-01-29 10:47:39 | DEBUG | image_detection:_calculate_background_subtraction:136 | 检测到前景 (2.950%)，暂停背景学习，避免前景被学习成背景
2026-01-29 10:47:40 | WARNING | image_detection:_calculate_background_subtraction:168 | ⚠️  过滤可能过于激进：原始前景 1.65% -> 处理后 0.071%（形态学操作: 1, 最小区域: 500）建议：降低min_change_area或减小形态学核大小
2026-01-29 10:47:40 | DEBUG | image_detection:_calculate_background_subtraction:136 | 检测到前景 (3.088%)，暂停背景学习，避免前景被学习成背景
2026-01-29 10:47:40 | WARNING | image_detection:_calculate_background_subtraction:168 | ⚠️  过滤可能过于激进：原始前景 3.09% -> 处理后 0.000%（形态学操作: 1, 最小区域: 500）建议：降低min_change_area或减小形态学核大小
2026-01-29 10:47:40 | DEBUG | image_detection:_calculate_background_subtraction:136 | 检测到前景 (8.448%)，暂停背景学习，避免前景被学习成背景
2026-01-29 10:47:40 | INFO | camera_monitor:_monitor_loop:300 | 摄像头 一层贵重物品区摄像头1 检测到变化...
2026-01-29 10:47:40 | DEBUG | image_detection:_calculate_background_subtraction:136 | 检测到前景 (2.737%)，暂停背景学习，避免前景被学习成背景
2026-01-29 10:47:41 | DEBUG | image_detection:_calculate_background_subtraction:136 | 检测到前景 (2.752%)，暂停背景学习，避免前景被学习成背景
2026-01-29 10:47:41 | WARNING | image_detection:_calculate_background_subtraction:168 | ⚠️  过滤可能过于激进：原始前景 2.75% -> 处理后 0.000%（形态学操作: 1, 最小区域: 500）建议：降低min_change_area或减小形态学核大小
2026-01-29 10:47:41 | DEBUG | image_detection:_calculate_background_subtraction:136 | 检测到前景 (8.786%)，暂停背景学习，避免前景被学习成背景
2026-01-29 10:47:41 | INFO | camera_monitor:_monitor_loop:300 | 摄像头 一层贵重物品区摄像头1 检测到变化...
2026-01-29 10:47:41 | DEBUG | image_detection:_calculate_background_subtraction:136 | 检测到前景 (2.973%)，暂停背景学习，避免前景被学习成背景
2026-01-29 10:47:41 | WARNING | image_detection:_calculate_background_subtraction:168 | ⚠️  过滤可能过于激进：原始前景 1.31% -> 处理后 0.071%（形态学操作: 1, 最小区域: 500）建议：降低min_change_area或减小形态学核大小
2026-01-29 10:47:42 | DEBUG | image_detection:_calculate_background_subtraction:136 | 检测到前景 (2.891%)，暂停背景学习，避免前景被学习成背景
2026-01-29 10:47:42 | WARNING | image_detection:_calculate_background_subtraction:168 | ⚠️  过滤可能过于激进：原始前景 2.89% -> 处理后 0.000%（形态学操作: 1, 最小区域: 500）建议：降低min_change_area或减小形态学核大小
2026-01-29 10:47:42 | DEBUG | image_detection:_calculate_background_subtraction:136 | 检测到前景 (9.178%)，暂停背景学习，避免前景被学习成背景
2026-01-29 10:47:42 | INFO | camera_monitor:_monitor_loop:300 | 摄像头 一层贵重物品区摄像头1 检测到变化...
2026-01-29 10:47:42 | DEBUG | image_detection:_calculate_background_subtraction:136 | 检测到前景 (2.842%)，暂停背景学习，避免前景被学习成背景
2026-01-29 10:47:42 | WARNING | image_detection:_calculate_background_subtraction:168 | ⚠️  过滤可能过于激进：原始前景 1.81% -> 处理后 0.071%（形态学操作: 1, 最小区域: 500）建议：降低min_change_area或减小形态学核大小
2026-01-29 10:47:43 | DEBUG | image_detection:_calculate_background_subtraction:136 | 检测到前景 (2.904%)，暂停背景学习，避免前景被学习成背景
2026-01-29 10:47:43 | WARNING | image_detection:_calculate_background_subtraction:168 | ⚠️  过滤可能过于激进：原始前景 2.90% -> 处理后 0.000%（形态学操作: 1, 最小区域: 500）建议：降低min_change_area或减小形态学核大小
2026-01-29 10:47:43 | DEBUG | image_detection:_calculate_background_subtraction:136 | 检测到前景 (9.083%)，暂停背景学习，避免前景被学习成背景
2026-01-29 10:47:43 | INFO | camera_monitor:_monitor_loop:300 | 摄像头 一层贵重物品区摄像头1 检测到变化...
2026-01-29 10:47:43 | DEBUG | image_detection:_calculate_background_subtraction:136 | 检测到前景 (2.940%)，暂停背景学习，避免前景被学习成背景
2026-01-29 10:47:43 | WARNING | image_detection:_calculate_background_subtraction:168 | ⚠️  过滤可能过于激进：原始前景 2.94% -> 处理后 0.027%（形态学操作: 1, 最小区域: 500）建议：降低min_change_area或减小形态学核大小
2026-01-29 10:47:43 | WARNING | image_detection:_calculate_background_subtraction:168 | ⚠️  过滤可能过于激进：原始前景 1.30% -> 处理后 0.067%（形态学操作: 1, 最小区域: 500）建议：降低min_change_area或减小形态学核大小
2026-01-29 10:47:44 | DEBUG | image_detection:_calculate_background_subtraction:136 | 检测到前景 (2.964%)，暂停背景学习，避免前景被学习成背景
2026-01-29 10:47:44 | WARNING | image_detection:_calculate_background_subtraction:168 | ⚠️  过滤可能过于激进：原始前景 2.96% -> 处理后 0.000%（形态学操作: 1, 最小区域: 500）建议：降低min_change_area或减小形态学核大小
2026-01-29 10:47:44 | DEBUG | image_detection:_calculate_background_subtraction:136 | 检测到前景 (9.916%)，暂停背景学习，避免前景被学习成背景
2026-01-29 10:47:44 | INFO | camera_monitor:_monitor_loop:300 | 摄像头 一层贵重物品区摄像头1 检测到变化...
2026-01-29 10:47:44 | DEBUG | image_detection:_calculate_background_subtraction:136 | 检测到前景 (2.695%)，暂停背景学习，避免前景被学习成背景
2026-01-29 10:47:44 | WARNING | image_detection:_calculate_background_subtraction:168 | ⚠️  过滤可能过于激进：原始前景 2.69% -> 处理后 0.068%（形态学操作: 1, 最小区域: 500）建议：降低min_change_area或减小形态学核大小
2026-01-29 10:47:44 | WARNING | image_detection:_calculate_background_subtraction:168 | ⚠️  过滤可能过于激进：原始前景 1.83% -> 处理后 0.072%（形态学操作: 1, 最小区域: 500）建议：降低min_change_area或减小形态学核大小
2026-01-29 10:47:45 | DEBUG | image_detection:_calculate_background_subtraction:136 | 检测到前景 (3.053%)，暂停背景学习，避免前景被学习成背景
2026-01-29 10:47:45 | DEBUG | image_detection:_calculate_background_subtraction:163 | 背景建模 - 原始: 63316/2073600 (3.053%), 处理后: 0/2073600 (0.000%)
2026-01-29 10:47:45 | WARNING | image_detection:_calculate_background_subtraction:168 | ⚠️  过滤可能过于激进：原始前景 3.05% -> 处理后 0.000%（形态学操作: 1, 最小区域: 500）建议：降低min_change_area或减小形态学核大小
2026-01-29 10:47:45 | DEBUG | image_detection:_calculate_background_subtraction:136 | 检测到前景 (11.379%)，暂停背景学习，避免前景被学习成背景
2026-01-29 10:47:45 | INFO | camera_monitor:_monitor_loop:300 | 摄像头 一层贵重物品区摄像头1 检测到变化...
2026-01-29 10:47:45 | DEBUG | image_detection:_calculate_background_subtraction:136 | 检测到前景 (2.992%)，暂停背景学习，避免前景被学习成背景
2026-01-29 10:47:45 | WARNING | image_detection:_calculate_background_subtraction:168 | ⚠️  过滤可能过于激进：原始前景 1.33% -> 处理后 0.072%（形态学操作: 1, 最小区域: 500）建议：降低min_change_area或减小形态学核大小
2026-01-29 10:47:46 | DEBUG | image_detection:_calculate_background_subtraction:136 | 检测到前景 (2.923%)，暂停背景学习，避免前景被学习成背景
2026-01-29 10:47:46 | WARNING | image_detection:_calculate_background_subtraction:168 | ⚠️  过滤可能过于激进：原始前景 2.92% -> 处理后 0.000%（形态学操作: 1, 最小区域: 500）建议：降低min_change_area或减小形态学核大小
2026-01-29 10:47:46 | DEBUG | image_detection:_calculate_background_subtraction:136 | 检测到前景 (9.744%)，暂停背景学习，避免前景被学习成背景
2026-01-29 10:47:46 | INFO | camera_monitor:_monitor_loop:300 | 摄像头 一层贵重物品区摄像头1 检测到变化...
2026-01-29 10:47:46 | DEBUG | image_detection:_calculate_background_subtraction:136 | 检测到前景 (2.794%)，暂停背景学习，避免前景被学习成背景
2026-01-29 10:47:47 | WARNING | image_detection:_calculate_background_subtraction:168 | ⚠️  过滤可能过于激进：原始前景 1.82% -> 处理后 0.068%（形态学操作: 1, 最小区域: 500）建议：降低min_change_area或减小形态学核大小
2026-01-29 10:47:47 | DEBUG | image_detection:_calculate_background_subtraction:136 | 检测到前景 (3.193%)，暂停背景学习，避免前景被学习成背景
2026-01-29 10:47:47 | WARNING | image_detection:_calculate_background_subtraction:168 | ⚠️  过滤可能过于激进：原始前景 3.19% -> 处理后 0.000%（形态学操作: 1, 最小区域: 500）建议：降低min_change_area或减小形态学核大小
2026-01-29 10:47:47 | DEBUG | image_detection:_calculate_background_subtraction:136 | 检测到前景 (10.395%)，暂停背景学习，避免前景被学习成背景
2026-01-29 10:47:47 | INFO | camera_monitor:_monitor_loop:300 | 摄像头 一层贵重物品区摄像头1 检测到变化...
2026-01-29 10:47:47 | DEBUG | image_detection:_calculate_background_subtraction:136 | 检测到前景 (3.161%)，暂停背景学习，避免前景被学习成背景
2026-01-29 10:47:48 | WARNING | image_detection:_calculate_background_subtraction:168 | ⚠️  过滤可能过于激进：原始前景 1.38% -> 处理后 0.070%（形态学操作: 1, 最小区域: 500）建议：降低min_change_area或减小形态学核大小
2026-01-29 10:47:48 | DEBUG | image_detection:_calculate_background_subtraction:136 | 检测到前景 (2.861%)，暂停背景学习，避免前景被学习成背景
2026-01-29 10:47:48 | WARNING | image_detection:_calculate_background_subtraction:168 | ⚠️  过滤可能过于激进：原始前景 2.86% -> 处理后 0.000%（形态学操作: 1, 最小区域: 500）建议：降低min_change_area或减小形态学核大小
2026-01-29 10:47:48 | DEBUG | image_detection:_calculate_background_subtraction:136 | 检测到前景 (24.985%)，暂停背景学习，避免前景被学习成背景
2026-01-29 10:47:48 | INFO | camera_monitor:_monitor_loop:300 | 摄像头 一层贵重物品区摄像头1 检测到变化...
2026-01-29 10:47:48 | DEBUG | image_detection:_calculate_background_subtraction:136 | 检测到前景 (3.119%)，暂停背景学习，避免前景被学习成背景
2026-01-29 10:47:49 | WARNING | image_detection:_calculate_background_subtraction:168 | ⚠️  过滤可能过于激进：原始前景 1.97% -> 处理后 0.071%（形态学操作: 1, 最小区域: 500）建议：降低min_change_area或减小形态学核大小
2026-01-29 10:47:49 | DEBUG | image_detection:_calculate_background_subtraction:136 | 检测到前景 (2.914%)，暂停背景学习，避免前景被学习成背景
2026-01-29 10:47:49 | WARNING | image_detection:_calculate_background_subtraction:168 | ⚠️  过滤可能过于激进：原始前景 2.91% -> 处理后 0.000%（形态学操作: 1, 最小区域: 500）建议：降低min_change_area或减小形态学核大小
2026-01-29 10:47:49 | DEBUG | image_detection:_calculate_background_subtraction:136 | 检测到前景 (27.652%)，暂停背景学习，避免前景被学习成背景
2026-01-29 10:47:49 | INFO | camera_monitor:_monitor_loop:300 | 摄像头 一层贵重物品区摄像头1 检测到变化...
2026-01-29 10:47:49 | DEBUG | image_detection:_calculate_background_subtraction:136 | 检测到前景 (3.730%)，暂停背景学习，避免前景被学习成背景
2026-01-29 10:47:50 | WARNING | image_detection:_calculate_background_subtraction:168 | ⚠️  过滤可能过于激进：原始前景 1.58% -> 处理后 0.070%（形态学操作: 1, 最小区域: 500）建议：降低min_change_area或减小形态学核大小
2026-01-29 10:47:50 | DEBUG | image_detection:_calculate_background_subtraction:136 | 检测到前景 (2.998%)，暂停背景学习，避免前景被学习成背景
2026-01-29 10:47:50 | WARNING | image_detection:_calculate_background_subtraction:168 | ⚠️  过滤可能过于激进：原始前景 3.00% -> 处理后 0.000%（形态学操作: 1, 最小区域: 500）建议：降低min_change_area或减小形态学核大小
2026-01-29 10:47:50 | DEBUG | image_detection:_calculate_background_subtraction:136 | 检测到前景 (26.708%)，暂停背景学习，避免前景被学习成背景
2026-01-29 10:47:50 | INFO | camera_monitor:_monitor_loop:300 | 摄像头 一层贵重物品区摄像头1 检测到变化...
2026-01-29 10:47:50 | DEBUG | image_detection:_calculate_background_subtraction:136 | 检测到前景 (4.609%)，暂停背景学习，避免前景被学习成背景
2026-01-29 10:47:51 | DEBUG | image_detection:_calculate_background_subtraction:136 | 检测到前景 (2.128%)，暂停背景学习，避免前景被学习成背景
2026-01-29 10:47:51 | WARNING | image_detection:_calculate_background_subtraction:168 | ⚠️  过滤可能过于激进：原始前景 2.13% -> 处理后 0.074%（形态学操作: 1, 最小区域: 500）建议：降低min_change_area或减小形态学核大小
2026-01-29 10:47:51 | INFO | input_shaper:_log_stats_periodically:217 | [一层室内较小库房摄像头1] InputShaper 统计 - 拉取: 751帧, 输出: 57帧, 丢弃: 23帧, 溢出: 23次, 空读: 0次, 重复: 0次, 缓冲区: 9/30
2026-01-29 10:47:51 | DEBUG | image_detection:_calculate_background_subtraction:136 | 检测到前景 (3.812%)，暂停背景学习，避免前景被学习成背景
2026-01-29 10:47:51 | WARNING | image_detection:_calculate_background_subtraction:168 | ⚠️  过滤可能过于激进：原始前景 3.81% -> 处理后 0.000%（形态学操作: 1, 最小区域: 500）建议：降低min_change_area或减小形态学核大小
2026-01-29 10:47:51 | DEBUG | image_detection:_calculate_background_subtraction:136 | 检测到前景 (25.883%)，暂停背景学习，避免前景被学习成背景
2026-01-29 10:47:51 | INFO | camera_monitor:_monitor_loop:300 | 摄像头 一层贵重物品区摄像头1 检测到变化...
2026-01-29 10:47:51 | DEBUG | image_detection:_calculate_background_subtraction:136 | 检测到前景 (4.688%)，暂停背景学习，避免前景被学习成背景
2026-01-29 10:47:52 | WARNING | image_detection:_calculate_background_subtraction:168 | ⚠️  过滤可能过于激进：原始前景 1.64% -> 处理后 0.071%（形态学操作: 1, 最小区域: 500）建议：降低min_change_area或减小形态学核大小
2026-01-29 10:47:52 | INFO | input_shaper:_log_stats_periodically:217 | [一层贵重物品区摄像头1] InputShaper 统计 - 拉取: 759帧, 输出: 57帧, 丢弃: 28帧, 溢出: 28次, 空读: 0次, 重复: 0次, 缓冲区: 10/30
2026-01-29 10:47:52 | DEBUG | image_detection:_calculate_background_subtraction:136 | 检测到前景 (2.842%)，暂停背景学习，避免前景被学习成背景
2026-01-29 10:47:52 | WARNING | image_detection:_calculate_background_subtraction:168 | ⚠️  过滤可能过于激进：原始前景 2.84% -> 处理后 0.000%（形态学操作: 1, 最小区域: 500）建议：降低min_change_area或减小形态学核大小
2026-01-29 10:47:52 | DEBUG | image_detection:_calculate_background_subtraction:136 | 检测到前景 (15.254%)，暂停背景学习，避免前景被学习成背景
2026-01-29 10:47:52 | INFO | camera_monitor:_monitor_loop:300 | 摄像头 一层贵重物品区摄像头1 检测到变化...
2026-01-29 10:47:53 | DEBUG | image_detection:_calculate_background_subtraction:136 | 检测到前景 (5.744%)，暂停背景学习，避免前景被学习成背景
2026-01-29 10:47:53 | DEBUG | image_detection:_calculate_background_subtraction:136 | 检测到前景 (2.096%)，暂停背景学习，避免前景被学习成背景
2026-01-29 10:47:53 | WARNING | image_detection:_calculate_background_subtraction:168 | ⚠️  过滤可能过于激进：原始前景 2.10% -> 处理后 0.071%（形态学操作: 1, 最小区域: 500）建议：降低min_change_area或减小形态学核大小
2026-01-29 10:47:53 | DEBUG | image_detection:_calculate_background_subtraction:136 | 检测到前景 (3.472%)，暂停背景学习，避免前景被学习成背景
2026-01-29 10:47:53 | WARNING | image_detection:_calculate_background_subtraction:168 | ⚠️  过滤可能过于激进：原始前景 3.47% -> 处理后 0.000%（形态学操作: 1, 最小区域: 500）建议：降低min_change_area或减小形态学核大小
2026-01-29 10:47:53 | DEBUG | image_detection:_calculate_background_subtraction:136 | 检测到前景 (12.075%)，暂停背景学习，避免前景被学习成背景
2026-01-29 10:47:53 | INFO | camera_monitor:_monitor_loop:300 | 摄像头 一层贵重物品区摄像头1 检测到变化...
2026-01-29 10:47:53 | INFO | input_shaper:_log_stats_periodically:217 | [一层室外大件物品区摄像头1] InputShaper 统计 - 拉取: 752帧, 输出: 57帧, 丢弃: 27帧, 溢出: 27次, 空读: 0次, 重复: 0次, 缓冲区: 11/30
2026-01-29 10:47:54 | DEBUG | image_detection:_calculate_background_subtraction:136 | 检测到前景 (6.386%)，暂停背景学习，避免前景被学习成背景
2026-01-29 10:47:54 | INFO | camera_monitor:_monitor_loop:300 | 摄像头 一层室外大件物品区摄像头1 检测到变化...
2026-01-29 10:47:54 | WARNING | image_detection:_calculate_background_subtraction:168 | ⚠️  过滤可能过于激进：原始前景 1.75% -> 处理后 0.068%（形态学操作: 1, 最小区域: 500）建议：降低min_change_area或减小形态学核大小
2026-01-29 10:47:54 | DEBUG | image_detection:_calculate_background_subtraction:136 | 检测到前景 (3.704%)，暂停背景学习，避免前景被学习成背景
2026-01-29 10:47:54 | WARNING | image_detection:_calculate_background_subtraction:168 | ⚠️  过滤可能过于激进：原始前景 3.70% -> 处理后 0.050%（形态学操作: 1, 最小区域: 500）建议：降低min_change_area或减小形态学核大小
2026-01-29 10:47:54 | DEBUG | image_detection:_calculate_background_subtraction:136 | 检测到前景 (11.564%)，暂停背景学习，避免前景被学习成背景
2026-01-29 10:47:54 | INFO | camera_monitor:_monitor_loop:300 | 摄像头 一层贵重物品区摄像头1 检测到变化...
2026-01-29 10:47:55 | DEBUG | image_detection:_calculate_background_subtraction:136 | 检测到前景 (5.860%)，暂停背景学习，避免前景被学习成背景
2026-01-29 10:47:55 | INFO | camera_monitor:_monitor_loop:300 | 摄像头 一层室外大件物品区摄像头1 检测到变化...
2026-01-29 10:47:55 | INFO | input_shaper:_log_stats_periodically:217 | [一层恒温大件物品区摄像头1] InputShaper 统计 - 拉取: 751帧, 输出: 57帧, 丢弃: 27帧, 溢出: 27次, 空读: 0次, 重复: 0次, 缓冲区: 8/30
2026-01-29 10:47:55 | DEBUG | image_detection:_calculate_background_subtraction:136 | 检测到前景 (3.909%)，暂停背景学习，避免前景被学习成背景
2026-01-29 10:47:55 | ERROR | camera_monitor:_connect_rtsp:498 | RTSP连接失败
2026-01-29 10:47:55 | WARNING | camera_monitor:_monitor_loop:212 | 摄像头 大门区域摄像头1 连接失败，5秒后重试 (尝试 2/3)
2026-01-29 10:47:55 | DEBUG | image_detection:_calculate_background_subtraction:136 | 检测到前景 (4.949%)，暂停背景学习，避免前景被学习成背景
2026-01-29 10:47:55 | DEBUG | image_detection:_calculate_background_subtraction:136 | 检测到前景 (11.167%)，暂停背景学习，避免前景被学习成背景
2026-01-29 10:47:55 | INFO | camera_monitor:_monitor_loop:300 | 摄像头 一层贵重物品区摄像头1 检测到变化...
2026-01-29 10:47:56 | DEBUG | image_detection:_calculate_background_subtraction:136 | 检测到前景 (4.953%)，暂停背景学习，避免前景被学习成背景
2026-01-29 10:47:56 | DEBUG | image_detection:_calculate_background_subtraction:136 | 检测到前景 (3.957%)，暂停背景学习，避免前景被学习成背景
2026-01-29 10:47:56 | DEBUG | image_detection:_calculate_background_subtraction:136 | 检测到前景 (4.130%)，暂停背景学习，避免前景被学习成背景
2026-01-29 10:47:56 | DEBUG | image_detection:_calculate_background_subtraction:136 | 检测到前景 (11.768%)，暂停背景学习，避免前景被学习成背景
2026-01-29 10:47:56 | INFO | camera_monitor:_monitor_loop:300 | 摄像头 一层贵重物品区摄像头1 检测到变化...
2026-01-29 10:47:57 | DEBUG | image_detection:_calculate_background_subtraction:136 | 检测到前景 (4.592%)，暂停背景学习，避免前景被学习成背景
2026-01-29 10:47:57 | DEBUG | image_detection:_calculate_background_subtraction:136 | 检测到前景 (2.907%)，暂停背景学习，避免前景被学习成背景
2026-01-29 10:47:57 | WARNING | image_detection:_calculate_background_subtraction:168 | ⚠️  过滤可能过于激进：原始前景 2.91% -> 处理后 0.066%（形态学操作: 1, 最小区域: 500）建议：降低min_change_area或减小形态学核大小
2026-01-29 10:47:57 | DEBUG | image_detection:_calculate_background_subtraction:136 | 检测到前景 (4.396%)，暂停背景学习，避免前景被学习成背景
2026-01-29 10:47:57 | DEBUG | image_detection:_calculate_background_subtraction:136 | 检测到前景 (11.512%)，暂停背景学习，避免前景被学习成背景
2026-01-29 10:47:57 | INFO | camera_monitor:_monitor_loop:300 | 摄像头 一层贵重物品区摄像头1 检测到变化...
2026-01-29 10:47:58 | DEBUG | image_detection:_calculate_background_subtraction:136 | 检测到前景 (4.777%)，暂停背景学习，避免前景被学习成背景
2026-01-29 10:47:58 | DEBUG | image_detection:_calculate_background_subtraction:136 | 检测到前景 (2.630%)，暂停背景学习，避免前景被学习成背景
2026-01-29 10:47:58 | WARNING | image_detection:_calculate_background_subtraction:168 | ⚠️  过滤可能过于激进：原始前景 2.63% -> 处理后 0.072%（形态学操作: 1, 最小区域: 500）建议：降低min_change_area或减小形态学核大小
2026-01-29 10:47:58 | DEBUG | image_detection:_calculate_background_subtraction:136 | 检测到前景 (4.099%)，暂停背景学习，避免前景被学习成背景
2026-01-29 10:47:58 | DEBUG | image_detection:_calculate_background_subtraction:136 | 检测到前景 (11.715%)，暂停背景学习，避免前景被学习成背景
2026-01-29 10:47:58 | INFO | camera_monitor:_monitor_loop:300 | 摄像头 一层贵重物品区摄像头1 检测到变化...
2026-01-29 10:47:59 | DEBUG | image_detection:_calculate_background_subtraction:136 | 检测到前景 (4.447%)，暂停背景学习，避免前景被学习成背景
2026-01-29 10:47:59 | DEBUG | image_detection:_calculate_background_subtraction:136 | 检测到前景 (2.943%)，暂停背景学习，避免前景被学习成背景
2026-01-29 10:47:59 | WARNING | image_detection:_calculate_background_subtraction:168 | ⚠️  过滤可能过于激进：原始前景 2.94% -> 处理后 0.075%（形态学操作: 1, 最小区域: 500）建议：降低min_change_area或减小形态学核大小
2026-01-29 10:47:59 | DEBUG | image_detection:_calculate_background_subtraction:136 | 检测到前景 (4.199%)，暂停背景学习，避免前景被学习成背景
2026-01-29 10:48:00 | DEBUG | image_detection:_calculate_background_subtraction:136 | 检测到前景 (11.466%)，暂停背景学习，避免前景被学习成背景
2026-01-29 10:48:00 | INFO | camera_monitor:_monitor_loop:300 | 摄像头 一层贵重物品区摄像头1 检测到变化...
2026-01-29 10:48:00 | DEBUG | image_detection:_calculate_background_subtraction:136 | 检测到前景 (4.628%)，暂停背景学习，避免前景被学习成背景
2026-01-29 10:48:00 | INFO | camera_monitor:_connect_rtsp:447 | 正在连接RTSP流: rtsp://admin:khjy%40123@192.168.100.109:554/Streaming/Channels/100
2026-01-29 10:48:00 | DEBUG | image_detection:_calculate_background_subtraction:136 | 检测到前景 (2.591%)，暂停背景学习，避免前景被学习成背景
2026-01-29 10:48:00 | WARNING | image_detection:_calculate_background_subtraction:168 | ⚠️  过滤可能过于激进：原始前景 2.59% -> 处理后 0.072%（形态学操作: 1, 最小区域: 500）建议：降低min_change_area或减小形态学核大小
2026-01-29 10:48:00 | DEBUG | image_detection:_calculate_background_subtraction:136 | 检测到前景 (3.642%)，暂停背景学习，避免前景被学习成背景
2026-01-29 10:48:01 | DEBUG | image_detection:_calculate_background_subtraction:136 | 检测到前景 (11.681%)，暂停背景学习，避免前景被学习成背景
2026-01-29 10:48:01 | INFO | camera_monitor:_monitor_loop:300 | 摄像头 一层贵重物品区摄像头1 检测到变化...
2026-01-29 10:48:01 | DEBUG | image_detection:_calculate_background_subtraction:136 | 检测到前景 (4.390%)，暂停背景学习，避免前景被学习成背景
2026-01-29 10:48:01 | DEBUG | image_detection:_calculate_background_subtraction:136 | 检测到前景 (2.974%)，暂停背景学习，避免前景被学习成背景
2026-01-29 10:48:01 | WARNING | image_detection:_calculate_background_subtraction:168 | ⚠️  过滤可能过于激进：原始前景 2.97% -> 处理后 0.073%（形态学操作: 1, 最小区域: 500）建议：降低min_change_area或减小形态学核大小
2026-01-29 10:48:01 | DEBUG | image_detection:_calculate_background_subtraction:136 | 检测到前景 (3.906%)，暂停背景学习，避免前景被学习成背景
2026-01-29 10:48:02 | DEBUG | image_detection:_calculate_background_subtraction:136 | 检测到前景 (11.504%)，暂停背景学习，避免前景被学习成背景
2026-01-29 10:48:02 | INFO | camera_monitor:_monitor_loop:300 | 摄像头 一层贵重物品区摄像头1 检测到变化...
2026-01-29 10:48:02 | DEBUG | image_detection:_calculate_background_subtraction:136 | 检测到前景 (4.537%)，暂停背景学习，避免前景被学习成背景
2026-01-29 10:48:02 | DEBUG | image_detection:_calculate_background_subtraction:136 | 检测到前景 (2.560%)，暂停背景学习，避免前景被学习成背景
2026-01-29 10:48:02 | WARNING | image_detection:_calculate_background_subtraction:168 | ⚠️  过滤可能过于激进：原始前景 2.56% -> 处理后 0.067%（形态学操作: 1, 最小区域: 500）建议：降低min_change_area或减小形态学核大小
2026-01-29 10:48:02 | DEBUG | image_detection:_calculate_background_subtraction:136 | 检测到前景 (3.751%)，暂停背景学习，避免前景被学习成背景
2026-01-29 10:48:03 | DEBUG | image_detection:_calculate_background_subtraction:136 | 检测到前景 (11.671%)，暂停背景学习，避免前景被学习成背景
2026-01-29 10:48:03 | INFO | camera_monitor:_monitor_loop:300 | 摄像头 一层贵重物品区摄像头1 检测到变化...
2026-01-29 10:48:03 | DEBUG | image_detection:_calculate_background_subtraction:136 | 检测到前景 (4.394%)，暂停背景学习，避免前景被学习成背景
2026-01-29 10:48:03 | DEBUG | image_detection:_calculate_background_subtraction:136 | 检测到前景 (2.818%)，暂停背景学习，避免前景被学习成背景
2026-01-29 10:48:03 | WARNING | image_detection:_calculate_background_subtraction:168 | ⚠️  过滤可能过于激进：原始前景 2.82% -> 处理后 0.071%（形态学操作: 1, 最小区域: 500）建议：降低min_change_area或减小形态学核大小
2026-01-29 10:48:04 | DEBUG | image_detection:_calculate_background_subtraction:136 | 检测到前景 (3.894%)，暂停背景学习，避免前景被学习成背景
2026-01-29 10:48:04 | DEBUG | image_detection:_calculate_background_subtraction:136 | 检测到前景 (11.506%)，暂停背景学习，避免前景被学习成背景
2026-01-29 10:48:04 | INFO | camera_monitor:_monitor_loop:300 | 摄像头 一层贵重物品区摄像头1 检测到变化...
2026-01-29 10:48:04 | DEBUG | image_detection:_calculate_background_subtraction:136 | 检测到前景 (4.461%)，暂停背景学习，避免前景被学习成背景
2026-01-29 10:48:04 | DEBUG | image_detection:_calculate_background_subtraction:136 | 检测到前景 (2.620%)，暂停背景学习，避免前景被学习成背景
2026-01-29 10:48:04 | WARNING | image_detection:_calculate_background_subtraction:168 | ⚠️  过滤可能过于激进：原始前景 2.62% -> 处理后 0.039%（形态学操作: 1, 最小区域: 500）建议：降低min_change_area或减小形态学核大小
2026-01-29 10:48:05 | DEBUG | image_detection:_calculate_background_subtraction:136 | 检测到前景 (3.465%)，暂停背景学习，避免前景被学习成背景
2026-01-29 10:48:05 | DEBUG | image_detection:_calculate_background_subtraction:136 | 检测到前景 (11.682%)，暂停背景学习，避免前景被学习成背景
2026-01-29 10:48:05 | INFO | camera_monitor:_monitor_loop:300 | 摄像头 一层贵重物品区摄像头1 检测到变化...
2026-01-29 10:48:05 | DEBUG | image_detection:_calculate_background_subtraction:136 | 检测到前景 (4.355%)，暂停背景学习，避免前景被学习成背景
2026-01-29 10:48:05 | DEBUG | image_detection:_calculate_background_subtraction:136 | 检测到前景 (2.584%)，暂停背景学习，避免前景被学习成背景
2026-01-29 10:48:05 | WARNING | image_detection:_calculate_background_subtraction:168 | ⚠️  过滤可能过于激进：原始前景 2.58% -> 处理后 0.038%（形态学操作: 1, 最小区域: 500）建议：降低min_change_area或减小形态学核大小
2026-01-29 10:48:06 | DEBUG | image_detection:_calculate_background_subtraction:136 | 检测到前景 (3.799%)，暂停背景学习，避免前景被学习成背景
2026-01-29 10:48:06 | DEBUG | image_detection:_calculate_background_subtraction:136 | 检测到前景 (11.392%)，暂停背景学习，避免前景被学习成背景
2026-01-29 10:48:06 | INFO | camera_monitor:_monitor_loop:300 | 摄像头 一层贵重物品区摄像头1 检测到变化...
2026-01-29 10:48:06 | DEBUG | image_detection:_calculate_background_subtraction:136 | 检测到前景 (4.491%)，暂停背景学习，避免前景被学习成背景
2026-01-29 10:48:06 | DEBUG | image_detection:_calculate_background_subtraction:136 | 检测到前景 (2.438%)，暂停背景学习，避免前景被学习成背景
2026-01-29 10:48:06 | WARNING | image_detection:_calculate_background_subtraction:168 | ⚠️  过滤可能过于激进：原始前景 2.44% -> 处理后 0.041%（形态学操作: 1, 最小区域: 500）建议：降低min_change_area或减小形态学核大小
2026-01-29 10:48:07 | DEBUG | image_detection:_calculate_background_subtraction:136 | 检测到前景 (3.479%)，暂停背景学习，避免前景被学习成背景
2026-01-29 10:48:07 | DEBUG | image_detection:_calculate_background_subtraction:136 | 检测到前景 (10.650%)，暂停背景学习，避免前景被学习成背景
2026-01-29 10:48:07 | INFO | camera_monitor:_monitor_loop:300 | 摄像头 一层贵重物品区摄像头1 检测到变化...
2026-01-29 10:48:07 | DEBUG | image_detection:_calculate_background_subtraction:136 | 检测到前景 (4.379%)，暂停背景学习，避免前景被学习成背景
2026-01-29 10:48:07 | DEBUG | image_detection:_calculate_background_subtraction:136 | 检测到前景 (2.994%)，暂停背景学习，避免前景被学习成背景
2026-01-29 10:48:07 | WARNING | image_detection:_calculate_background_subtraction:168 | ⚠️  过滤可能过于激进：原始前景 2.99% -> 处理后 0.038%（形态学操作: 1, 最小区域: 500）建议：降低min_change_area或减小形态学核大小
2026-01-29 10:48:08 | DEBUG | image_detection:_calculate_background_subtraction:136 | 检测到前景 (3.584%)，暂停背景学习，避免前景被学习成背景
2026-01-29 10:48:08 | DEBUG | image_detection:_calculate_background_subtraction:136 | 检测到前景 (11.463%)，暂停背景学习，避免前景被学习成背景
2026-01-29 10:48:08 | INFO | camera_monitor:_monitor_loop:300 | 摄像头 一层贵重物品区摄像头1 检测到变化...
2026-01-29 10:48:08 | DEBUG | image_detection:_calculate_background_subtraction:136 | 检测到前景 (4.510%)，暂停背景学习，避免前景被学习成背景
2026-01-29 10:48:08 | DEBUG | image_detection:_calculate_background_subtraction:136 | 检测到前景 (2.554%)，暂停背景学习，避免前景被学习成背景
2026-01-29 10:48:08 | WARNING | image_detection:_calculate_background_subtraction:168 | ⚠️  过滤可能过于激进：原始前景 2.55% -> 处理后 0.039%（形态学操作: 1, 最小区域: 500）建议：降低min_change_area或减小形态学核大小
2026-01-29 10:48:09 | DEBUG | image_detection:_calculate_background_subtraction:136 | 检测到前景 (3.384%)，暂停背景学习，避免前景被学习成背景
2026-01-29 10:48:09 | DEBUG | image_detection:_calculate_background_subtraction:136 | 检测到前景 (10.643%)，暂停背景学习，避免前景被学习成背景
2026-01-29 10:48:09 | INFO | camera_monitor:_monitor_loop:300 | 摄像头 一层贵重物品区摄像头1 检测到变化...
2026-01-29 10:48:09 | DEBUG | image_detection:_calculate_background_subtraction:136 | 检测到前景 (4.339%)，暂停背景学习，避免前景被学习成背景
2026-01-29 10:48:09 | DEBUG | image_detection:_calculate_background_subtraction:136 | 检测到前景 (2.916%)，暂停背景学习，避免前景被学习成背景
2026-01-29 10:48:09 | WARNING | image_detection:_calculate_background_subtraction:168 | ⚠️  过滤可能过于激进：原始前景 2.92% -> 处理后 0.039%（形态学操作: 1, 最小区域: 500）建议：降低min_change_area或减小形态学核大小
2026-01-29 10:48:10 | DEBUG | image_detection:_calculate_background_subtraction:136 | 检测到前景 (3.640%)，暂停背景学习，避免前景被学习成背景
2026-01-29 10:48:10 | DEBUG | image_detection:_calculate_background_subtraction:136 | 检测到前景 (11.487%)，暂停背景学习，避免前景被学习成背景
2026-01-29 10:48:10 | INFO | camera_monitor:_monitor_loop:300 | 摄像头 一层贵重物品区摄像头1 检测到变化...
2026-01-29 10:48:10 | DEBUG | image_detection:_calculate_background_subtraction:136 | 检测到前景 (4.440%)，暂停背景学习，避免前景被学习成背景
2026-01-29 10:48:10 | DEBUG | image_detection:_calculate_background_subtraction:136 | 检测到前景 (2.619%)，暂停背景学习，避免前景被学习成背景
2026-01-29 10:48:10 | WARNING | image_detection:_calculate_background_subtraction:168 | ⚠️  过滤可能过于激进：原始前景 2.62% -> 处理后 0.040%（形态学操作: 1, 最小区域: 500）建议：降低min_change_area或减小形态学核大小
2026-01-29 10:48:11 | DEBUG | image_detection:_calculate_background_subtraction:136 | 检测到前景 (3.560%)，暂停背景学习，避免前景被学习成背景
2026-01-29 10:48:11 | DEBUG | image_detection:_calculate_background_subtraction:136 | 检测到前景 (10.679%)，暂停背景学习，避免前景被学习成背景
2026-01-29 10:48:11 | INFO | camera_monitor:_monitor_loop:300 | 摄像头 一层贵重物品区摄像头1 检测到变化...
2026-01-29 10:48:11 | DEBUG | image_detection:_calculate_background_subtraction:136 | 检测到前景 (4.309%)，暂停背景学习，避免前景被学习成背景
2026-01-29 10:48:11 | DEBUG | image_detection:_calculate_background_subtraction:136 | 检测到前景 (2.795%)，暂停背景学习，避免前景被学习成背景
2026-01-29 10:48:11 | WARNING | image_detection:_calculate_background_subtraction:168 | ⚠️  过滤可能过于激进：原始前景 2.79% -> 处理后 0.040%（形态学操作: 1, 最小区域: 500）建议：降低min_change_area或减小形态学核大小
2026-01-29 10:48:12 | DEBUG | image_detection:_calculate_background_subtraction:136 | 检测到前景 (3.591%)，暂停背景学习，避免前景被学习成背景
2026-01-29 10:48:12 | DEBUG | image_detection:_calculate_background_subtraction:136 | 检测到前景 (11.478%)，暂停背景学习，避免前景被学习成背景
2026-01-29 10:48:12 | INFO | camera_monitor:_monitor_loop:300 | 摄像头 一层贵重物品区摄像头1 检测到变化...
2026-01-29 10:48:12 | DEBUG | image_detection:_calculate_background_subtraction:136 | 检测到前景 (4.127%)，暂停背景学习，避免前景被学习成背景
2026-01-29 10:48:12 | DEBUG | image_detection:_calculate_background_subtraction:136 | 检测到前景 (2.686%)，暂停背景学习，避免前景被学习成背景
2026-01-29 10:48:12 | WARNING | image_detection:_calculate_background_subtraction:168 | ⚠️  过滤可能过于激进：原始前景 2.69% -> 处理后 0.038%（形态学操作: 1, 最小区域: 500）建议：降低min_change_area或减小形态学核大小
2026-01-29 10:48:13 | DEBUG | image_detection:_calculate_background_subtraction:136 | 检测到前景 (3.564%)，暂停背景学习，避免前景被学习成背景
2026-01-29 10:48:13 | DEBUG | image_detection:_calculate_background_subtraction:136 | 检测到前景 (10.739%)，暂停背景学习，避免前景被学习成背景
2026-01-29 10:48:13 | INFO | camera_monitor:_monitor_loop:300 | 摄像头 一层贵重物品区摄像头1 检测到变化...
2026-01-29 10:48:13 | DEBUG | image_detection:_calculate_background_subtraction:136 | 检测到前景 (4.399%)，暂停背景学习，避免前景被学习成背景
2026-01-29 10:48:13 | DEBUG | image_detection:_calculate_background_subtraction:136 | 检测到前景 (2.857%)，暂停背景学习，避免前景被学习成背景
2026-01-29 10:48:13 | WARNING | image_detection:_calculate_background_subtraction:168 | ⚠️  过滤可能过于激进：原始前景 2.86% -> 处理后 0.038%（形态学操作: 1, 最小区域: 500）建议：降低min_change_area或减小形态学核大小
2026-01-29 10:48:14 | DEBUG | image_detection:_calculate_background_subtraction:136 | 检测到前景 (3.606%)，暂停背景学习，避免前景被学习成背景
2026-01-29 10:48:14 | DEBUG | image_detection:_calculate_background_subtraction:136 | 检测到前景 (11.492%)，暂停背景学习，避免前景被学习成背景
2026-01-29 10:48:14 | INFO | camera_monitor:_monitor_loop:300 | 摄像头 一层贵重物品区摄像头1 检测到变化...
2026-01-29 10:48:14 | DEBUG | image_detection:_calculate_background_subtraction:136 | 检测到前景 (4.103%)，暂停背景学习，避免前景被学习成背景
2026-01-29 10:48:14 | DEBUG | image_detection:_calculate_background_subtraction:136 | 检测到前景 (2.738%)，暂停背景学习，避免前景被学习成背景
2026-01-29 10:48:14 | WARNING | image_detection:_calculate_background_subtraction:168 | ⚠️  过滤可能过于激进：原始前景 2.74% -> 处理后 0.038%（形态学操作: 1, 最小区域: 500）建议：降低min_change_area或减小形态学核大小
2026-01-29 10:48:15 | DEBUG | image_detection:_calculate_background_subtraction:136 | 检测到前景 (3.670%)，暂停背景学习，避免前景被学习成背景
2026-01-29 10:48:15 | DEBUG | image_detection:_calculate_background_subtraction:136 | 检测到前景 (10.751%)，暂停背景学习，避免前景被学习成背景
2026-01-29 10:48:15 | INFO | camera_monitor:_monitor_loop:300 | 摄像头 一层贵重物品区摄像头1 检测到变化...
2026-01-29 10:48:15 | DEBUG | image_detection:_calculate_background_subtraction:136 | 检测到前景 (4.486%)，暂停背景学习，避免前景被学习成背景
2026-01-29 10:48:15 | DEBUG | image_detection:_calculate_background_subtraction:136 | 检测到前景 (2.980%)，暂停背景学习，避免前景被学习成背景
2026-01-29 10:48:15 | WARNING | image_detection:_calculate_background_subtraction:168 | ⚠️  过滤可能过于激进：原始前景 2.98% -> 处理后 0.038%（形态学操作: 1, 最小区域: 500）建议：降低min_change_area或减小形态学核大小
2026-01-29 10:48:16 | DEBUG | image_detection:_calculate_background_subtraction:136 | 检测到前景 (3.674%)，暂停背景学习，避免前景被学习成背景
2026-01-29 10:48:16 | DEBUG | image_detection:_calculate_background_subtraction:136 | 检测到前景 (11.514%)，暂停背景学习，避免前景被学习成背景
2026-01-29 10:48:16 | INFO | camera_monitor:_monitor_loop:300 | 摄像头 一层贵重物品区摄像头1 检测到变化...
2026-01-29 10:48:16 | DEBUG | image_detection:_calculate_background_subtraction:136 | 检测到前景 (4.172%)，暂停背景学习，避免前景被学习成背景
2026-01-29 10:48:16 | DEBUG | image_detection:_calculate_background_subtraction:136 | 检测到前景 (2.712%)，暂停背景学习，避免前景被学习成背景
2026-01-29 10:48:16 | WARNING | image_detection:_calculate_background_subtraction:168 | ⚠️  过滤可能过于激进：原始前景 2.71% -> 处理后 0.038%（形态学操作: 1, 最小区域: 500）建议：降低min_change_area或减小形态学核大小
2026-01-29 10:48:17 | DEBUG | image_detection:_calculate_background_subtraction:136 | 检测到前景 (3.692%)，暂停背景学习，避免前景被学习成背景
2026-01-29 10:48:17 | DEBUG | image_detection:_calculate_background_subtraction:136 | 检测到前景 (10.951%)，暂停背景学习，避免前景被学习成背景
2026-01-29 10:48:17 | INFO | camera_monitor:_monitor_loop:300 | 摄像头 一层贵重物品区摄像头1 检测到变化...
2026-01-29 10:48:17 | DEBUG | image_detection:_calculate_background_subtraction:136 | 检测到前景 (4.754%)，暂停背景学习，避免前景被学习成背景
2026-01-29 10:48:17 | DEBUG | image_detection:_calculate_background_subtraction:136 | 检测到前景 (2.878%)，暂停背景学习，避免前景被学习成背景
2026-01-29 10:48:17 | WARNING | image_detection:_calculate_background_subtraction:168 | ⚠️  过滤可能过于激进：原始前景 2.88% -> 处理后 0.040%（形态学操作: 1, 最小区域: 500）建议：降低min_change_area或减小形态学核大小
2026-01-29 10:48:18 | DEBUG | image_detection:_calculate_background_subtraction:136 | 检测到前景 (3.612%)，暂停背景学习，避免前景被学习成背景
2026-01-29 10:48:18 | DEBUG | image_detection:_calculate_background_subtraction:136 | 检测到前景 (11.545%)，暂停背景学习，避免前景被学习成背景
2026-01-29 10:48:18 | INFO | camera_monitor:_monitor_loop:300 | 摄像头 一层贵重物品区摄像头1 检测到变化...
2026-01-29 10:48:18 | DEBUG | image_detection:_calculate_background_subtraction:136 | 检测到前景 (4.166%)，暂停背景学习，避免前景被学习成背景
2026-01-29 10:48:18 | DEBUG | image_detection:_calculate_background_subtraction:136 | 检测到前景 (2.663%)，暂停背景学习，避免前景被学习成背景
2026-01-29 10:48:18 | WARNING | image_detection:_calculate_background_subtraction:168 | ⚠️  过滤可能过于激进：原始前景 2.66% -> 处理后 0.037%（形态学操作: 1, 最小区域: 500）建议：降低min_change_area或减小形态学核大小
2026-01-29 10:48:19 | DEBUG | image_detection:_calculate_background_subtraction:136 | 检测到前景 (3.471%)，暂停背景学习，避免前景被学习成背景
2026-01-29 10:48:19 | DEBUG | image_detection:_calculate_background_subtraction:136 | 检测到前景 (10.961%)，暂停背景学习，避免前景被学习成背景
2026-01-29 10:48:19 | INFO | camera_monitor:_monitor_loop:300 | 摄像头 一层贵重物品区摄像头1 检测到变化...
2026-01-29 10:48:19 | DEBUG | image_detection:_calculate_background_subtraction:136 | 检测到前景 (4.602%)，暂停背景学习，避免前景被学习成背景
2026-01-29 10:48:19 | DEBUG | image_detection:_calculate_background_subtraction:136 | 检测到前景 (2.844%)，暂停背景学习，避免前景被学习成背景
2026-01-29 10:48:19 | WARNING | image_detection:_calculate_background_subtraction:168 | ⚠️  过滤可能过于激进：原始前景 2.84% -> 处理后 0.038%（形态学操作: 1, 最小区域: 500）建议：降低min_change_area或减小形态学核大小
2026-01-29 10:48:20 | DEBUG | image_detection:_calculate_background_subtraction:136 | 检测到前景 (3.688%)，暂停背景学习，避免前景被学习成背景
2026-01-29 10:48:20 | DEBUG | image_detection:_calculate_background_subtraction:136 | 检测到前景 (11.516%)，暂停背景学习，避免前景被学习成背景
2026-01-29 10:48:20 | INFO | camera_monitor:_monitor_loop:300 | 摄像头 一层贵重物品区摄像头1 检测到变化...
2026-01-29 10:48:20 | DEBUG | image_detection:_calculate_background_subtraction:136 | 检测到前景 (4.221%)，暂停背景学习，避免前景被学习成背景
2026-01-29 10:48:20 | DEBUG | image_detection:_calculate_background_subtraction:136 | 检测到前景 (2.683%)，暂停背景学习，避免前景被学习成背景
2026-01-29 10:48:20 | WARNING | image_detection:_calculate_background_subtraction:168 | ⚠️  过滤可能过于激进：原始前景 2.68% -> 处理后 0.038%（形态学操作: 1, 最小区域: 500）建议：降低min_change_area或减小形态学核大小
2026-01-29 10:48:21 | INFO | input_shaper:_log_stats_periodically:217 | [一层室内较小库房摄像头1] InputShaper 统计 - 拉取: 750帧, 输出: 59帧, 丢弃: 0帧, 溢出: 0次, 空读: 0次, 重复: 0次, 缓冲区: 5/30
2026-01-29 10:48:21 | DEBUG | image_detection:_calculate_background_subtraction:136 | 检测到前景 (3.474%)，暂停背景学习，避免前景被学习成背景
2026-01-29 10:48:21 | DEBUG | image_detection:_calculate_background_subtraction:136 | 检测到前景 (10.953%)，暂停背景学习，避免前景被学习成背景
2026-01-29 10:48:21 | INFO | camera_monitor:_monitor_loop:300 | 摄像头 一层贵重物品区摄像头1 检测到变化...
2026-01-29 10:48:21 | DEBUG | image_detection:_calculate_background_subtraction:136 | 检测到前景 (4.511%)，暂停背景学习，避免前景被学习成背景
2026-01-29 10:48:21 | DEBUG | image_detection:_calculate_background_subtraction:136 | 检测到前景 (2.826%)，暂停背景学习，避免前景被学习成背景
2026-01-29 10:48:21 | WARNING | image_detection:_calculate_background_subtraction:168 | ⚠️  过滤可能过于激进：原始前景 2.83% -> 处理后 0.040%（形态学操作: 1, 最小区域: 500）建议：降低min_change_area或减小形态学核大小
2026-01-29 10:48:22 | DEBUG | image_detection:_calculate_background_subtraction:136 | 检测到前景 (3.528%)，暂停背景学习，避免前景被学习成背景
2026-01-29 10:48:22 | DEBUG | image_detection:_calculate_background_subtraction:136 | 检测到前景 (11.586%)，暂停背景学习，避免前景被学习成背景
2026-01-29 10:48:22 | INFO | camera_monitor:_monitor_loop:300 | 摄像头 一层贵重物品区摄像头1 检测到变化...
2026-01-29 10:48:22 | DEBUG | image_detection:_calculate_background_subtraction:136 | 检测到前景 (4.222%)，暂停背景学习，避免前景被学习成背景
2026-01-29 10:48:22 | INFO | input_shaper:_log_stats_periodically:217 | [一层贵重物品区摄像头1] InputShaper 统计 - 拉取: 750帧, 输出: 59帧, 丢弃: 0帧, 溢出: 0次, 空读: 0次, 重复: 0次, 缓冲区: 6/30
2026-01-29 10:48:22 | DEBUG | image_detection:_calculate_background_subtraction:136 | 检测到前景 (2.650%)，暂停背景学习，避免前景被学习成背景
2026-01-29 10:48:22 | WARNING | image_detection:_calculate_background_subtraction:168 | ⚠️  过滤可能过于激进：原始前景 2.65% -> 处理后 0.036%（形态学操作: 1, 最小区域: 500）建议：降低min_change_area或减小形态学核大小
2026-01-29 10:48:23 | DEBUG | image_detection:_calculate_background_subtraction:136 | 检测到前景 (3.632%)，暂停背景学习，避免前景被学习成背景
2026-01-29 10:48:23 | DEBUG | image_detection:_calculate_background_subtraction:136 | 检测到前景 (11.052%)，暂停背景学习，避免前景被学习成背景
2026-01-29 10:48:23 | INFO | camera_monitor:_monitor_loop:300 | 摄像头 一层贵重物品区摄像头1 检测到变化...
2026-01-29 10:48:23 | DEBUG | image_detection:_calculate_background_subtraction:136 | 检测到前景 (4.532%)，暂停背景学习，避免前景被学习成背景
2026-01-29 10:48:23 | DEBUG | image_detection:_calculate_background_subtraction:136 | 检测到前景 (2.794%)，暂停背景学习，避免前景被学习成背景
2026-01-29 10:48:23 | WARNING | image_detection:_calculate_background_subtraction:168 | ⚠️  过滤可能过于激进：原始前景 2.79% -> 处理后 0.037%（形态学操作: 1, 最小区域: 500）建议：降低min_change_area或减小形态学核大小
2026-01-29 10:48:23 | INFO | input_shaper:_log_stats_periodically:217 | [一层室外大件物品区摄像头1] InputShaper 统计 - 拉取: 751帧, 输出: 59帧, 丢弃: 0帧, 溢出: 0次, 空读: 0次, 重复: 0次, 缓冲区: 8/30
2026-01-29 10:48:24 | DEBUG | image_detection:_calculate_background_subtraction:136 | 检测到前景 (3.540%)，暂停背景学习，避免前景被学习成背景
2026-01-29 10:48:24 | DEBUG | image_detection:_calculate_background_subtraction:136 | 检测到前景 (11.605%)，暂停背景学习，避免前景被学习成背景
2026-01-29 10:48:24 | INFO | camera_monitor:_monitor_loop:300 | 摄像头 一层贵重物品区摄像头1 检测到变化...
2026-01-29 10:48:24 | DEBUG | image_detection:_calculate_background_subtraction:136 | 检测到前景 (4.217%)，暂停背景学习，避免前景被学习成背景
2026-01-29 10:48:24 | DEBUG | image_detection:_calculate_background_subtraction:136 | 检测到前景 (2.705%)，暂停背景学习，避免前景被学习成背景
2026-01-29 10:48:24 | WARNING | image_detection:_calculate_background_subtraction:168 | ⚠️  过滤可能过于激进：原始前景 2.70% -> 处理后 0.038%（形态学操作: 1, 最小区域: 500）建议：降低min_change_area或减小形态学核大小
2026-01-29 10:48:25 | INFO | input_shaper:_log_stats_periodically:217 | [一层恒温大件物品区摄像头1] InputShaper 统计 - 拉取: 751帧, 输出: 59帧, 丢弃: 0帧, 溢出: 0次, 空读: 0次, 重复: 0次, 缓冲区: 6/30
2026-01-29 10:48:25 | ERROR | camera_monitor:_connect_rtsp:498 | RTSP连接失败
2026-01-29 10:48:25 | WARNING | camera_monitor:_monitor_loop:212 | 摄像头 一层贵重物品区摄像头1 连接失败，5秒后重试 (尝试 2/3)
2026-01-29 10:48:25 | DEBUG | image_detection:_calculate_background_subtraction:136 | 检测到前景 (3.427%)，暂停背景学习，避免前景被学习成背景
2026-01-29 10:48:25 | DEBUG | image_detection:_calculate_background_subtraction:136 | 检测到前景 (11.183%)，暂停背景学习，避免前景被学习成背景
2026-01-29 10:48:25 | INFO | camera_monitor:_monitor_loop:300 | 摄像头 一层贵重物品区摄像头1 检测到变化...
2026-01-29 10:48:25 | DEBUG | image_detection:_calculate_background_subtraction:136 | 检测到前景 (4.554%)，暂停背景学习，避免前景被学习成背景
2026-01-29 10:48:25 | DEBUG | image_detection:_calculate_background_subtraction:136 | 检测到前景 (2.916%)，暂停背景学习，避免前景被学习成背景
2026-01-29 10:48:25 | WARNING | image_detection:_calculate_background_subtraction:168 | ⚠️  过滤可能过于激进：原始前景 2.92% -> 处理后 0.037%（形态学操作: 1, 最小区域: 500）建议：降低min_change_area或减小形态学核大小
2026-01-29 10:48:26 | DEBUG | image_detection:_calculate_background_subtraction:136 | 检测到前景 (3.685%)，暂停背景学习，避免前景被学习成背景
2026-01-29 10:48:26 | DEBUG | image_detection:_calculate_background_subtraction:136 | 检测到前景 (11.620%)，暂停背景学习，避免前景被学习成背景
2026-01-29 10:48:26 | INFO | camera_monitor:_monitor_loop:300 | 摄像头 一层贵重物品区摄像头1 检测到变化...
2026-01-29 10:48:26 | DEBUG | image_detection:_calculate_background_subtraction:136 | 检测到前景 (4.293%)，暂停背景学习，避免前景被学习成背景
2026-01-29 10:48:26 | DEBUG | image_detection:_calculate_background_subtraction:136 | 检测到前景 (2.768%)，暂停背景学习，避免前景被学习成背景
2026-01-29 10:48:26 | WARNING | image_detection:_calculate_background_subtraction:168 | ⚠️  过滤可能过于激进：原始前景 2.77% -> 处理后 0.037%（形态学操作: 1, 最小区域: 500）建议：降低min_change_area或减小形态学核大小
2026-01-29 10:48:27 | DEBUG | image_detection:_calculate_background_subtraction:136 | 检测到前景 (3.438%)，暂停背景学习，避免前景被学习成背景
2026-01-29 10:48:27 | DEBUG | image_detection:_calculate_background_subtraction:136 | 检测到前景 (11.243%)，暂停背景学习，避免前景被学习成背景
2026-01-29 10:48:27 | INFO | camera_monitor:_monitor_loop:300 | 摄像头 一层贵重物品区摄像头1 检测到变化...
2026-01-29 10:48:27 | DEBUG | image_detection:_calculate_background_subtraction:136 | 检测到前景 (4.563%)，暂停背景学习，避免前景被学习成背景
2026-01-29 10:48:27 | WARNING | image_detection:_calculate_background_subtraction:168 | ⚠️  过滤可能过于激进：原始前景 1.89% -> 处理后 0.038%（形态学操作: 1, 最小区域: 500）建议：降低min_change_area或减小形态学核大小
2026-01-29 10:48:28 | DEBUG | image_detection:_calculate_background_subtraction:136 | 检测到前景 (3.635%)，暂停背景学习，避免前景被学习成背景
2026-01-29 10:48:28 | DEBUG | image_detection:_calculate_background_subtraction:136 | 检测到前景 (11.671%)，暂停背景学习，避免前景被学习成背景
2026-01-29 10:48:28 | INFO | camera_monitor:_monitor_loop:300 | 摄像头 一层贵重物品区摄像头1 检测到变化...
2026-01-29 10:48:28 | DEBUG | image_detection:_calculate_background_subtraction:136 | 检测到前景 (4.300%)，暂停背景学习，避免前景被学习成背景
2026-01-29 10:48:28 | DEBUG | image_detection:_calculate_background_subtraction:136 | 检测到前景 (2.982%)，暂停背景学习，避免前景被学习成背景
2026-01-29 10:48:28 | WARNING | image_detection:_calculate_background_subtraction:168 | ⚠️  过滤可能过于激进：原始前景 2.98% -> 处理后 0.036%（形态学操作: 1, 最小区域: 500）建议：降低min_change_area或减小形态学核大小
2026-01-29 10:48:29 | DEBUG | image_detection:_calculate_background_subtraction:136 | 检测到前景 (3.588%)，暂停背景学习，避免前景被学习成背景
2026-01-29 10:48:29 | DEBUG | image_detection:_calculate_background_subtraction:136 | 检测到前景 (11.302%)，暂停背景学习，避免前景被学习成背景
2026-01-29 10:48:29 | INFO | camera_monitor:_monitor_loop:300 | 摄像头 一层贵重物品区摄像头1 检测到变化...
2026-01-29 10:48:29 | DEBUG | image_detection:_calculate_background_subtraction:136 | 检测到前景 (4.571%)，暂停背景学习，避免前景被学习成背景
2026-01-29 10:48:29 | WARNING | image_detection:_calculate_background_subtraction:168 | ⚠️  过滤可能过于激进：原始前景 1.95% -> 处理后 0.037%（形态学操作: 1, 最小区域: 500）建议：降低min_change_area或减小形态学核大小
2026-01-29 10:48:30 | INFO | camera_monitor:_connect_rtsp:447 | 正在连接RTSP流: rtsp://admin:khjy%40321@192.168.100.110:554/cam/realmonitor?channel=1&subtype=1
2026-01-29 10:48:30 | DEBUG | image_detection:_calculate_background_subtraction:136 | 检测到前景 (3.717%)，暂停背景学习，避免前景被学习成背景
2026-01-29 10:48:30 | DEBUG | image_detection:_calculate_background_subtraction:136 | 检测到前景 (11.730%)，暂停背景学习，避免前景被学习成背景
2026-01-29 10:48:30 | INFO | camera_monitor:_monitor_loop:300 | 摄像头 一层贵重物品区摄像头1 检测到变化...
2026-01-29 10:48:30 | DEBUG | image_detection:_calculate_background_subtraction:136 | 检测到前景 (4.382%)，暂停背景学习，避免前景被学习成背景
2026-01-29 10:48:30 | DEBUG | image_detection:_calculate_background_subtraction:136 | 检测到前景 (2.991%)，暂停背景学习，避免前景被学习成背景
2026-01-29 10:48:30 | WARNING | image_detection:_calculate_background_subtraction:168 | ⚠️  过滤可能过于激进：原始前景 2.99% -> 处理后 0.039%（形态学操作: 1, 最小区域: 500）建议：降低min_change_area或减小形态学核大小
2026-01-29 10:48:31 | DEBUG | image_detection:_calculate_background_subtraction:136 | 检测到前景 (3.646%)，暂停背景学习，避免前景被学习成背景
2026-01-29 10:48:31 | DEBUG | image_detection:_calculate_background_subtraction:136 | 检测到前景 (11.312%)，暂停背景学习，避免前景被学习成背景
2026-01-29 10:48:31 | INFO | camera_monitor:_monitor_loop:300 | 摄像头 一层贵重物品区摄像头1 检测到变化...
2026-01-29 10:48:31 | DEBUG | image_detection:_calculate_background_subtraction:136 | 检测到前景 (4.635%)，暂停背景学习，避免前景被学习成背景
2026-01-29 10:48:31 | DEBUG | image_detection:_calculate_background_subtraction:136 | 检测到前景 (2.017%)，暂停背景学习，避免前景被学习成背景
2026-01-29 10:48:31 | WARNING | image_detection:_calculate_background_subtraction:168 | ⚠️  过滤可能过于激进：原始前景 2.02% -> 处理后 0.037%（形态学操作: 1, 最小区域: 500）建议：降低min_change_area或减小形态学核大小
2026-01-29 10:48:32 | DEBUG | image_detection:_calculate_background_subtraction:136 | 检测到前景 (3.759%)，暂停背景学习，避免前景被学习成背景
2026-01-29 10:48:32 | DEBUG | image_detection:_calculate_background_subtraction:136 | 检测到前景 (11.710%)，暂停背景学习，避免前景被学习成背景
2026-01-29 10:48:32 | INFO | camera_monitor:_monitor_loop:300 | 摄像头 一层贵重物品区摄像头1 检测到变化...
2026-01-29 10:48:32 | DEBUG | image_detection:_calculate_background_subtraction:136 | 检测到前景 (4.445%)，暂停背景学习，避免前景被学习成背景
2026-01-29 10:48:32 | DEBUG | image_detection:_calculate_background_subtraction:136 | 检测到前景 (3.220%)，暂停背景学习，避免前景被学习成背景
2026-01-29 10:48:32 | WARNING | image_detection:_calculate_background_subtraction:168 | ⚠️  过滤可能过于激进：原始前景 3.22% -> 处理后 0.037%（形态学操作: 1, 最小区域: 500）建议：降低min_change_area或减小形态学核大小
2026-01-29 10:48:33 | DEBUG | image_detection:_calculate_background_subtraction:136 | 检测到前景 (3.856%)，暂停背景学习，避免前景被学习成背景
2026-01-29 10:48:33 | DEBUG | image_detection:_calculate_background_subtraction:136 | 检测到前景 (11.415%)，暂停背景学习，避免前景被学习成背景
2026-01-29 10:48:33 | INFO | camera_monitor:_monitor_loop:300 | 摄像头 一层贵重物品区摄像头1 检测到变化...
2026-01-29 10:48:33 | DEBUG | image_detection:_calculate_background_subtraction:136 | 检测到前景 (4.679%)，暂停背景学习，避免前景被学习成背景
2026-01-29 10:48:33 | DEBUG | image_detection:_calculate_background_subtraction:136 | 检测到前景 (2.418%)，暂停背景学习，避免前景被学习成背景
2026-01-29 10:48:33 | WARNING | image_detection:_calculate_background_subtraction:168 | ⚠️  过滤可能过于激进：原始前景 2.42% -> 处理后 0.039%（形态学操作: 1, 最小区域: 500）建议：降低min_change_area或减小形态学核大小
2026-01-29 10:48:34 | DEBUG | image_detection:_calculate_background_subtraction:136 | 检测到前景 (3.760%)，暂停背景学习，避免前景被学习成背景
2026-01-29 10:48:34 | DEBUG | image_detection:_calculate_background_subtraction:136 | 检测到前景 (11.682%)，暂停背景学习，避免前景被学习成背景
2026-01-29 10:48:34 | INFO | camera_monitor:_monitor_loop:300 | 摄像头 一层贵重物品区摄像头1 检测到变化...
2026-01-29 10:48:34 | DEBUG | image_detection:_calculate_background_subtraction:136 | 检测到前景 (4.539%)，暂停背景学习，避免前景被学习成背景
2026-01-29 10:48:34 | DEBUG | image_detection:_calculate_background_subtraction:136 | 检测到前景 (3.377%)，暂停背景学习，避免前景被学习成背景
2026-01-29 10:48:34 | WARNING | image_detection:_calculate_background_subtraction:168 | ⚠️  过滤可能过于激进：原始前景 3.38% -> 处理后 0.040%（形态学操作: 1, 最小区域: 500）建议：降低min_change_area或减小形态学核大小
2026-01-29 10:48:35 | DEBUG | image_detection:_calculate_background_subtraction:136 | 检测到前景 (3.842%)，暂停背景学习，避免前景被学习成背景
2026-01-29 10:48:35 | DEBUG | image_detection:_calculate_background_subtraction:136 | 检测到前景 (11.462%)，暂停背景学习，避免前景被学习成背景
2026-01-29 10:48:35 | INFO | camera_monitor:_monitor_loop:300 | 摄像头 一层贵重物品区摄像头1 检测到变化...
2026-01-29 10:48:35 | DEBUG | image_detection:_calculate_background_subtraction:136 | 检测到前景 (4.778%)，暂停背景学习，避免前景被学习成背景
2026-01-29 10:48:36 | DEBUG | image_detection:_calculate_background_subtraction:136 | 检测到前景 (2.701%)，暂停背景学习，避免前景被学习成背景
2026-01-29 10:48:36 | WARNING | image_detection:_calculate_background_subtraction:168 | ⚠️  过滤可能过于激进：原始前景 2.70% -> 处理后 0.037%（形态学操作: 1, 最小区域: 500）建议：降低min_change_area或减小形态学核大小
2026-01-29 10:48:36 | DEBUG | image_detection:_calculate_background_subtraction:136 | 检测到前景 (3.954%)，暂停背景学习，避免前景被学习成背景
2026-01-29 10:48:36 | DEBUG | image_detection:_calculate_background_subtraction:136 | 检测到前景 (11.813%)，暂停背景学习，避免前景被学习成背景
2026-01-29 10:48:36 | INFO | camera_monitor:_monitor_loop:300 | 摄像头 一层贵重物品区摄像头1 检测到变化...
2026-01-29 10:48:36 | DEBUG | image_detection:_calculate_background_subtraction:136 | 检测到前景 (4.539%)，暂停背景学习，避免前景被学习成背景
2026-01-29 10:48:37 | DEBUG | image_detection:_calculate_background_subtraction:136 | 检测到前景 (3.478%)，暂停背景学习，避免前景被学习成背景
2026-01-29 10:48:37 | WARNING | image_detection:_calculate_background_subtraction:168 | ⚠️  过滤可能过于激进：原始前景 3.48% -> 处理后 0.039%（形态学操作: 1, 最小区域: 500）建议：降低min_change_area或减小形态学核大小
2026-01-29 10:48:37 | DEBUG | image_detection:_calculate_background_subtraction:136 | 检测到前景 (3.951%)，暂停背景学习，避免前景被学习成背景
2026-01-29 10:48:37 | DEBUG | image_detection:_calculate_background_subtraction:136 | 检测到前景 (11.408%)，暂停背景学习，避免前景被学习成背景
2026-01-29 10:48:37 | INFO | camera_monitor:_monitor_loop:300 | 摄像头 一层贵重物品区摄像头1 检测到变化...
2026-01-29 10:48:37 | DEBUG | image_detection:_calculate_background_subtraction:136 | 检测到前景 (4.722%)，暂停背景学习，避免前景被学习成背景
2026-01-29 10:48:38 | DEBUG | image_detection:_calculate_background_subtraction:136 | 检测到前景 (2.686%)，暂停背景学习，避免前景被学习成背景
2026-01-29 10:48:38 | WARNING | image_detection:_calculate_background_subtraction:168 | ⚠️  过滤可能过于激进：原始前景 2.69% -> 处理后 0.039%（形态学操作: 1, 最小区域: 500）建议：降低min_change_area或减小形态学核大小
2026-01-29 10:48:38 | DEBUG | image_detection:_calculate_background_subtraction:136 | 检测到前景 (4.211%)，暂停背景学习，避免前景被学习成背景
2026-01-29 10:48:38 | DEBUG | image_detection:_calculate_background_subtraction:136 | 检测到前景 (11.760%)，暂停背景学习，避免前景被学习成背景
2026-01-29 10:48:38 | INFO | camera_monitor:_monitor_loop:300 | 摄像头 一层贵重物品区摄像头1 检测到变化...
2026-01-29 10:48:38 | DEBUG | image_detection:_calculate_background_subtraction:136 | 检测到前景 (4.548%)，暂停背景学习，避免前景被学习成背景
2026-01-29 10:48:39 | DEBUG | image_detection:_calculate_background_subtraction:136 | 检测到前景 (3.782%)，暂停背景学习，避免前景被学习成背景
2026-01-29 10:48:39 | WARNING | image_detection:_calculate_background_subtraction:168 | ⚠️  过滤可能过于激进：原始前景 3.78% -> 处理后 0.039%（形态学操作: 1, 最小区域: 500）建议：降低min_change_area或减小形态学核大小
2026-01-29 10:48:39 | DEBUG | image_detection:_calculate_background_subtraction:136 | 检测到前景 (4.821%)，暂停背景学习，避免前景被学习成背景
2026-01-29 10:48:39 | DEBUG | image_detection:_calculate_background_subtraction:136 | 检测到前景 (11.469%)，暂停背景学习，避免前景被学习成背景
2026-01-29 10:48:39 | INFO | camera_monitor:_monitor_loop:300 | 摄像头 一层贵重物品区摄像头1 检测到变化...
2026-01-29 10:48:39 | DEBUG | image_detection:_calculate_background_subtraction:136 | 检测到前景 (4.791%)，暂停背景学习，避免前景被学习成背景
2026-01-29 10:48:40 | DEBUG | image_detection:_calculate_background_subtraction:136 | 检测到前景 (3.365%)，暂停背景学习，避免前景被学习成背景
2026-01-29 10:48:40 | WARNING | image_detection:_calculate_background_subtraction:168 | ⚠️  过滤可能过于激进：原始前景 3.37% -> 处理后 0.039%（形态学操作: 1, 最小区域: 500）建议：降低min_change_area或减小形态学核大小
2026-01-29 10:48:40 | DEBUG | image_detection:_calculate_background_subtraction:136 | 检测到前景 (4.351%)，暂停背景学习，避免前景被学习成背景
2026-01-29 10:48:40 | DEBUG | image_detection:_calculate_background_subtraction:136 | 检测到前景 (11.820%)，暂停背景学习，避免前景被学习成背景
2026-01-29 10:48:40 | INFO | camera_monitor:_monitor_loop:300 | 摄像头 一层贵重物品区摄像头1 检测到变化...
2026-01-29 10:48:41 | DEBUG | image_detection:_calculate_background_subtraction:136 | 检测到前景 (4.712%)，暂停背景学习，避免前景被学习成背景
2026-01-29 10:48:41 | DEBUG | image_detection:_calculate_background_subtraction:136 | 检测到前景 (4.234%)，暂停背景学习，避免前景被学习成背景
2026-01-29 10:48:41 | WARNING | image_detection:_calculate_background_subtraction:168 | ⚠️  过滤可能过于激进：原始前景 4.23% -> 处理后 0.039%（形态学操作: 1, 最小区域: 500）建议：降低min_change_area或减小形态学核大小
2026-01-29 10:48:41 | DEBUG | image_detection:_calculate_background_subtraction:136 | 检测到前景 (5.194%)，暂停背景学习，避免前景被学习成背景
2026-01-29 10:48:41 | DEBUG | image_detection:_calculate_background_subtraction:136 | 检测到前景 (11.575%)，暂停背景学习，避免前景被学习成背景
2026-01-29 10:48:41 | INFO | camera_monitor:_monitor_loop:300 | 摄像头 一层贵重物品区摄像头1 检测到变化...
2026-01-29 10:48:42 | DEBUG | image_detection:_calculate_background_subtraction:136 | 检测到前景 (4.908%)，暂停背景学习，避免前景被学习成背景
2026-01-29 10:48:42 | DEBUG | image_detection:_calculate_background_subtraction:136 | 检测到前景 (3.580%)，暂停背景学习，避免前景被学习成背景
2026-01-29 10:48:42 | WARNING | image_detection:_calculate_background_subtraction:168 | ⚠️  过滤可能过于激进：原始前景 3.58% -> 处理后 0.038%（形态学操作: 1, 最小区域: 500）建议：降低min_change_area或减小形态学核大小
2026-01-29 10:48:42 | DEBUG | image_detection:_calculate_background_subtraction:136 | 检测到前景 (4.730%)，暂停背景学习，避免前景被学习成背景
2026-01-29 10:48:42 | DEBUG | image_detection:_calculate_background_subtraction:136 | 检测到前景 (11.768%)，暂停背景学习，避免前景被学习成背景
2026-01-29 10:48:42 | INFO | camera_monitor:_monitor_loop:300 | 摄像头 一层贵重物品区摄像头1 检测到变化...
2026-01-29 10:48:43 | DEBUG | image_detection:_calculate_background_subtraction:136 | 检测到前景 (4.682%)，暂停背景学习，避免前景被学习成背景
2026-01-29 10:48:43 | DEBUG | image_detection:_calculate_background_subtraction:136 | 检测到前景 (4.284%)，暂停背景学习，避免前景被学习成背景
2026-01-29 10:48:43 | WARNING | image_detection:_calculate_background_subtraction:168 | ⚠️  过滤可能过于激进：原始前景 4.28% -> 处理后 0.038%（形态学操作: 1, 最小区域: 500）建议：降低min_change_area或减小形态学核大小
2026-01-29 10:48:43 | DEBUG | image_detection:_calculate_background_subtraction:136 | 检测到前景 (5.443%)，暂停背景学习，避免前景被学习成背景
2026-01-29 10:48:43 | DEBUG | image_detection:_calculate_background_subtraction:136 | 检测到前景 (11.592%)，暂停背景学习，避免前景被学习成背景
2026-01-29 10:48:43 | INFO | camera_monitor:_monitor_loop:300 | 摄像头 一层贵重物品区摄像头1 检测到变化...
2026-01-29 10:48:44 | DEBUG | image_detection:_calculate_background_subtraction:136 | 检测到前景 (4.946%)，暂停背景学习，避免前景被学习成背景
2026-01-29 10:48:44 | DEBUG | image_detection:_calculate_background_subtraction:136 | 检测到前景 (3.937%)，暂停背景学习，避免前景被学习成背景
2026-01-29 10:48:44 | WARNING | image_detection:_calculate_background_subtraction:168 | ⚠️  过滤可能过于激进：原始前景 3.94% -> 处理后 0.039%（形态学操作: 1, 最小区域: 500）建议：降低min_change_area或减小形态学核大小
2026-01-29 10:48:44 | DEBUG | image_detection:_calculate_background_subtraction:136 | 检测到前景 (5.151%)，暂停背景学习，避免前景被学习成背景
2026-01-29 10:48:44 | DEBUG | image_detection:_calculate_background_subtraction:136 | 检测到前景 (11.847%)，暂停背景学习，避免前景被学习成背景
2026-01-29 10:48:44 | INFO | camera_monitor:_monitor_loop:300 | 摄像头 一层贵重物品区摄像头1 检测到变化...
2026-01-29 10:48:45 | DEBUG | image_detection:_calculate_background_subtraction:136 | 检测到前景 (4.871%)，暂停背景学习，避免前景被学习成背景
2026-01-29 10:48:45 | DEBUG | image_detection:_calculate_background_subtraction:136 | 检测到前景 (4.226%)，暂停背景学习，避免前景被学习成背景
2026-01-29 10:48:45 | WARNING | image_detection:_calculate_background_subtraction:168 | ⚠️  过滤可能过于激进：原始前景 4.23% -> 处理后 0.038%（形态学操作: 1, 最小区域: 500）建议：降低min_change_area或减小形态学核大小
2026-01-29 10:48:45 | DEBUG | image_detection:_calculate_background_subtraction:136 | 检测到前景 (5.681%)，暂停背景学习，避免前景被学习成背景
2026-01-29 10:48:45 | DEBUG | image_detection:_calculate_background_subtraction:136 | 检测到前景 (11.592%)，暂停背景学习，避免前景被学习成背景
2026-01-29 10:48:45 | INFO | camera_monitor:_monitor_loop:300 | 摄像头 一层贵重物品区摄像头1 检测到变化...
2026-01-29 10:48:46 | DEBUG | image_detection:_calculate_background_subtraction:136 | 检测到前景 (5.193%)，暂停背景学习，避免前景被学习成背景
2026-01-29 10:48:46 | DEBUG | image_detection:_calculate_background_subtraction:136 | 检测到前景 (4.245%)，暂停背景学习，避免前景被学习成背景
2026-01-29 10:48:46 | WARNING | image_detection:_calculate_background_subtraction:168 | ⚠️  过滤可能过于激进：原始前景 4.24% -> 处理后 0.039%（形态学操作: 1, 最小区域: 500）建议：降低min_change_area或减小形态学核大小
2026-01-29 10:48:46 | DEBUG | image_detection:_calculate_background_subtraction:136 | 检测到前景 (5.263%)，暂停背景学习，避免前景被学习成背景
2026-01-29 10:48:46 | DEBUG | image_detection:_calculate_background_subtraction:136 | 检测到前景 (11.888%)，暂停背景学习，避免前景被学习成背景
2026-01-29 10:48:47 | INFO | camera_monitor:_monitor_loop:300 | 摄像头 一层贵重物品区摄像头1 检测到变化...
2026-01-29 10:48:47 | DEBUG | image_detection:_calculate_background_subtraction:136 | 检测到前景 (5.108%)，暂停背景学习，避免前景被学习成背景
2026-01-29 10:48:47 | DEBUG | image_detection:_calculate_background_subtraction:136 | 检测到前景 (4.081%)，暂停背景学习，避免前景被学习成背景
2026-01-29 10:48:47 | WARNING | image_detection:_calculate_background_subtraction:168 | ⚠️  过滤可能过于激进：原始前景 4.08% -> 处理后 0.040%（形态学操作: 1, 最小区域: 500）建议：降低min_change_area或减小形态学核大小
2026-01-29 10:48:47 | DEBUG | image_detection:_calculate_background_subtraction:136 | 检测到前景 (5.938%)，暂停背景学习，避免前景被学习成背景
2026-01-29 10:48:47 | DEBUG | image_detection:_calculate_background_subtraction:136 | 检测到前景 (11.677%)，暂停背景学习，避免前景被学习成背景
2026-01-29 10:48:48 | INFO | camera_monitor:_monitor_loop:300 | 摄像头 一层贵重物品区摄像头1 检测到变化...
2026-01-29 10:48:48 | DEBUG | image_detection:_calculate_background_subtraction:136 | 检测到前景 (5.326%)，暂停背景学习，避免前景被学习成背景
2026-01-29 10:48:48 | DEBUG | image_detection:_calculate_background_subtraction:136 | 检测到前景 (4.426%)，暂停背景学习，避免前景被学习成背景
2026-01-29 10:48:48 | WARNING | image_detection:_calculate_background_subtraction:168 | ⚠️  过滤可能过于激进：原始前景 4.43% -> 处理后 0.038%（形态学操作: 1, 最小区域: 500）建议：降低min_change_area或减小形态学核大小
2026-01-29 10:48:48 | DEBUG | image_detection:_calculate_background_subtraction:136 | 检测到前景 (6.018%)，暂停背景学习，避免前景被学习成背景
2026-01-29 10:48:49 | DEBUG | image_detection:_calculate_background_subtraction:136 | 检测到前景 (11.870%)，暂停背景学习，避免前景被学习成背景
2026-01-29 10:48:49 | INFO | camera_monitor:_monitor_loop:300 | 摄像头 一层贵重物品区摄像头1 检测到变化...
2026-01-29 10:48:49 | DEBUG | image_detection:_calculate_background_subtraction:136 | 检测到前景 (5.238%)，暂停背景学习，避免前景被学习成背景
2026-01-29 10:48:49 | DEBUG | image_detection:_calculate_background_subtraction:136 | 检测到前景 (4.405%)，暂停背景学习，避免前景被学习成背景
2026-01-29 10:48:49 | WARNING | image_detection:_calculate_background_subtraction:168 | ⚠️  过滤可能过于激进：原始前景 4.40% -> 处理后 0.036%（形态学操作: 1, 最小区域: 500）建议：降低min_change_area或减小形态学核大小
2026-01-29 10:48:49 | DEBUG | image_detection:_calculate_background_subtraction:136 | 检测到前景 (6.758%)，暂停背景学习，避免前景被学习成背景
2026-01-29 10:48:50 | DEBUG | image_detection:_calculate_background_subtraction:136 | 检测到前景 (11.693%)，暂停背景学习，避免前景被学习成背景
2026-01-29 10:48:50 | INFO | camera_monitor:_monitor_loop:300 | 摄像头 一层贵重物品区摄像头1 检测到变化...
2026-01-29 10:48:50 | DEBUG | image_detection:_calculate_background_subtraction:136 | 检测到前景 (5.585%)，暂停背景学习，避免前景被学习成背景
2026-01-29 10:48:50 | DEBUG | image_detection:_calculate_background_subtraction:136 | 检测到前景 (4.639%)，暂停背景学习，避免前景被学习成背景
2026-01-29 10:48:50 | WARNING | image_detection:_calculate_background_subtraction:168 | ⚠️  过滤可能过于激进：原始前景 4.64% -> 处理后 0.039%（形态学操作: 1, 最小区域: 500）建议：降低min_change_area或减小形态学核大小
2026-01-29 10:48:50 | DEBUG | image_detection:_calculate_background_subtraction:136 | 检测到前景 (6.686%)，暂停背景学习，避免前景被学习成背景
2026-01-29 10:48:51 | DEBUG | image_detection:_calculate_background_subtraction:136 | 检测到前景 (11.825%)，暂停背景学习，避免前景被学习成背景
2026-01-29 10:48:51 | INFO | camera_monitor:_monitor_loop:300 | 摄像头 一层贵重物品区摄像头1 检测到变化...
2026-01-29 10:48:51 | DEBUG | image_detection:_calculate_background_subtraction:136 | 检测到前景 (5.541%)，暂停背景学习，避免前景被学习成背景
2026-01-29 10:48:51 | DEBUG | image_detection:_calculate_background_subtraction:136 | 检测到前景 (5.886%)，暂停背景学习，避免前景被学习成背景
2026-01-29 10:48:51 | WARNING | image_detection:_calculate_background_subtraction:168 | ⚠️  过滤可能过于激进：原始前景 5.89% -> 处理后 0.040%（形态学操作: 1, 最小区域: 500）建议：降低min_change_area或减小形态学核大小
2026-01-29 10:48:51 | INFO | input_shaper:_log_stats_periodically:217 | [一层室内较小库房摄像头1] InputShaper 统计 - 拉取: 751帧, 输出: 59帧, 丢弃: 0帧, 溢出: 0次, 空读: 0次, 重复: 0次, 缓冲区: 3/30
2026-01-29 10:48:51 | DEBUG | image_detection:_calculate_background_subtraction:136 | 检测到前景 (7.220%)，暂停背景学习，避免前景被学习成背景
2026-01-29 10:48:52 | DEBUG | image_detection:_calculate_background_subtraction:136 | 检测到前景 (11.586%)，暂停背景学习，避免前景被学习成背景
2026-01-29 10:48:52 | INFO | camera_monitor:_monitor_loop:300 | 摄像头 一层贵重物品区摄像头1 检测到变化...
2026-01-29 10:48:52 | DEBUG | image_detection:_calculate_background_subtraction:136 | 检测到前景 (5.843%)，暂停背景学习，避免前景被学习成背景
2026-01-29 10:48:52 | DEBUG | image_detection:_calculate_background_subtraction:136 | 检测到前景 (5.077%)，暂停背景学习，避免前景被学习成背景
2026-01-29 10:48:52 | WARNING | image_detection:_calculate_background_subtraction:168 | ⚠️  过滤可能过于激进：原始前景 5.08% -> 处理后 0.040%（形态学操作: 1, 最小区域: 500）建议：降低min_change_area或减小形态学核大小
2026-01-29 10:48:52 | INFO | input_shaper:_log_stats_periodically:217 | [一层贵重物品区摄像头1] InputShaper 统计 - 拉取: 750帧, 输出: 59帧, 丢弃: 0帧, 溢出: 0次, 空读: 0次, 重复: 0次, 缓冲区: 4/30
2026-01-29 10:48:53 | DEBUG | image_detection:_calculate_background_subtraction:136 | 检测到前景 (6.456%)，暂停背景学习，避免前景被学习成背景
2026-01-29 10:48:53 | DEBUG | image_detection:_calculate_background_subtraction:136 | 检测到前景 (11.811%)，暂停背景学习，避免前景被学习成背景
2026-01-29 10:48:53 | INFO | camera_monitor:_monitor_loop:300 | 摄像头 一层贵重物品区摄像头1 检测到变化...
2026-01-29 10:48:53 | DEBUG | image_detection:_calculate_background_subtraction:136 | 检测到前景 (5.863%)，暂停背景学习，避免前景被学习成背景
2026-01-29 10:48:53 | DEBUG | image_detection:_calculate_background_subtraction:136 | 检测到前景 (4.657%)，暂停背景学习，避免前景被学习成背景
2026-01-29 10:48:53 | WARNING | image_detection:_calculate_background_subtraction:168 | ⚠️  过滤可能过于激进：原始前景 4.66% -> 处理后 0.041%（形态学操作: 1, 最小区域: 500）建议：降低min_change_area或减小形态学核大小
2026-01-29 10:48:53 | INFO | input_shaper:_log_stats_periodically:217 | [一层室外大件物品区摄像头1] InputShaper 统计 - 拉取: 750帧, 输出: 59帧, 丢弃: 0帧, 溢出: 0次, 空读: 0次, 重复: 0次, 缓冲区: 7/30
2026-01-29 10:48:54 | DEBUG | image_detection:_calculate_background_subtraction:136 | 检测到前景 (7.057%)，暂停背景学习，避免前景被学习成背景
2026-01-29 10:48:54 | DEBUG | image_detection:_calculate_background_subtraction:136 | 检测到前景 (11.535%)，暂停背景学习，避免前景被学习成背景
2026-01-29 10:48:54 | INFO | camera_monitor:_monitor_loop:300 | 摄像头 一层贵重物品区摄像头1 检测到变化...
2026-01-29 10:48:54 | DEBUG | image_detection:_calculate_background_subtraction:136 | 检测到前景 (6.188%)，暂停背景学习，避免前景被学习成背景
2026-01-29 10:48:54 | DEBUG | image_detection:_calculate_background_subtraction:136 | 检测到前景 (4.838%)，暂停背景学习，避免前景被学习成背景
2026-01-29 10:48:54 | WARNING | image_detection:_calculate_background_subtraction:168 | ⚠️  过滤可能过于激进：原始前景 4.84% -> 处理后 0.038%（形态学操作: 1, 最小区域: 500）建议：降低min_change_area或减小形态学核大小
2026-01-29 10:48:55 | DEBUG | image_detection:_calculate_background_subtraction:136 | 检测到前景 (7.812%)，暂停背景学习，避免前景被学习成背景
2026-01-29 10:48:55 | DEBUG | image_detection:_calculate_background_subtraction:136 | 检测到前景 (10.769%)，暂停背景学习，避免前景被学习成背景
2026-01-29 10:48:55 | INFO | camera_monitor:_monitor_loop:300 | 摄像头 一层贵重物品区摄像头1 检测到变化...
2026-01-29 10:48:55 | INFO | input_shaper:_log_stats_periodically:217 | [一层恒温大件物品区摄像头1] InputShaper 统计 - 拉取: 751帧, 输出: 59帧, 丢弃: 0帧, 溢出: 0次, 空读: 0次, 重复: 0次, 缓冲区: 5/30
2026-01-29 10:48:55 | ERROR | camera_monitor:_connect_rtsp:498 | RTSP连接失败
2026-01-29 10:48:55 | DEBUG | image_detection:_calculate_background_subtraction:136 | 检测到前景 (6.213%)，暂停背景学习，避免前景被学习成背景
2026-01-29 10:48:55 | DEBUG | image_detection:_calculate_background_subtraction:136 | 检测到前景 (5.581%)，暂停背景学习，避免前景被学习成背景
2026-01-29 10:48:55 | WARNING | image_detection:_calculate_background_subtraction:168 | ⚠️  过滤可能过于激进：原始前景 5.58% -> 处理后 0.039%（形态学操作: 1, 最小区域: 500）建议：降低min_change_area或减小形态学核大小
2026-01-29 10:48:55 | INFO | camera_monitor:_worker_process:202 | 后台工作线程已停止 - 摄像头: 一层车库区摄像头2
2026-01-29 10:48:56 | DEBUG | image_detection:_calculate_background_subtraction:136 | 检测到前景 (8.104%)，暂停背景学习，避免前景被学习成背景
2026-01-29 10:48:56 | DEBUG | image_detection:_calculate_background_subtraction:136 | 检测到前景 (11.560%)，暂停背景学习，避免前景被学习成背景
2026-01-29 10:48:56 | INFO | camera_monitor:_monitor_loop:300 | 摄像头 一层贵重物品区摄像头1 检测到变化...
2026-01-29 10:48:56 | DEBUG | image_detection:_calculate_background_subtraction:136 | 检测到前景 (6.533%)，暂停背景学习，避免前景被学习成背景
2026-01-29 10:48:56 | DEBUG | image_detection:_calculate_background_subtraction:136 | 检测到前景 (5.285%)，暂停背景学习，避免前景被学习成背景
2026-01-29 10:48:56 | WARNING | image_detection:_calculate_background_subtraction:168 | ⚠️  过滤可能过于激进：原始前景 5.29% -> 处理后 0.039%（形态学操作: 1, 最小区域: 500）建议：降低min_change_area或减小形态学核大小
2026-01-29 10:48:57 | DEBUG | image_detection:_calculate_background_subtraction:136 | 检测到前景 (8.288%)，暂停背景学习，避免前景被学习成背景
2026-01-29 10:48:57 | DEBUG | image_detection:_calculate_background_subtraction:136 | 检测到前景 (10.819%)，暂停背景学习，避免前景被学习成背景
2026-01-29 10:48:57 | INFO | camera_monitor:_monitor_loop:300 | 摄像头 一层贵重物品区摄像头1 检测到变化...
2026-01-29 10:48:57 | DEBUG | image_detection:_calculate_background_subtraction:136 | 检测到前景 (6.590%)，暂停背景学习，避免前景被学习成背景
2026-01-29 10:48:57 | DEBUG | image_detection:_calculate_background_subtraction:136 | 检测到前景 (5.628%)，暂停背景学习，避免前景被学习成背景
2026-01-29 10:48:57 | WARNING | image_detection:_calculate_background_subtraction:168 | ⚠️  过滤可能过于激进：原始前景 5.63% -> 处理后 0.039%（形态学操作: 1, 最小区域: 500）建议：降低min_change_area或减小形态学核大小
2026-01-29 10:48:57 | WARNING | __main__:restart_monitor:219 | 摄像头 2 (一层车库区摄像头2) 监测已停止，尝试重启 (1/10)
2026-01-29 10:48:57 | INFO | camera_monitor:stop:150 | 停止监测摄像头: 一层车库区摄像头2 (ID: 2)
2026-01-29 10:48:57 | INFO | camera_monitor:__init__:43 | 摄像头 一层车库区摄像头2 (ID: 2) RTSP URL: rtsp://admin:khjy%40123@192.168.100.109:554/cam/realmonitor?channel=1&subtype=1
2026-01-29 10:48:57 | INFO | image_detection:__init__:32 | 初始化背景建模检测器
2026-01-29 10:48:57 | INFO | image_storage:__init__:37 | 图片保存目录: D:\appdata\uploadPath\caseapp
2026-01-29 10:48:57 | INFO | camera_monitor:__init__:58 | 摄像头 一层车库区摄像头2 将创建独立YOLO实例
2026-01-29 10:48:57 | INFO | camera_monitor:_worker_process:156 | 后台工作线程开始运行 - 摄像头: 一层车库区摄像头2
2026-01-29 10:48:57 | INFO | camera_monitor:start:118 | 后台工作线程已启动: 一层车库区摄像头2 (ID: 2)
2026-01-29 10:48:57 | INFO | camera_monitor:_connect_rtsp:447 | 正在连接RTSP流: rtsp://admin:khjy%40123@192.168.100.109:554/cam/realmonitor?channel=1&subtype=1
2026-01-29 10:48:57 | INFO | camera_monitor:start:127 | 开始监测摄像头: 一层车库区摄像头2 (ID: 2)
2026-01-29 10:48:57 | INFO | __main__:restart_monitor:244 | 摄像头 2 (一层车库区摄像头2) 重启成功
2026-01-29 10:48:58 | DEBUG | image_detection:_calculate_background_subtraction:136 | 检测到前景 (8.596%)，暂停背景学习，避免前景被学习成背景
2026-01-29 10:48:58 | DEBUG | image_detection:_calculate_background_subtraction:136 | 检测到前景 (11.605%)，暂停背景学习，避免前景被学习成背景
2026-01-29 10:48:58 | INFO | camera_monitor:_monitor_loop:300 | 摄像头 一层贵重物品区摄像头1 检测到变化...
2026-01-29 10:48:58 | DEBUG | image_detection:_calculate_background_subtraction:136 | 检测到前景 (7.012%)，暂停背景学习，避免前景被学习成背景
2026-01-29 10:48:58 | DEBUG | image_detection:_calculate_background_subtraction:136 | 检测到前景 (5.348%)，暂停背景学习，避免前景被学习成背景
2026-01-29 10:48:58 | WARNING | image_detection:_calculate_background_subtraction:168 | ⚠️  过滤可能过于激进：原始前景 5.35% -> 处理后 0.039%（形态学操作: 1, 最小区域: 500）建议：降低min_change_area或减小形态学核大小
2026-01-29 10:48:59 | DEBUG | image_detection:_calculate_background_subtraction:136 | 检测到前景 (8.917%)，暂停背景学习，避免前景被学习成背景
2026-01-29 10:48:59 | DEBUG | image_detection:_calculate_background_subtraction:136 | 检测到前景 (10.738%)，暂停背景学习，避免前景被学习成背景
2026-01-29 10:48:59 | INFO | camera_monitor:_monitor_loop:300 | 摄像头 一层贵重物品区摄像头1 检测到变化...
2026-01-29 10:48:59 | DEBUG | image_detection:_calculate_background_subtraction:136 | 检测到前景 (7.062%)，暂停背景学习，避免前景被学习成背景
2026-01-29 10:48:59 | DEBUG | image_detection:_calculate_background_subtraction:136 | 检测到前景 (5.521%)，暂停背景学习，避免前景被学习成背景
2026-01-29 10:48:59 | WARNING | image_detection:_calculate_background_subtraction:168 | ⚠️  过滤可能过于激进：原始前景 5.52% -> 处理后 0.039%（形态学操作: 1, 最小区域: 500）建议：降低min_change_area或减小形态学核大小
2026-01-29 10:49:00 | DEBUG | image_detection:_calculate_background_subtraction:136 | 检测到前景 (9.045%)，暂停背景学习，避免前景被学习成背景
2026-01-29 10:49:00 | DEBUG | image_detection:_calculate_background_subtraction:136 | 检测到前景 (11.687%)，暂停背景学习，避免前景被学习成背景
2026-01-29 10:49:00 | INFO | camera_monitor:_monitor_loop:300 | 摄像头 一层贵重物品区摄像头1 检测到变化...
2026-01-29 10:49:00 | DEBUG | image_detection:_calculate_background_subtraction:136 | 检测到前景 (7.372%)，暂停背景学习，避免前景被学习成背景
2026-01-29 10:49:00 | DEBUG | image_detection:_calculate_background_subtraction:136 | 检测到前景 (5.309%)，暂停背景学习，避免前景被学习成背景
2026-01-29 10:49:00 | WARNING | image_detection:_calculate_background_subtraction:168 | ⚠️  过滤可能过于激进：原始前景 5.31% -> 处理后 0.039%（形态学操作: 1, 最小区域: 500）建议：降低min_change_area或减小形态学核大小
2026-01-29 10:49:01 | DEBUG | image_detection:_calculate_background_subtraction:136 | 检测到前景 (9.380%)，暂停背景学习，避免前景被学习成背景
2026-01-29 10:49:01 | DEBUG | image_detection:_calculate_background_subtraction:136 | 检测到前景 (10.788%)，暂停背景学习，避免前景被学习成背景
2026-01-29 10:49:01 | INFO | camera_monitor:_monitor_loop:300 | 摄像头 一层贵重物品区摄像头1 检测到变化...
2026-01-29 10:49:01 | DEBUG | image_detection:_calculate_background_subtraction:136 | 检测到前景 (7.505%)，暂停背景学习，避免前景被学习成背景
2026-01-29 10:49:01 | DEBUG | image_detection:_calculate_background_subtraction:136 | 检测到前景 (6.096%)，暂停背景学习，避免前景被学习成背景
2026-01-29 10:49:01 | WARNING | image_detection:_calculate_background_subtraction:168 | ⚠️  过滤可能过于激进：原始前景 6.10% -> 处理后 0.040%（形态学操作: 1, 最小区域: 500）建议：降低min_change_area或减小形态学核大小
2026-01-29 10:49:02 | DEBUG | image_detection:_calculate_background_subtraction:136 | 检测到前景 (9.946%)，暂停背景学习，避免前景被学习成背景
2026-01-29 10:49:02 | DEBUG | image_detection:_calculate_background_subtraction:136 | 检测到前景 (11.654%)，暂停背景学习，避免前景被学习成背景
2026-01-29 10:49:02 | INFO | camera_monitor:_monitor_loop:300 | 摄像头 一层贵重物品区摄像头1 检测到变化...
2026-01-29 10:49:02 | DEBUG | image_detection:_calculate_background_subtraction:136 | 检测到前景 (6.968%)，暂停背景学习，避免前景被学习成背景
2026-01-29 10:49:02 | DEBUG | image_detection:_calculate_background_subtraction:136 | 检测到前景 (6.017%)，暂停背景学习，避免前景被学习成背景
2026-01-29 10:49:02 | WARNING | image_detection:_calculate_background_subtraction:168 | ⚠️  过滤可能过于激进：原始前景 6.02% -> 处理后 0.039%（形态学操作: 1, 最小区域: 500）建议：降低min_change_area或减小形态学核大小
2026-01-29 10:49:03 | DEBUG | image_detection:_calculate_background_subtraction:136 | 检测到前景 (10.420%)，暂停背景学习，避免前景被学习成背景
2026-01-29 10:49:03 | DEBUG | image_detection:_calculate_background_subtraction:136 | 检测到前景 (10.814%)，暂停背景学习，避免前景被学习成背景
2026-01-29 10:49:03 | INFO | camera_monitor:_monitor_loop:300 | 摄像头 一层贵重物品区摄像头1 检测到变化...
2026-01-29 10:49:03 | DEBUG | image_detection:_calculate_background_subtraction:136 | 检测到前景 (8.013%)，暂停背景学习，避免前景被学习成背景
2026-01-29 10:49:03 | DEBUG | image_detection:_calculate_background_subtraction:136 | 检测到前景 (6.616%)，暂停背景学习，避免前景被学习成背景
2026-01-29 10:49:03 | WARNING | image_detection:_calculate_background_subtraction:168 | ⚠️  过滤可能过于激进：原始前景 6.62% -> 处理后 0.071%（形态学操作: 1, 最小区域: 500）建议：降低min_change_area或减小形态学核大小
2026-01-29 10:49:04 | DEBUG | image_detection:_calculate_background_subtraction:136 | 检测到前景 (10.534%)，暂停背景学习，避免前景被学习成背景
2026-01-29 10:49:04 | DEBUG | image_detection:_calculate_background_subtraction:136 | 检测到前景 (11.686%)，暂停背景学习，避免前景被学习成背景
2026-01-29 10:49:04 | INFO | camera_monitor:_monitor_loop:300 | 摄像头 一层贵重物品区摄像头1 检测到变化...
2026-01-29 10:49:04 | DEBUG | image_detection:_calculate_background_subtraction:136 | 检测到前景 (7.233%)，暂停背景学习，避免前景被学习成背景
2026-01-29 10:49:04 | DEBUG | image_detection:_calculate_background_subtraction:136 | 检测到前景 (5.924%)，暂停背景学习，避免前景被学习成背景
2026-01-29 10:49:04 | WARNING | image_detection:_calculate_background_subtraction:168 | ⚠️  过滤可能过于激进：原始前景 5.92% -> 处理后 0.037%（形态学操作: 1, 最小区域: 500）建议：降低min_change_area或减小形态学核大小
2026-01-29 10:49:05 | DEBUG | image_detection:_calculate_background_subtraction:136 | 检测到前景 (10.887%)，暂停背景学习，避免前景被学习成背景
2026-01-29 10:49:05 | DEBUG | image_detection:_calculate_background_subtraction:136 | 检测到前景 (10.899%)，暂停背景学习，避免前景被学习成背景
2026-01-29 10:49:05 | INFO | camera_monitor:_monitor_loop:300 | 摄像头 一层贵重物品区摄像头1 检测到变化...
2026-01-29 10:49:05 | DEBUG | image_detection:_calculate_background_subtraction:136 | 检测到前景 (8.354%)，暂停背景学习，避免前景被学习成背景
2026-01-29 10:49:05 | DEBUG | image_detection:_calculate_background_subtraction:136 | 检测到前景 (6.853%)，暂停背景学习，避免前景被学习成背景
2026-01-29 10:49:05 | WARNING | image_detection:_calculate_background_subtraction:168 | ⚠️  过滤可能过于激进：原始前景 6.85% -> 处理后 0.038%（形态学操作: 1, 最小区域: 500）建议：降低min_change_area或减小形态学核大小
2026-01-29 10:49:06 | DEBUG | image_detection:_calculate_background_subtraction:136 | 检测到前景 (11.233%)，暂停背景学习，避免前景被学习成背景
2026-01-29 10:49:06 | DEBUG | image_detection:_filter_small_areas:213 | 过滤了小区域，过滤面积: 24677.0像素 (1.190%)，保留区域数: 7
2026-01-29 10:49:06 | DEBUG | image_detection:_calculate_background_subtraction:136 | 检测到前景 (11.637%)，暂停背景学习，避免前景被学习成背景
2026-01-29 10:49:06 | INFO | camera_monitor:_monitor_loop:300 | 摄像头 一层贵重物品区摄像头1 检测到变化...
2026-01-29 10:49:06 | DEBUG | image_detection:_calculate_background_subtraction:136 | 检测到前景 (7.248%)，暂停背景学习，避免前景被学习成背景
2026-01-29 10:49:06 | DEBUG | image_detection:_calculate_background_subtraction:136 | 检测到前景 (6.341%)，暂停背景学习，避免前景被学习成背景
2026-01-29 10:49:06 | WARNING | image_detection:_calculate_background_subtraction:168 | ⚠️  过滤可能过于激进：原始前景 6.34% -> 处理后 0.039%（形态学操作: 1, 最小区域: 500）建议：降低min_change_area或减小形态学核大小
2026-01-29 10:49:07 | DEBUG | image_detection:_calculate_background_subtraction:136 | 检测到前景 (11.455%)，暂停背景学习，避免前景被学习成背景
2026-01-29 10:49:07 | DEBUG | image_detection:_filter_small_areas:213 | 过滤了小区域，过滤面积: 26911.0像素 (1.298%)，保留区域数: 7
2026-01-29 10:49:07 | DEBUG | image_detection:_calculate_background_subtraction:136 | 检测到前景 (10.939%)，暂停背景学习，避免前景被学习成背景
2026-01-29 10:49:07 | INFO | camera_monitor:_monitor_loop:300 | 摄像头 一层贵重物品区摄像头1 检测到变化...
2026-01-29 10:49:07 | DEBUG | image_detection:_calculate_background_subtraction:136 | 检测到前景 (8.652%)，暂停背景学习，避免前景被学习成背景
2026-01-29 10:49:07 | INFO | camera_monitor:_monitor_loop:300 | 摄像头 一层室外大件物品区摄像头1 检测到变化...
2026-01-29 10:49:07 | DEBUG | image_detection:_calculate_background_subtraction:136 | 检测到前景 (6.909%)，暂停背景学习，避免前景被学习成背景
2026-01-29 10:49:07 | WARNING | image_detection:_calculate_background_subtraction:168 | ⚠️  过滤可能过于激进：原始前景 6.91% -> 处理后 0.075%（形态学操作: 1, 最小区域: 500）建议：降低min_change_area或减小形态学核大小
2026-01-29 10:49:08 | DEBUG | image_detection:_calculate_background_subtraction:136 | 检测到前景 (11.762%)，暂停背景学习，避免前景被学习成背景
2026-01-29 10:49:08 | DEBUG | image_detection:_calculate_background_subtraction:136 | 检测到前景 (11.741%)，暂停背景学习，避免前景被学习成背景
2026-01-29 10:49:08 | INFO | camera_monitor:_monitor_loop:300 | 摄像头 一层贵重物品区摄像头1 检测到变化...
2026-01-29 10:49:08 | DEBUG | image_detection:_calculate_background_subtraction:136 | 检测到前景 (7.726%)，暂停背景学习，避免前景被学习成背景
2026-01-29 10:49:08 | INFO | camera_monitor:_monitor_loop:300 | 摄像头 一层室外大件物品区摄像头1 检测到变化...
2026-01-29 10:49:08 | DEBUG | image_detection:_calculate_background_subtraction:136 | 检测到前景 (6.383%)，暂停背景学习，避免前景被学习成背景
2026-01-29 10:49:08 | WARNING | image_detection:_calculate_background_subtraction:168 | ⚠️  过滤可能过于激进：原始前景 6.38% -> 处理后 0.078%（形态学操作: 1, 最小区域: 500）建议：降低min_change_area或减小形态学核大小
2026-01-29 10:49:09 | DEBUG | image_detection:_calculate_background_subtraction:136 | 检测到前景 (11.679%)，暂停背景学习，避免前景被学习成背景
2026-01-29 10:49:09 | DEBUG | image_detection:_calculate_background_subtraction:136 | 检测到前景 (11.161%)，暂停背景学习，避免前景被学习成背景
2026-01-29 10:49:09 | INFO | camera_monitor:_monitor_loop:300 | 摄像头 一层贵重物品区摄像头1 检测到变化...
2026-01-29 10:49:09 | DEBUG | image_detection:_calculate_background_subtraction:136 | 检测到前景 (8.872%)，暂停背景学习，避免前景被学习成背景
2026-01-29 10:49:09 | INFO | camera_monitor:_monitor_loop:300 | 摄像头 一层室外大件物品区摄像头1 检测到变化...
2026-01-29 10:49:09 | DEBUG | image_detection:_calculate_background_subtraction:136 | 检测到前景 (6.383%)，暂停背景学习，避免前景被学习成背景
2026-01-29 10:49:09 | WARNING | image_detection:_calculate_background_subtraction:168 | ⚠️  过滤可能过于激进：原始前景 6.38% -> 处理后 0.039%（形态学操作: 1, 最小区域: 500）建议：降低min_change_area或减小形态学核大小
2026-01-29 10:49:10 | DEBUG | image_detection:_calculate_background_subtraction:136 | 检测到前景 (11.885%)，暂停背景学习，避免前景被学习成背景
2026-01-29 10:49:10 | DEBUG | image_detection:_calculate_background_subtraction:136 | 检测到前景 (11.821%)，暂停背景学习，避免前景被学习成背景
2026-01-29 10:49:10 | INFO | camera_monitor:_monitor_loop:300 | 摄像头 一层贵重物品区摄像头1 检测到变化...
2026-01-29 10:49:10 | DEBUG | image_detection:_calculate_background_subtraction:136 | 检测到前景 (7.673%)，暂停背景学习，避免前景被学习成背景
2026-01-29 10:49:10 | INFO | camera_monitor:_monitor_loop:300 | 摄像头 一层室外大件物品区摄像头1 检测到变化...
2026-01-29 10:49:10 | DEBUG | image_detection:_calculate_background_subtraction:136 | 检测到前景 (6.602%)，暂停背景学习，避免前景被学习成背景
2026-01-29 10:49:10 | WARNING | image_detection:_calculate_background_subtraction:168 | ⚠️  过滤可能过于激进：原始前景 6.60% -> 处理后 0.042%（形态学操作: 1, 最小区域: 500）建议：降低min_change_area或减小形态学核大小
2026-01-29 10:49:11 | DEBUG | image_detection:_calculate_background_subtraction:136 | 检测到前景 (12.140%)，暂停背景学习，避免前景被学习成背景
2026-01-29 10:49:11 | DEBUG | image_detection:_calculate_background_subtraction:136 | 检测到前景 (11.365%)，暂停背景学习，避免前景被学习成背景
2026-01-29 10:49:11 | INFO | camera_monitor:_monitor_loop:300 | 摄像头 一层贵重物品区摄像头1 检测到变化...
2026-01-29 10:49:11 | DEBUG | image_detection:_calculate_background_subtraction:136 | 检测到前景 (8.924%)，暂停背景学习，避免前景被学习成背景
2026-01-29 10:49:11 | INFO | camera_monitor:_monitor_loop:300 | 摄像头 一层室外大件物品区摄像头1 检测到变化...
2026-01-29 10:49:11 | DEBUG | image_detection:_calculate_background_subtraction:136 | 检测到前景 (6.456%)，暂停背景学习，避免前景被学习成背景
2026-01-29 10:49:11 | WARNING | image_detection:_calculate_background_subtraction:168 | ⚠️  过滤可能过于激进：原始前景 6.46% -> 处理后 0.071%（形态学操作: 1, 最小区域: 500）建议：降低min_change_area或减小形态学核大小
2026-01-29 10:49:12 | DEBUG | image_detection:_calculate_background_subtraction:136 | 检测到前景 (12.421%)，暂停背景学习，避免前景被学习成背景
2026-01-29 10:49:12 | DEBUG | image_detection:_calculate_background_subtraction:136 | 检测到前景 (12.017%)，暂停背景学习，避免前景被学习成背景
2026-01-29 10:49:12 | INFO | camera_monitor:_monitor_loop:300 | 摄像头 一层贵重物品区摄像头1 检测到变化...
2026-01-29 10:49:12 | DEBUG | image_detection:_calculate_background_subtraction:136 | 检测到前景 (8.083%)，暂停背景学习，避免前景被学习成背景
2026-01-29 10:49:12 | INFO | camera_monitor:_monitor_loop:300 | 摄像头 一层室外大件物品区摄像头1 检测到变化...
2026-01-29 10:49:12 | DEBUG | image_detection:_calculate_background_subtraction:136 | 检测到前景 (6.526%)，暂停背景学习，避免前景被学习成背景
2026-01-29 10:49:12 | WARNING | image_detection:_calculate_background_subtraction:168 | ⚠️  过滤可能过于激进：原始前景 6.53% -> 处理后 0.080%（形态学操作: 1, 最小区域: 500）建议：降低min_change_area或减小形态学核大小
2026-01-29 10:49:13 | DEBUG | image_detection:_calculate_background_subtraction:136 | 检测到前景 (12.775%)，暂停背景学习，避免前景被学习成背景
2026-01-29 10:49:13 | DEBUG | image_detection:_calculate_background_subtraction:136 | 检测到前景 (11.235%)，暂停背景学习，避免前景被学习成背景
2026-01-29 10:49:13 | INFO | camera_monitor:_monitor_loop:300 | 摄像头 一层贵重物品区摄像头1 检测到变化...
2026-01-29 10:49:13 | DEBUG | image_detection:_calculate_background_subtraction:136 | 检测到前景 (9.068%)，暂停背景学习，避免前景被学习成背景
2026-01-29 10:49:13 | INFO | camera_monitor:_monitor_loop:300 | 摄像头 一层室外大件物品区摄像头1 检测到变化...
2026-01-29 10:49:13 | DEBUG | image_detection:_calculate_background_subtraction:136 | 检测到前景 (7.073%)，暂停背景学习，避免前景被学习成背景
2026-01-29 10:49:14 | DEBUG | image_detection:_calculate_background_subtraction:136 | 检测到前景 (13.335%)，暂停背景学习，避免前景被学习成背景
2026-01-29 10:49:14 | DEBUG | image_detection:_calculate_background_subtraction:136 | 检测到前景 (11.834%)，暂停背景学习，避免前景被学习成背景
2026-01-29 10:49:14 | INFO | camera_monitor:_monitor_loop:300 | 摄像头 一层贵重物品区摄像头1 检测到变化...
2026-01-29 10:49:14 | DEBUG | image_detection:_calculate_background_subtraction:136 | 检测到前景 (8.309%)，暂停背景学习，避免前景被学习成背景
2026-01-29 10:49:14 | INFO | camera_monitor:_monitor_loop:300 | 摄像头 一层室外大件物品区摄像头1 检测到变化...
2026-01-29 10:49:14 | DEBUG | image_detection:_calculate_background_subtraction:136 | 检测到前景 (7.342%)，暂停背景学习，避免前景被学习成背景
2026-01-29 10:49:15 | DEBUG | image_detection:_calculate_background_subtraction:136 | 检测到前景 (13.462%)，暂停背景学习，避免前景被学习成背景
2026-01-29 10:49:15 | DEBUG | image_detection:_calculate_background_subtraction:136 | 检测到前景 (11.271%)，暂停背景学习，避免前景被学习成背景
2026-01-29 10:49:15 | INFO | camera_monitor:_monitor_loop:300 | 摄像头 一层贵重物品区摄像头1 检测到变化...
2026-01-29 10:49:15 | DEBUG | image_detection:_calculate_background_subtraction:136 | 检测到前景 (9.234%)，暂停背景学习，避免前景被学习成背景
2026-01-29 10:49:15 | INFO | camera_monitor:_monitor_loop:300 | 摄像头 一层室外大件物品区摄像头1 检测到变化...
2026-01-29 10:49:15 | DEBUG | image_detection:_calculate_background_subtraction:136 | 检测到前景 (7.245%)，暂停背景学习，避免前景被学习成背景
2026-01-29 10:49:16 | DEBUG | image_detection:_calculate_background_subtraction:136 | 检测到前景 (13.285%)，暂停背景学习，避免前景被学习成背景
2026-01-29 10:49:16 | DEBUG | image_detection:_calculate_background_subtraction:136 | 检测到前景 (11.839%)，暂停背景学习，避免前景被学习成背景
2026-01-29 10:49:16 | INFO | camera_monitor:_monitor_loop:300 | 摄像头 一层贵重物品区摄像头1 检测到变化...
2026-01-29 10:49:16 | DEBUG | image_detection:_calculate_background_subtraction:136 | 检测到前景 (8.351%)，暂停背景学习，避免前景被学习成背景
2026-01-29 10:49:16 | INFO | camera_monitor:_monitor_loop:300 | 摄像头 一层室外大件物品区摄像头1 检测到变化...
2026-01-29 10:49:16 | DEBUG | image_detection:_calculate_background_subtraction:136 | 检测到前景 (7.300%)，暂停背景学习，避免前景被学习成背景
2026-01-29 10:49:16 | WARNING | image_detection:_calculate_background_subtraction:168 | ⚠️  过滤可能过于激进：原始前景 7.30% -> 处理后 0.089%（形态学操作: 1, 最小区域: 500）建议：降低min_change_area或减小形态学核大小
2026-01-29 10:49:17 | DEBUG | image_detection:_calculate_background_subtraction:136 | 检测到前景 (12.754%)，暂停背景学习，避免前景被学习成背景
2026-01-29 10:49:17 | DEBUG | image_detection:_calculate_background_subtraction:136 | 检测到前景 (11.509%)，暂停背景学习，避免前景被学习成背景
2026-01-29 10:49:17 | INFO | camera_monitor:_monitor_loop:300 | 摄像头 一层贵重物品区摄像头1 检测到变化...
2026-01-29 10:49:17 | DEBUG | image_detection:_calculate_background_subtraction:136 | 检测到前景 (9.267%)，暂停背景学习，避免前景被学习成背景
2026-01-29 10:49:17 | INFO | camera_monitor:_monitor_loop:300 | 摄像头 一层室外大件物品区摄像头1 检测到变化...
2026-01-29 10:49:17 | DEBUG | image_detection:_calculate_background_subtraction:136 | 检测到前景 (7.553%)，暂停背景学习，避免前景被学习成背景
2026-01-29 10:49:18 | DEBUG | image_detection:_calculate_background_subtraction:136 | 检测到前景 (13.150%)，暂停背景学习，避免前景被学习成背景
2026-01-29 10:49:18 | DEBUG | image_detection:_calculate_background_subtraction:136 | 检测到前景 (11.823%)，暂停背景学习，避免前景被学习成背景
2026-01-29 10:49:18 | INFO | camera_monitor:_monitor_loop:300 | 摄像头 一层贵重物品区摄像头1 检测到变化...
2026-01-29 10:49:18 | DEBUG | image_detection:_calculate_background_subtraction:136 | 检测到前景 (8.857%)，暂停背景学习，避免前景被学习成背景
2026-01-29 10:49:18 | INFO | camera_monitor:_monitor_loop:300 | 摄像头 一层室外大件物品区摄像头1 检测到变化...
2026-01-29 10:49:18 | DEBUG | image_detection:_calculate_background_subtraction:136 | 检测到前景 (7.240%)，暂停背景学习，避免前景被学习成背景
2026-01-29 10:49:19 | DEBUG | image_detection:_calculate_background_subtraction:136 | 检测到前景 (13.320%)，暂停背景学习，避免前景被学习成背景
2026-01-29 10:49:19 | INFO | camera_monitor:_monitor_loop:300 | 摄像头 一层恒温大件物品区摄像头1 检测到变化...
2026-01-29 10:49:19 | DEBUG | image_detection:_calculate_background_subtraction:136 | 检测到前景 (11.471%)，暂停背景学习，避免前景被学习成背景
2026-01-29 10:49:19 | INFO | camera_monitor:_monitor_loop:300 | 摄像头 一层贵重物品区摄像头1 检测到变化...
2026-01-29 10:49:19 | DEBUG | image_detection:_calculate_background_subtraction:136 | 检测到前景 (9.173%)，暂停背景学习，避免前景被学习成背景
2026-01-29 10:49:19 | INFO | camera_monitor:_monitor_loop:300 | 摄像头 一层室外大件物品区摄像头1 检测到变化...
2026-01-29 10:49:19 | DEBUG | image_detection:_calculate_background_subtraction:136 | 检测到前景 (6.192%)，暂停背景学习，避免前景被学习成背景
2026-01-29 10:49:20 | DEBUG | image_detection:_calculate_background_subtraction:136 | 检测到前景 (13.561%)，暂停背景学习，避免前景被学习成背景
2026-01-29 10:49:20 | INFO | camera_monitor:_monitor_loop:300 | 摄像头 一层恒温大件物品区摄像头1 检测到变化...
2026-01-29 10:49:20 | DEBUG | image_detection:_calculate_background_subtraction:136 | 检测到前景 (11.840%)，暂停背景学习，避免前景被学习成背景
2026-01-29 10:49:20 | INFO | camera_monitor:_monitor_loop:300 | 摄像头 一层贵重物品区摄像头1 检测到变化...
2026-01-29 10:49:20 | DEBUG | image_detection:_calculate_background_subtraction:136 | 检测到前景 (8.774%)，暂停背景学习，避免前景被学习成背景
2026-01-29 10:49:20 | INFO | camera_monitor:_monitor_loop:300 | 摄像头 一层室外大件物品区摄像头1 检测到变化...
2026-01-29 10:49:20 | DEBUG | image_detection:_calculate_background_subtraction:136 | 检测到前景 (7.968%)，暂停背景学习，避免前景被学习成背景
2026-01-29 10:49:21 | INFO | input_shaper:_log_stats_periodically:217 | [一层室内较小库房摄像头1] InputShaper 统计 - 拉取: 751帧, 输出: 59帧, 丢弃: 0帧, 溢出: 0次, 空读: 0次, 重复: 0次, 缓冲区: 3/30
2026-01-29 10:49:21 | DEBUG | image_detection:_calculate_background_subtraction:136 | 检测到前景 (13.834%)，暂停背景学习，避免前景被学习成背景
2026-01-29 10:49:21 | INFO | camera_monitor:_monitor_loop:300 | 摄像头 一层恒温大件物品区摄像头1 检测到变化...
2026-01-29 10:49:21 | DEBUG | image_detection:_calculate_background_subtraction:136 | 检测到前景 (11.315%)，暂停背景学习，避免前景被学习成背景
2026-01-29 10:49:21 | INFO | camera_monitor:_monitor_loop:300 | 摄像头 一层贵重物品区摄像头1 检测到变化...
2026-01-29 10:49:21 | DEBUG | image_detection:_calculate_background_subtraction:136 | 检测到前景 (9.342%)，暂停背景学习，避免前景被学习成背景
2026-01-29 10:49:21 | INFO | camera_monitor:_monitor_loop:300 | 摄像头 一层室外大件物品区摄像头1 检测到变化...
2026-01-29 10:49:21 | DEBUG | image_detection:_calculate_background_subtraction:136 | 检测到前景 (6.357%)，暂停背景学习，避免前景被学习成背景
2026-01-29 10:49:22 | DEBUG | image_detection:_calculate_background_subtraction:136 | 检测到前景 (14.128%)，暂停背景学习，避免前景被学习成背景
2026-01-29 10:49:22 | INFO | camera_monitor:_monitor_loop:300 | 摄像头 一层恒温大件物品区摄像头1 检测到变化...
2026-01-29 10:49:22 | DEBUG | image_detection:_calculate_background_subtraction:136 | 检测到前景 (11.824%)，暂停背景学习，避免前景被学习成背景
2026-01-29 10:49:22 | INFO | camera_monitor:_monitor_loop:300 | 摄像头 一层贵重物品区摄像头1 检测到变化...
2026-01-29 10:49:22 | DEBUG | image_detection:_calculate_background_subtraction:136 | 检测到前景 (8.880%)，暂停背景学习，避免前景被学习成背景
2026-01-29 10:49:22 | INFO | input_shaper:_log_stats_periodically:217 | [一层贵重物品区摄像头1] InputShaper 统计 - 拉取: 751帧, 输出: 59帧, 丢弃: 0帧, 溢出: 0次, 空读: 0次, 重复: 0次, 缓冲区: 4/30
2026-01-29 10:49:22 | INFO | camera_monitor:_monitor_loop:300 | 摄像头 一层室外大件物品区摄像头1 检测到变化...
2026-01-29 10:49:22 | DEBUG | image_detection:_calculate_background_subtraction:136 | 检测到前景 (8.844%)，暂停背景学习，避免前景被学习成背景
2026-01-29 10:49:23 | DEBUG | image_detection:_calculate_background_subtraction:136 | 检测到前景 (14.414%)，暂停背景学习，避免前景被学习成背景
2026-01-29 10:49:23 | INFO | camera_monitor:_monitor_loop:300 | 摄像头 一层恒温大件物品区摄像头1 检测到变化...
2026-01-29 10:49:23 | DEBUG | image_detection:_calculate_background_subtraction:136 | 检测到前景 (11.420%)，暂停背景学习，避免前景被学习成背景
2026-01-29 10:49:23 | INFO | camera_monitor:_monitor_loop:300 | 摄像头 一层贵重物品区摄像头1 检测到变化...
2026-01-29 10:49:23 | DEBUG | image_detection:_calculate_background_subtraction:136 | 检测到前景 (9.488%)，暂停背景学习，避免前景被学习成背景
2026-01-29 10:49:23 | INFO | camera_monitor:_monitor_loop:300 | 摄像头 一层室外大件物品区摄像头1 检测到变化...
2026-01-29 10:49:23 | DEBUG | image_detection:_calculate_background_subtraction:136 | 检测到前景 (7.117%)，暂停背景学习，避免前景被学习成背景
2026-01-29 10:49:24 | INFO | input_shaper:_log_stats_periodically:217 | [一层室外大件物品区摄像头1] InputShaper 统计 - 拉取: 751帧, 输出: 59帧, 丢弃: 0帧, 溢出: 0次, 空读: 0次, 重复: 0次, 缓冲区: 7/30
2026-01-29 10:49:24 | DEBUG | image_detection:_calculate_background_subtraction:136 | 检测到前景 (14.811%)，暂停背景学习，避免前景被学习成背景
2026-01-29 10:49:24 | INFO | camera_monitor:_monitor_loop:300 | 摄像头 一层恒温大件物品区摄像头1 检测到变化...
2026-01-29 10:49:24 | DEBUG | image_detection:_calculate_background_subtraction:136 | 检测到前景 (11.877%)，暂停背景学习，避免前景被学习成背景
2026-01-29 10:49:24 | INFO | camera_monitor:_monitor_loop:300 | 摄像头 一层贵重物品区摄像头1 检测到变化...
2026-01-29 10:49:24 | DEBUG | image_detection:_calculate_background_subtraction:136 | 检测到前景 (9.154%)，暂停背景学习，避免前景被学习成背景
2026-01-29 10:49:24 | INFO | camera_monitor:_monitor_loop:300 | 摄像头 一层室外大件物品区摄像头1 检测到变化...
2026-01-29 10:49:24 | DEBUG | image_detection:_calculate_background_subtraction:136 | 检测到前景 (9.335%)，暂停背景学习，避免前景被学习成背景
2026-01-29 10:49:25 | INFO | input_shaper:_log_stats_periodically:217 | [一层恒温大件物品区摄像头1] InputShaper 统计 - 拉取: 750帧, 输出: 59帧, 丢弃: 0帧, 溢出: 0次, 空读: 0次, 重复: 0次, 缓冲区: 3/30
2026-01-29 10:49:25 | ERROR | camera_monitor:_connect_rtsp:498 | RTSP连接失败
2026-01-29 10:49:25 | DEBUG | image_detection:_calculate_background_subtraction:136 | 检测到前景 (14.963%)，暂停背景学习，避免前景被学习成背景
2026-01-29 10:49:25 | INFO | camera_monitor:_monitor_loop:300 | 摄像头 一层恒温大件物品区摄像头1 检测到变化...
2026-01-29 10:49:25 | DEBUG | image_detection:_calculate_background_subtraction:136 | 检测到前景 (11.480%)，暂停背景学习，避免前景被学习成背景
2026-01-29 10:49:25 | INFO | camera_monitor:_monitor_loop:300 | 摄像头 一层贵重物品区摄像头1 检测到变化...
2026-01-29 10:49:25 | DEBUG | image_detection:_calculate_background_subtraction:136 | 检测到前景 (9.648%)，暂停背景学习，避免前景被学习成背景
2026-01-29 10:49:25 | INFO | camera_monitor:_monitor_loop:300 | 摄像头 一层室外大件物品区摄像头1 检测到变化...
2026-01-29 10:49:25 | DEBUG | image_detection:_calculate_background_subtraction:136 | 检测到前景 (7.966%)，暂停背景学习，避免前景被学习成背景
2026-01-29 10:49:26 | INFO | camera_monitor:_worker_process:202 | 后台工作线程已停止 - 摄像头: 大门区域摄像头1
2026-01-29 10:49:26 | DEBUG | image_detection:_calculate_background_subtraction:136 | 检测到前景 (14.855%)，暂停背景学习，避免前景被学习成背景
2026-01-29 10:49:26 | INFO | camera_monitor:_monitor_loop:300 | 摄像头 一层恒温大件物品区摄像头1 检测到变化...
2026-01-29 10:49:26 | DEBUG | image_detection:_calculate_background_subtraction:136 | 检测到前景 (11.877%)，暂停背景学习，避免前景被学习成背景
2026-01-29 10:49:26 | INFO | camera_monitor:_monitor_loop:300 | 摄像头 一层贵重物品区摄像头1 检测到变化...
2026-01-29 10:49:26 | DEBUG | image_detection:_calculate_background_subtraction:136 | 检测到前景 (9.521%)，暂停背景学习，避免前景被学习成背景
2026-01-29 10:49:26 | INFO | camera_monitor:_monitor_loop:300 | 摄像头 一层室外大件物品区摄像头1 检测到变化...
2026-01-29 10:49:26 | DEBUG | image_detection:_calculate_background_subtraction:136 | 检测到前景 (9.031%)，暂停背景学习，避免前景被学习成背景
2026-01-29 10:49:27 | DEBUG | image_detection:_calculate_background_subtraction:136 | 检测到前景 (15.508%)，暂停背景学习，避免前景被学习成背景
2026-01-29 10:49:27 | INFO | camera_monitor:_monitor_loop:300 | 摄像头 一层恒温大件物品区摄像头1 检测到变化...
2026-01-29 10:49:27 | DEBUG | image_detection:_calculate_background_subtraction:136 | 检测到前景 (11.509%)，暂停背景学习，避免前景被学习成背景
2026-01-29 10:49:27 | INFO | camera_monitor:_monitor_loop:300 | 摄像头 一层贵重物品区摄像头1 检测到变化...
2026-01-29 10:49:27 | DEBUG | image_detection:_calculate_background_subtraction:136 | 检测到前景 (10.083%)，暂停背景学习，避免前景被学习成背景
2026-01-29 10:49:27 | INFO | camera_monitor:_monitor_loop:300 | 摄像头 一层室外大件物品区摄像头1 检测到变化...
2026-01-29 10:49:28 | DEBUG | image_detection:_calculate_background_subtraction:136 | 检测到前景 (8.156%)，暂停背景学习，避免前景被学习成背景
2026-01-29 10:49:28 | WARNING | __main__:restart_monitor:219 | 摄像头 1 (大门区域摄像头1) 监测已停止，尝试重启 (1/10)
2026-01-29 10:49:28 | INFO | camera_monitor:stop:150 | 停止监测摄像头: 大门区域摄像头1 (ID: 1)
2026-01-29 10:49:28 | INFO | camera_monitor:__init__:43 | 摄像头 大门区域摄像头1 (ID: 1) RTSP URL: rtsp://admin:khjy%40123@192.168.100.109:554/Streaming/Channels/100
2026-01-29 10:49:28 | INFO | image_detection:__init__:32 | 初始化背景建模检测器
2026-01-29 10:49:28 | INFO | image_storage:__init__:37 | 图片保存目录: D:\appdata\uploadPath\caseapp
2026-01-29 10:49:28 | INFO | camera_monitor:__init__:58 | 摄像头 大门区域摄像头1 将创建独立YOLO实例
2026-01-29 10:49:28 | INFO | camera_monitor:_worker_process:156 | 后台工作线程开始运行 - 摄像头: 大门区域摄像头1
2026-01-29 10:49:28 | INFO | camera_monitor:start:118 | 后台工作线程已启动: 大门区域摄像头1 (ID: 1)
2026-01-29 10:49:28 | INFO | camera_monitor:_connect_rtsp:447 | 正在连接RTSP流: rtsp://admin:khjy%40123@192.168.100.109:554/Streaming/Channels/100
2026-01-29 10:49:28 | INFO | camera_monitor:start:127 | 开始监测摄像头: 大门区域摄像头1 (ID: 1)
2026-01-29 10:49:28 | INFO | __main__:restart_monitor:244 | 摄像头 1 (大门区域摄像头1) 重启成功
2026-01-29 10:49:28 | DEBUG | image_detection:_calculate_background_subtraction:136 | 检测到前景 (16.017%)，暂停背景学习，避免前景被学习成背景
2026-01-29 10:49:28 | INFO | camera_monitor:_monitor_loop:300 | 摄像头 一层恒温大件物品区摄像头1 检测到变化...
2026-01-29 10:49:28 | DEBUG | image_detection:_calculate_background_subtraction:136 | 检测到前景 (11.932%)，暂停背景学习，避免前景被学习成背景
2026-01-29 10:49:28 | INFO | camera_monitor:_monitor_loop:300 | 摄像头 一层贵重物品区摄像头1 检测到变化...
2026-01-29 10:49:28 | DEBUG | image_detection:_calculate_background_subtraction:136 | 检测到前景 (10.000%)，暂停背景学习，避免前景被学习成背景
2026-01-29 10:49:28 | INFO | camera_monitor:_monitor_loop:300 | 摄像头 一层室外大件物品区摄像头1 检测到变化...
2026-01-29 10:49:29 | DEBUG | image_detection:_calculate_background_subtraction:136 | 检测到前景 (9.394%)，暂停背景学习，避免前景被学习成背景
2026-01-29 10:49:29 | DEBUG | image_detection:_calculate_background_subtraction:136 | 检测到前景 (15.542%)，暂停背景学习，避免前景被学习成背景
2026-01-29 10:49:29 | INFO | camera_monitor:_monitor_loop:300 | 摄像头 一层恒温大件物品区摄像头1 检测到变化...
2026-01-29 10:49:29 | DEBUG | image_detection:_calculate_background_subtraction:136 | 检测到前景 (11.629%)，暂停背景学习，避免前景被学习成背景
2026-01-29 10:49:29 | INFO | camera_monitor:_monitor_loop:300 | 摄像头 一层贵重物品区摄像头1 检测到变化...
2026-01-29 10:49:29 | DEBUG | image_detection:_calculate_background_subtraction:136 | 检测到前景 (10.476%)，暂停背景学习，避免前景被学习成背景
2026-01-29 10:49:29 | INFO | camera_monitor:_monitor_loop:300 | 摄像头 一层室外大件物品区摄像头1 检测到变化...
2026-01-29 10:49:30 | DEBUG | image_detection:_calculate_background_subtraction:136 | 检测到前景 (9.978%)，暂停背景学习，避免前景被学习成背景
2026-01-29 10:49:30 | DEBUG | image_detection:_calculate_background_subtraction:136 | 检测到前景 (15.890%)，暂停背景学习，避免前景被学习成背景
2026-01-29 10:49:30 | INFO | camera_monitor:_monitor_loop:300 | 摄像头 一层恒温大件物品区摄像头1 检测到变化...
2026-01-29 10:49:30 | DEBUG | image_detection:_calculate_background_subtraction:136 | 检测到前景 (11.932%)，暂停背景学习，避免前景被学习成背景
2026-01-29 10:49:30 | INFO | camera_monitor:_monitor_loop:300 | 摄像头 一层贵重物品区摄像头1 检测到变化...
2026-01-29 10:49:30 | DEBUG | image_detection:_calculate_background_subtraction:136 | 检测到前景 (10.284%)，暂停背景学习，避免前景被学习成背景
2026-01-29 10:49:30 | INFO | camera_monitor:_monitor_loop:300 | 摄像头 一层室外大件物品区摄像头1 检测到变化...
2026-01-29 10:49:31 | DEBUG | image_detection:_calculate_background_subtraction:136 | 检测到前景 (10.241%)，暂停背景学习，避免前景被学习成背景
2026-01-29 10:49:31 | DEBUG | image_detection:_calculate_background_subtraction:136 | 检测到前景 (15.739%)，暂停背景学习，避免前景被学习成背景
2026-01-29 10:49:31 | INFO | camera_monitor:_monitor_loop:300 | 摄像头 一层恒温大件物品区摄像头1 检测到变化...
2026-01-29 10:49:31 | DEBUG | image_detection:_calculate_background_subtraction:136 | 检测到前景 (11.624%)，暂停背景学习，避免前景被学习成背景
2026-01-29 10:49:31 | INFO | camera_monitor:_monitor_loop:300 | 摄像头 一层贵重物品区摄像头1 检测到变化...
2026-01-29 10:49:31 | DEBUG | image_detection:_calculate_background_subtraction:136 | 检测到前景 (10.818%)，暂停背景学习，避免前景被学习成背景
2026-01-29 10:49:31 | INFO | camera_monitor:_monitor_loop:300 | 摄像头 一层室外大件物品区摄像头1 检测到变化...
2026-01-29 10:49:32 | DEBUG | image_detection:_calculate_background_subtraction:136 | 检测到前景 (10.377%)，暂停背景学习，避免前景被学习成背景
2026-01-29 10:49:32 | DEBUG | image_detection:_calculate_background_subtraction:136 | 检测到前景 (16.001%)，暂停背景学习，避免前景被学习成背景
2026-01-29 10:49:32 | INFO | camera_monitor:_monitor_loop:300 | 摄像头 一层恒温大件物品区摄像头1 检测到变化...
2026-01-29 10:49:32 | DEBUG | image_detection:_calculate_background_subtraction:136 | 检测到前景 (11.977%)，暂停背景学习，避免前景被学习成背景
2026-01-29 10:49:32 | INFO | camera_monitor:_monitor_loop:300 | 摄像头 一层贵重物品区摄像头1 检测到变化...
2026-01-29 10:49:32 | DEBUG | image_detection:_calculate_background_subtraction:136 | 检测到前景 (10.593%)，暂停背景学习，避免前景被学习成背景
2026-01-29 10:49:32 | INFO | camera_monitor:_monitor_loop:300 | 摄像头 一层室外大件物品区摄像头1 检测到变化...
2026-01-29 10:49:33 | DEBUG | image_detection:_calculate_background_subtraction:136 | 检测到前景 (11.890%)，暂停背景学习，避免前景被学习成背景
2026-01-29 10:49:33 | DEBUG | image_detection:_calculate_background_subtraction:136 | 检测到前景 (16.055%)，暂停背景学习，避免前景被学习成背景
2026-01-29 10:49:33 | INFO | camera_monitor:_monitor_loop:300 | 摄像头 一层恒温大件物品区摄像头1 检测到变化...
2026-01-29 10:49:33 | DEBUG | image_detection:_calculate_background_subtraction:136 | 检测到前景 (11.847%)，暂停背景学习，避免前景被学习成背景
2026-01-29 10:49:33 | INFO | camera_monitor:_monitor_loop:300 | 摄像头 一层贵重物品区摄像头1 检测到变化...
2026-01-29 10:49:33 | DEBUG | image_detection:_calculate_background_subtraction:136 | 检测到前景 (10.971%)，暂停背景学习，避免前景被学习成背景
2026-01-29 10:49:33 | INFO | camera_monitor:_monitor_loop:300 | 摄像头 一层室外大件物品区摄像头1 检测到变化...
2026-01-29 10:49:34 | DEBUG | image_detection:_calculate_background_subtraction:136 | 检测到前景 (10.821%)，暂停背景学习，避免前景被学习成背景
2026-01-29 10:49:34 | INFO | camera_monitor:_monitor_loop:300 | 摄像头 一层室内较小库房摄像头1 检测到变化...
2026-01-29 10:49:34 | DEBUG | image_detection:_calculate_background_subtraction:136 | 检测到前景 (16.309%)，暂停背景学习，避免前景被学习成背景
2026-01-29 10:49:34 | INFO | camera_monitor:_monitor_loop:300 | 摄像头 一层恒温大件物品区摄像头1 检测到变化...
2026-01-29 10:49:34 | DEBUG | image_detection:_calculate_background_subtraction:136 | 检测到前景 (12.159%)，暂停背景学习，避免前景被学习成背景
2026-01-29 10:49:34 | INFO | camera_monitor:_monitor_loop:300 | 摄像头 一层贵重物品区摄像头1 检测到变化...
2026-01-29 10:49:34 | DEBUG | image_detection:_calculate_background_subtraction:136 | 检测到前景 (10.426%)，暂停背景学习，避免前景被学习成背景
2026-01-29 10:49:35 | INFO | camera_monitor:_monitor_loop:300 | 摄像头 一层室外大件物品区摄像头1 检测到变化...
2026-01-29 10:49:35 | DEBUG | image_detection:_calculate_background_subtraction:136 | 检测到前景 (12.179%)，暂停背景学习，避免前景被学习成背景
2026-01-29 10:49:35 | INFO | camera_monitor:_monitor_loop:300 | 摄像头 一层室内较小库房摄像头1 检测到变化...
2026-01-29 10:49:35 | DEBUG | image_detection:_calculate_background_subtraction:136 | 检测到前景 (17.025%)，暂停背景学习，避免前景被学习成背景
2026-01-29 10:49:35 | INFO | camera_monitor:_monitor_loop:300 | 摄像头 一层恒温大件物品区摄像头1 检测到变化...
2026-01-29 10:49:35 | DEBUG | image_detection:_calculate_background_subtraction:136 | 检测到前景 (11.879%)，暂停背景学习，避免前景被学习成背景
2026-01-29 10:49:35 | INFO | camera_monitor:_monitor_loop:300 | 摄像头 一层贵重物品区摄像头1 检测到变化...
2026-01-29 10:49:36 | DEBUG | image_detection:_calculate_background_subtraction:136 | 检测到前景 (10.826%)，暂停背景学习，避免前景被学习成背景
2026-01-29 10:49:36 | INFO | camera_monitor:_monitor_loop:300 | 摄像头 一层室外大件物品区摄像头1 检测到变化...
2026-01-29 10:49:36 | DEBUG | image_detection:_calculate_background_subtraction:136 | 检测到前景 (11.262%)，暂停背景学习，避免前景被学习成背景
2026-01-29 10:49:36 | INFO | camera_monitor:_monitor_loop:300 | 摄像头 一层室内较小库房摄像头1 检测到变化...
2026-01-29 10:49:36 | DEBUG | image_detection:_calculate_background_subtraction:136 | 检测到前景 (17.047%)，暂停背景学习，避免前景被学习成背景
2026-01-29 10:49:36 | INFO | camera_monitor:_monitor_loop:300 | 摄像头 一层恒温大件物品区摄像头1 检测到变化...
2026-01-29 10:49:36 | DEBUG | image_detection:_calculate_background_subtraction:136 | 检测到前景 (12.097%)，暂停背景学习，避免前景被学习成背景
2026-01-29 10:49:36 | INFO | camera_monitor:_monitor_loop:300 | 摄像头 一层贵重物品区摄像头1 检测到变化...
2026-01-29 10:49:37 | DEBUG | image_detection:_calculate_background_subtraction:136 | 检测到前景 (10.741%)，暂停背景学习，避免前景被学习成背景
2026-01-29 10:49:37 | INFO | camera_monitor:_monitor_loop:300 | 摄像头 一层室外大件物品区摄像头1 检测到变化...
2026-01-29 10:49:37 | DEBUG | image_detection:_calculate_background_subtraction:136 | 检测到前景 (13.174%)，暂停背景学习，避免前景被学习成背景
2026-01-29 10:49:37 | INFO | camera_monitor:_monitor_loop:300 | 摄像头 一层室内较小库房摄像头1 检测到变化...
2026-01-29 10:49:37 | DEBUG | image_detection:_calculate_background_subtraction:136 | 检测到前景 (17.939%)，暂停背景学习，避免前景被学习成背景
2026-01-29 10:49:37 | INFO | camera_monitor:_monitor_loop:300 | 摄像头 一层恒温大件物品区摄像头1 检测到变化...
2026-01-29 10:49:37 | DEBUG | image_detection:_calculate_background_subtraction:136 | 检测到前景 (11.821%)，暂停背景学习，避免前景被学习成背景
2026-01-29 10:49:37 | INFO | camera_monitor:_monitor_loop:300 | 摄像头 一层贵重物品区摄像头1 检测到变化...
2026-01-29 10:49:38 | DEBUG | image_detection:_calculate_background_subtraction:136 | 检测到前景 (11.046%)，暂停背景学习，避免前景被学习成背景
2026-01-29 10:49:38 | INFO | camera_monitor:_monitor_loop:300 | 摄像头 一层室外大件物品区摄像头1 检测到变化...
2026-01-29 10:49:38 | DEBUG | image_detection:_calculate_background_subtraction:136 | 检测到前景 (12.418%)，暂停背景学习，避免前景被学习成背景
2026-01-29 10:49:38 | INFO | camera_monitor:_monitor_loop:300 | 摄像头 一层室内较小库房摄像头1 检测到变化...
2026-01-29 10:49:38 | DEBUG | image_detection:_calculate_background_subtraction:136 | 检测到前景 (16.812%)，暂停背景学习，避免前景被学习成背景
2026-01-29 10:49:38 | INFO | camera_monitor:_monitor_loop:300 | 摄像头 一层恒温大件物品区摄像头1 检测到变化...
2026-01-29 10:49:38 | DEBUG | image_detection:_calculate_background_subtraction:136 | 检测到前景 (11.893%)，暂停背景学习，避免前景被学习成背景
2026-01-29 10:49:38 | INFO | camera_monitor:_monitor_loop:300 | 摄像头 一层贵重物品区摄像头1 检测到变化...
2026-01-29 10:49:39 | DEBUG | image_detection:_calculate_background_subtraction:136 | 检测到前景 (10.941%)，暂停背景学习，避免前景被学习成背景
2026-01-29 10:49:39 | INFO | camera_monitor:_monitor_loop:300 | 摄像头 一层室外大件物品区摄像头1 检测到变化...
2026-01-29 10:49:39 | DEBUG | image_detection:_calculate_background_subtraction:136 | 检测到前景 (12.583%)，暂停背景学习，避免前景被学习成背景
2026-01-29 10:49:39 | INFO | camera_monitor:_monitor_loop:300 | 摄像头 一层室内较小库房摄像头1 检测到变化...
2026-01-29 10:49:39 | DEBUG | image_detection:_calculate_background_subtraction:136 | 检测到前景 (18.328%)，暂停背景学习，避免前景被学习成背景
2026-01-29 10:49:39 | DEBUG | image_detection:_calculate_background_subtraction:136 | 检测到前景 (11.754%)，暂停背景学习，避免前景被学习成背景
2026-01-29 10:49:39 | INFO | camera_monitor:_monitor_loop:300 | 摄像头 一层恒温大件物品区摄像头1 检测到变化...
2026-01-29 10:49:39 | INFO | camera_monitor:_monitor_loop:300 | 摄像头 一层贵重物品区摄像头1 检测到变化...
2026-01-29 10:49:40 | DEBUG | image_detection:_calculate_background_subtraction:136 | 检测到前景 (11.750%)，暂停背景学习，避免前景被学习成背景
2026-01-29 10:49:40 | INFO | camera_monitor:_monitor_loop:300 | 摄像头 一层室外大件物品区摄像头1 检测到变化...
2026-01-29 10:49:40 | DEBUG | image_detection:_calculate_background_subtraction:136 | 检测到前景 (15.604%)，暂停背景学习，避免前景被学习成背景
2026-01-29 10:49:40 | INFO | camera_monitor:_monitor_loop:300 | 摄像头 一层室内较小库房摄像头1 检测到变化...
2026-01-29 10:49:40 | DEBUG | image_detection:_calculate_background_subtraction:136 | 检测到前景 (20.795%)，暂停背景学习，避免前景被学习成背景
2026-01-29 10:49:40 | DEBUG | image_detection:_calculate_background_subtraction:136 | 检测到前景 (11.859%)，暂停背景学习，避免前景被学习成背景
2026-01-29 10:49:40 | INFO | camera_monitor:_monitor_loop:300 | 摄像头 一层恒温大件物品区摄像头1 检测到变化...
2026-01-29 10:49:40 | INFO | camera_monitor:_monitor_loop:300 | 摄像头 一层贵重物品区摄像头1 检测到变化...
2026-01-29 10:49:41 | DEBUG | image_detection:_calculate_background_subtraction:136 | 检测到前景 (12.463%)，暂停背景学习，避免前景被学习成背景
2026-01-29 10:49:41 | INFO | camera_monitor:_monitor_loop:300 | 摄像头 一层室外大件物品区摄像头1 检测到变化...
2026-01-29 10:49:41 | DEBUG | image_detection:_calculate_background_subtraction:136 | 检测到前景 (18.963%)，暂停背景学习，避免前景被学习成背景
2026-01-29 10:49:41 | INFO | camera_monitor:_monitor_loop:300 | 摄像头 一层室内较小库房摄像头1 检测到变化...
2026-01-29 10:49:41 | DEBUG | image_detection:_calculate_background_subtraction:136 | 检测到前景 (19.838%)，暂停背景学习，避免前景被学习成背景
2026-01-29 10:49:41 | DEBUG | image_detection:_filter_small_areas:213 | 过滤了小区域，过滤面积: 54284.5像素 (2.618%)，保留区域数: 10
2026-01-29 10:49:41 | DEBUG | image_detection:_calculate_background_subtraction:136 | 检测到前景 (11.814%)，暂停背景学习，避免前景被学习成背景
2026-01-29 10:49:41 | INFO | camera_monitor:_monitor_loop:300 | 摄像头 一层恒温大件物品区摄像头1 检测到变化...
2026-01-29 10:49:41 | INFO | camera_monitor:_monitor_loop:300 | 摄像头 一层贵重物品区摄像头1 检测到变化...
2026-01-29 10:49:42 | DEBUG | image_detection:_calculate_background_subtraction:136 | 检测到前景 (15.496%)，暂停背景学习，避免前景被学习成背景
2026-01-29 10:49:42 | INFO | camera_monitor:_monitor_loop:300 | 摄像头 一层室外大件物品区摄像头1 检测到变化...
2026-01-29 10:49:42 | DEBUG | image_detection:_calculate_background_subtraction:136 | 检测到前景 (13.432%)，暂停背景学习，避免前景被学习成背景
2026-01-29 10:49:42 | INFO | camera_monitor:_monitor_loop:300 | 摄像头 一层室内较小库房摄像头1 检测到变化...
2026-01-29 10:49:42 | DEBUG | image_detection:_calculate_background_subtraction:136 | 检测到前景 (17.307%)，暂停背景学习，避免前景被学习成背景
2026-01-29 10:49:42 | DEBUG | image_detection:_filter_small_areas:213 | 过滤了小区域，过滤面积: 45218.5像素 (2.181%)，保留区域数: 9
2026-01-29 10:49:42 | INFO | camera_monitor:_monitor_loop:300 | 摄像头 一层恒温大件物品区摄像头1 检测到变化...
2026-01-29 10:49:42 | DEBUG | image_detection:_calculate_background_subtraction:136 | 检测到前景 (12.544%)，暂停背景学习，避免前景被学习成背景
2026-01-29 10:49:43 | INFO | camera_monitor:_monitor_loop:300 | 摄像头 一层贵重物品区摄像头1 检测到变化...
2026-01-29 10:49:43 | DEBUG | image_detection:_calculate_background_subtraction:136 | 检测到前景 (14.737%)，暂停背景学习，避免前景被学习成背景
2026-01-29 10:49:43 | INFO | camera_monitor:_monitor_loop:300 | 摄像头 一层室外大件物品区摄像头1 检测到变化...
2026-01-29 10:49:43 | DEBUG | image_detection:_calculate_background_subtraction:136 | 检测到前景 (10.996%)，暂停背景学习，避免前景被学习成背景
2026-01-29 10:49:43 | DEBUG | image_detection:_calculate_background_subtraction:136 | 检测到前景 (16.108%)，暂停背景学习，避免前景被学习成背景
2026-01-29 10:49:43 | INFO | camera_monitor:_monitor_loop:300 | 摄像头 一层恒温大件物品区摄像头1 检测到变化...
2026-01-29 10:49:43 | DEBUG | image_detection:_calculate_background_subtraction:136 | 检测到前景 (13.473%)，暂停背景学习，避免前景被学习成背景
2026-01-29 10:49:44 | INFO | camera_monitor:_monitor_loop:300 | 摄像头 一层贵重物品区摄像头1 检测到变化...
2026-01-29 10:49:44 | DEBUG | image_detection:_calculate_background_subtraction:136 | 检测到前景 (14.754%)，暂停背景学习，避免前景被学习成背景
2026-01-29 10:49:44 | INFO | camera_monitor:_monitor_loop:300 | 摄像头 一层室外大件物品区摄像头1 检测到变化...
2026-01-29 10:49:44 | DEBUG | image_detection:_calculate_background_subtraction:136 | 检测到前景 (9.307%)，暂停背景学习，避免前景被学习成背景
2026-01-29 10:49:44 | DEBUG | image_detection:_calculate_background_subtraction:136 | 检测到前景 (15.975%)，暂停背景学习，避免前景被学习成背景
2026-01-29 10:49:45 | INFO | camera_monitor:_monitor_loop:300 | 摄像头 一层恒温大件物品区摄像头1 检测到变化...
2026-01-29 10:49:45 | DEBUG | image_detection:_calculate_background_subtraction:136 | 检测到前景 (14.100%)，暂停背景学习，避免前景被学习成背景
2026-01-29 10:49:45 | INFO | camera_monitor:_monitor_loop:300 | 摄像头 一层贵重物品区摄像头1 检测到变化...
2026-01-29 10:49:45 | DEBUG | image_detection:_calculate_background_subtraction:136 | 检测到前景 (12.452%)，暂停背景学习，避免前景被学习成背景
2026-01-29 10:49:45 | INFO | camera_monitor:_monitor_loop:300 | 摄像头 一层室外大件物品区摄像头1 检测到变化...
2026-01-29 10:49:45 | DEBUG | image_detection:_calculate_background_subtraction:136 | 检测到前景 (10.750%)，暂停背景学习，避免前景被学习成背景
2026-01-29 10:49:45 | DEBUG | image_detection:_calculate_background_subtraction:136 | 检测到前景 (16.631%)，暂停背景学习，避免前景被学习成背景
2026-01-29 10:49:46 | INFO | camera_monitor:_monitor_loop:300 | 摄像头 一层恒温大件物品区摄像头1 检测到变化...
2026-01-29 10:49:46 | DEBUG | image_detection:_calculate_background_subtraction:136 | 检测到前景 (15.253%)，暂停背景学习，避免前景被学习成背景
2026-01-29 10:49:46 | INFO | camera_monitor:_monitor_loop:300 | 摄像头 一层贵重物品区摄像头1 检测到变化...
2026-01-29 10:49:46 | DEBUG | image_detection:_calculate_background_subtraction:136 | 检测到前景 (12.881%)，暂停背景学习，避免前景被学习成背景
2026-01-29 10:49:46 | INFO | camera_monitor:_monitor_loop:300 | 摄像头 一层室外大件物品区摄像头1 检测到变化...
2026-01-29 10:49:46 | DEBUG | image_detection:_calculate_background_subtraction:136 | 检测到前景 (9.857%)，暂停背景学习，避免前景被学习成背景
2026-01-29 10:49:46 | DEBUG | image_detection:_filter_small_areas:213 | 过滤了小区域，过滤面积: 21386.5像素 (1.031%)，保留区域数: 8
2026-01-29 10:49:47 | DEBUG | image_detection:_calculate_background_subtraction:136 | 检测到前景 (17.046%)，暂停背景学习，避免前景被学习成背景
2026-01-29 10:49:47 | INFO | camera_monitor:_monitor_loop:300 | 摄像头 一层恒温大件物品区摄像头1 检测到变化...
2026-01-29 10:49:47 | DEBUG | image_detection:_calculate_background_subtraction:136 | 检测到前景 (15.270%)，暂停背景学习，避免前景被学习成背景
2026-01-29 10:49:47 | INFO | camera_monitor:_monitor_loop:300 | 摄像头 一层贵重物品区摄像头1 检测到变化...
2026-01-29 10:49:47 | DEBUG | image_detection:_calculate_background_subtraction:136 | 检测到前景 (12.546%)，暂停背景学习，避免前景被学习成背景
2026-01-29 10:49:47 | INFO | camera_monitor:_monitor_loop:300 | 摄像头 一层室外大件物品区摄像头1 检测到变化...
2026-01-29 10:49:47 | DEBUG | image_detection:_calculate_background_subtraction:136 | 检测到前景 (11.619%)，暂停背景学习，避免前景被学习成背景
2026-01-29 10:49:48 | DEBUG | image_detection:_calculate_background_subtraction:136 | 检测到前景 (17.649%)，暂停背景学习，避免前景被学习成背景
2026-01-29 10:49:48 | INFO | camera_monitor:_monitor_loop:300 | 摄像头 一层恒温大件物品区摄像头1 检测到变化...
2026-01-29 10:49:48 | DEBUG | image_detection:_calculate_background_subtraction:136 | 检测到前景 (25.429%)，暂停背景学习，避免前景被学习成背景
2026-01-29 10:49:48 | INFO | camera_monitor:_monitor_loop:300 | 摄像头 一层贵重物品区摄像头1 检测到变化...
2026-01-29 10:49:48 | DEBUG | image_detection:_calculate_background_subtraction:136 | 检测到前景 (11.820%)，暂停背景学习，避免前景被学习成背景
2026-01-29 10:49:48 | INFO | camera_monitor:_monitor_loop:300 | 摄像头 一层室外大件物品区摄像头1 检测到变化...
2026-01-29 10:49:48 | DEBUG | image_detection:_calculate_background_subtraction:136 | 检测到前景 (10.369%)，暂停背景学习，避免前景被学习成背景
2026-01-29 10:49:48 | INFO | camera_monitor:_monitor_loop:300 | 摄像头 一层室内较小库房摄像头1 检测到变化...
2026-01-29 10:49:49 | DEBUG | image_detection:_calculate_background_subtraction:136 | 检测到前景 (18.102%)，暂停背景学习，避免前景被学习成背景
2026-01-29 10:49:49 | INFO | camera_monitor:_monitor_loop:300 | 摄像头 一层恒温大件物品区摄像头1 检测到变化...
2026-01-29 10:49:49 | DEBUG | image_detection:_calculate_background_subtraction:136 | 检测到前景 (24.477%)，暂停背景学习，避免前景被学习成背景
2026-01-29 10:49:49 | INFO | camera_monitor:_monitor_loop:300 | 摄像头 一层贵重物品区摄像头1 检测到变化...
2026-01-29 10:49:49 | DEBUG | image_detection:_calculate_background_subtraction:136 | 检测到前景 (10.994%)，暂停背景学习，避免前景被学习成背景
2026-01-29 10:49:49 | INFO | camera_monitor:_monitor_loop:300 | 摄像头 一层室外大件物品区摄像头1 检测到变化...
2026-01-29 10:49:49 | DEBUG | image_detection:_calculate_background_subtraction:136 | 检测到前景 (10.766%)，暂停背景学习，避免前景被学习成背景
2026-01-29 10:49:49 | INFO | camera_monitor:_monitor_loop:300 | 摄像头 一层室内较小库房摄像头1 检测到变化...
2026-01-29 10:49:50 | DEBUG | image_detection:_calculate_background_subtraction:136 | 检测到前景 (18.204%)，暂停背景学习，避免前景被学习成背景
2026-01-29 10:49:50 | INFO | camera_monitor:_monitor_loop:300 | 摄像头 一层恒温大件物品区摄像头1 检测到变化...
2026-01-29 10:49:50 | DEBUG | image_detection:_calculate_background_subtraction:136 | 检测到前景 (24.591%)，暂停背景学习，避免前景被学习成背景
2026-01-29 10:49:50 | INFO | camera_monitor:_monitor_loop:300 | 摄像头 一层贵重物品区摄像头1 检测到变化...
2026-01-29 10:49:50 | DEBUG | image_detection:_calculate_background_subtraction:136 | 检测到前景 (11.053%)，暂停背景学习，避免前景被学习成背景
2026-01-29 10:49:50 | INFO | camera_monitor:_monitor_loop:300 | 摄像头 一层室外大件物品区摄像头1 检测到变化...
2026-01-29 10:49:50 | DEBUG | image_detection:_calculate_background_subtraction:136 | 检测到前景 (10.307%)，暂停背景学习，避免前景被学习成背景
2026-01-29 10:49:50 | INFO | camera_monitor:_monitor_loop:300 | 摄像头 一层室内较小库房摄像头1 检测到变化...
2026-01-29 10:49:51 | DEBUG | image_detection:_calculate_background_subtraction:136 | 检测到前景 (18.660%)，暂停背景学习，避免前景被学习成背景
2026-01-29 10:49:51 | INFO | camera_monitor:_monitor_loop:300 | 摄像头 一层恒温大件物品区摄像头1 检测到变化...
2026-01-29 10:49:51 | DEBUG | image_detection:_calculate_background_subtraction:136 | 检测到前景 (27.344%)，暂停背景学习，避免前景被学习成背景
2026-01-29 10:49:51 | INFO | camera_monitor:_monitor_loop:300 | 摄像头 一层贵重物品区摄像头1 检测到变化...
2026-01-29 10:49:51 | DEBUG | image_detection:_calculate_background_subtraction:136 | 检测到前景 (10.960%)，暂停背景学习，避免前景被学习成背景
2026-01-29 10:49:51 | INFO | camera_monitor:_monitor_loop:300 | 摄像头 一层室外大件物品区摄像头1 检测到变化...
2026-01-29 10:49:51 | INFO | input_shaper:_log_stats_periodically:217 | [一层室内较小库房摄像头1] InputShaper 统计 - 拉取: 750帧, 输出: 58帧, 丢弃: 0帧, 溢出: 0次, 空读: 0次, 重复: 0次, 缓冲区: 12/30
2026-01-29 10:49:51 | DEBUG | image_detection:_calculate_background_subtraction:136 | 检测到前景 (10.996%)，暂停背景学习，避免前景被学习成背景
2026-01-29 10:49:51 | INFO | camera_monitor:_monitor_loop:300 | 摄像头 一层室内较小库房摄像头1 检测到变化...
2026-01-29 10:49:52 | DEBUG | image_detection:_calculate_background_subtraction:136 | 检测到前景 (19.524%)，暂停背景学习，避免前景被学习成背景
2026-01-29 10:49:52 | INFO | camera_monitor:_monitor_loop:300 | 摄像头 一层恒温大件物品区摄像头1 检测到变化...
2026-01-29 10:49:52 | DEBUG | image_detection:_calculate_background_subtraction:136 | 检测到前景 (28.870%)，暂停背景学习，避免前景被学习成背景
2026-01-29 10:49:52 | INFO | camera_monitor:_monitor_loop:300 | 摄像头 一层贵重物品区摄像头1 检测到变化...
2026-01-29 10:49:52 | DEBUG | image_detection:_calculate_background_subtraction:136 | 检测到前景 (11.220%)，暂停背景学习，避免前景被学习成背景
2026-01-29 10:49:52 | INFO | camera_monitor:_monitor_loop:300 | 摄像头 一层室外大件物品区摄像头1 检测到变化...
2026-01-29 10:49:52 | DEBUG | image_detection:_calculate_background_subtraction:136 | 检测到前景 (10.747%)，暂停背景学习，避免前景被学习成背景
2026-01-29 10:49:52 | INFO | camera_monitor:_monitor_loop:300 | 摄像头 一层室内较小库房摄像头1 检测到变化...
2026-01-29 10:49:52 | INFO | input_shaper:_log_stats_periodically:217 | [一层贵重物品区摄像头1] InputShaper 统计 - 拉取: 751帧, 输出: 59帧, 丢弃: 0帧, 溢出: 0次, 空读: 0次, 重复: 0次, 缓冲区: 3/30
2026-01-29 10:49:53 | DEBUG | image_detection:_calculate_background_subtraction:136 | 检测到前景 (20.765%)，暂停背景学习，避免前景被学习成背景
2026-01-29 10:49:53 | INFO | camera_monitor:_monitor_loop:300 | 摄像头 一层恒温大件物品区摄像头1 检测到变化...
2026-01-29 10:49:53 | DEBUG | image_detection:_calculate_background_subtraction:136 | 检测到前景 (12.995%)，暂停背景学习，避免前景被学习成背景
2026-01-29 10:49:53 | INFO | camera_monitor:_monitor_loop:300 | 摄像头 一层贵重物品区摄像头1 检测到变化...
2026-01-29 10:49:53 | DEBUG | image_detection:_calculate_background_subtraction:136 | 检测到前景 (11.176%)，暂停背景学习，避免前景被学习成背景
2026-01-29 10:49:53 | INFO | camera_monitor:_monitor_loop:300 | 摄像头 一层室外大件物品区摄像头1 检测到变化...
2026-01-29 10:49:53 | DEBUG | image_detection:_calculate_background_subtraction:136 | 检测到前景 (11.269%)，暂停背景学习，避免前景被学习成背景
2026-01-29 10:49:53 | INFO | camera_monitor:_monitor_loop:300 | 摄像头 一层室内较小库房摄像头1 检测到变化...
2026-01-29 10:49:54 | INFO | input_shaper:_log_stats_periodically:217 | [一层室外大件物品区摄像头1] InputShaper 统计 - 拉取: 750帧, 输出: 59帧, 丢弃: 0帧, 溢出: 0次, 空读: 0次, 重复: 0次, 缓冲区: 5/30
2026-01-29 10:49:54 | DEBUG | image_detection:_calculate_background_subtraction:136 | 检测到前景 (20.799%)，暂停背景学习，避免前景被学习成背景
2026-01-29 10:49:54 | INFO | camera_monitor:_monitor_loop:300 | 摄像头 一层恒温大件物品区摄像头1 检测到变化...
2026-01-29 10:49:54 | DEBUG | image_detection:_calculate_background_subtraction:136 | 检测到前景 (14.662%)，暂停背景学习，避免前景被学习成背景
2026-01-29 10:49:54 | INFO | camera_monitor:_monitor_loop:300 | 摄像头 一层贵重物品区摄像头1 检测到变化...
2026-01-29 10:49:54 | DEBUG | image_detection:_calculate_background_subtraction:136 | 检测到前景 (11.522%)，暂停背景学习，避免前景被学习成背景
2026-01-29 10:49:54 | INFO | camera_monitor:_monitor_loop:300 | 摄像头 一层室外大件物品区摄像头1 检测到变化...
2026-01-29 10:49:54 | DEBUG | image_detection:_calculate_background_subtraction:136 | 检测到前景 (11.485%)，暂停背景学习，避免前景被学习成背景
2026-01-29 10:49:54 | INFO | camera_monitor:_monitor_loop:300 | 摄像头 一层室内较小库房摄像头1 检测到变化...
2026-01-29 10:49:55 | DEBUG | image_detection:_calculate_background_subtraction:136 | 检测到前景 (21.509%)，暂停背景学习，避免前景被学习成背景
2026-01-29 10:49:55 | INFO | input_shaper:_log_stats_periodically:217 | [一层恒温大件物品区摄像头1] InputShaper 统计 - 拉取: 750帧, 输出: 59帧, 丢弃: 0帧, 溢出: 0次, 空读: 0次, 重复: 0次, 缓冲区: 1/30
2026-01-29 10:49:55 | INFO | camera_monitor:_monitor_loop:300 | 摄像头 一层恒温大件物品区摄像头1 检测到变化...
2026-01-29 10:49:55 | DEBUG | image_detection:_calculate_background_subtraction:136 | 检测到前景 (8.434%)，暂停背景学习，避免前景被学习成背景
2026-01-29 10:49:55 | INFO | camera_monitor:_monitor_loop:300 | 摄像头 一层贵重物品区摄像头1 检测到变化...
2026-01-29 10:49:55 | ERROR | camera_monitor:_connect_rtsp:498 | RTSP连接失败
2026-01-29 10:49:55 | DEBUG | image_detection:_calculate_background_subtraction:136 | 检测到前景 (11.514%)，暂停背景学习，避免前景被学习成背景
2026-01-29 10:49:55 | INFO | camera_monitor:_monitor_loop:300 | 摄像头 一层室外大件物品区摄像头1 检测到变化...
2026-01-29 10:49:55 | DEBUG | image_detection:_calculate_background_subtraction:136 | 检测到前景 (11.389%)，暂停背景学习，避免前景被学习成背景
2026-01-29 10:49:55 | INFO | camera_monitor:_monitor_loop:300 | 摄像头 一层室内较小库房摄像头1 检测到变化...
2026-01-29 10:49:56 | DEBUG | image_detection:_calculate_background_subtraction:136 | 检测到前景 (22.571%)，暂停背景学习，避免前景被学习成背景
2026-01-29 10:49:56 | INFO | camera_monitor:_monitor_loop:300 | 摄像头 一层恒温大件物品区摄像头1 检测到变化...
2026-01-29 10:49:56 | DEBUG | image_detection:_calculate_background_subtraction:136 | 检测到前景 (6.889%)，暂停背景学习，避免前景被学习成背景
2026-01-29 10:49:56 | INFO | camera_monitor:_monitor_loop:300 | 摄像头 一层贵重物品区摄像头1 检测到变化...
2026-01-29 10:49:56 | INFO | camera_monitor:_worker_process:202 | 后台工作线程已停止 - 摄像头: 一层贵重物品区摄像头1
2026-01-29 10:49:56 | DEBUG | image_detection:_calculate_background_subtraction:136 | 检测到前景 (10.355%)，暂停背景学习，避免前景被学习成背景
2026-01-29 10:49:56 | INFO | camera_monitor:_monitor_loop:300 | 摄像头 一层室外大件物品区摄像头1 检测到变化...
2026-01-29 10:49:56 | DEBUG | image_detection:_calculate_background_subtraction:136 | 检测到前景 (12.333%)，暂停背景学习，避免前景被学习成背景
2026-01-29 10:49:56 | INFO | camera_monitor:_monitor_loop:300 | 摄像头 一层室内较小库房摄像头1 检测到变化...
2026-01-29 10:49:57 | DEBUG | image_detection:_calculate_background_subtraction:136 | 检测到前景 (22.992%)，暂停背景学习，避免前景被学习成背景
2026-01-29 10:49:57 | INFO | camera_monitor:_monitor_loop:300 | 摄像头 一层恒温大件物品区摄像头1 检测到变化...
2026-01-29 10:49:57 | DEBUG | image_detection:_calculate_background_subtraction:136 | 检测到前景 (6.148%)，暂停背景学习，避免前景被学习成背景
2026-01-29 10:49:57 | INFO | camera_monitor:_monitor_loop:300 | 摄像头 一层贵重物品区摄像头1 检测到变化...
2026-01-29 10:49:57 | DEBUG | image_detection:_calculate_background_subtraction:136 | 检测到前景 (12.007%)，暂停背景学习，避免前景被学习成背景
2026-01-29 10:49:57 | INFO | camera_monitor:_monitor_loop:300 | 摄像头 一层室外大件物品区摄像头1 检测到变化...
2026-01-29 10:49:57 | DEBUG | image_detection:_calculate_background_subtraction:136 | 检测到前景 (12.220%)，暂停背景学习，避免前景被学习成背景
2026-01-29 10:49:57 | INFO | camera_monitor:_monitor_loop:300 | 摄像头 一层室内较小库房摄像头1 检测到变化...
2026-01-29 10:49:58 | DEBUG | image_detection:_calculate_background_subtraction:136 | 检测到前景 (23.693%)，暂停背景学习，避免前景被学习成背景
2026-01-29 10:49:58 | INFO | camera_monitor:_monitor_loop:300 | 摄像头 一层恒温大件物品区摄像头1 检测到变化...
2026-01-29 10:49:58 | DEBUG | image_detection:_calculate_background_subtraction:136 | 检测到前景 (7.068%)，暂停背景学习，避免前景被学习成背景
2026-01-29 10:49:58 | INFO | camera_monitor:_monitor_loop:300 | 摄像头 一层贵重物品区摄像头1 检测到变化...
2026-01-29 10:49:58 | DEBUG | image_detection:_calculate_background_subtraction:136 | 检测到前景 (10.849%)，暂停背景学习，避免前景被学习成背景
2026-01-29 10:49:58 | INFO | camera_monitor:_monitor_loop:300 | 摄像头 一层室外大件物品区摄像头1 检测到变化...
2026-01-29 10:49:58 | WARNING | __main__:restart_monitor:219 | 摄像头 4 (一层贵重物品区摄像头1) 监测已停止，尝试重启 (1/10)
2026-01-29 10:49:58 | INFO | camera_monitor:stop:150 | 停止监测摄像头: 一层贵重物品区摄像头1 (ID: 4)
2026-01-29 10:49:58 | INFO | camera_monitor:__init__:43 | 摄像头 一层贵重物品区摄像头1 (ID: 4) RTSP URL: rtsp://admin:khjy%40321@192.168.100.110:554/cam/realmonitor?channel=1&subtype=1
2026-01-29 10:49:58 | INFO | image_detection:__init__:32 | 初始化背景建模检测器
2026-01-29 10:49:58 | INFO | image_storage:__init__:37 | 图片保存目录: D:\appdata\uploadPath\caseapp
2026-01-29 10:49:58 | INFO | camera_monitor:__init__:58 | 摄像头 一层贵重物品区摄像头1 将创建独立YOLO实例
2026-01-29 10:49:58 | INFO | camera_monitor:_worker_process:156 | 后台工作线程开始运行 - 摄像头: 一层贵重物品区摄像头1
2026-01-29 10:49:58 | INFO | camera_monitor:start:118 | 后台工作线程已启动: 一层贵重物品区摄像头1 (ID: 4)
2026-01-29 10:49:58 | INFO | camera_monitor:_connect_rtsp:447 | 正在连接RTSP流: rtsp://admin:khjy%40321@192.168.100.110:554/cam/realmonitor?channel=1&subtype=1
2026-01-29 10:49:58 | INFO | camera_monitor:start:127 | 开始监测摄像头: 一层贵重物品区摄像头1 (ID: 4)
2026-01-29 10:49:58 | INFO | __main__:restart_monitor:244 | 摄像头 4 (一层贵重物品区摄像头1) 重启成功
2026-01-29 10:49:58 | DEBUG | image_detection:_calculate_background_subtraction:136 | 检测到前景 (12.719%)，暂停背景学习，避免前景被学习成背景
2026-01-29 10:49:58 | INFO | camera_monitor:_monitor_loop:300 | 摄像头 一层室内较小库房摄像头1 检测到变化...
2026-01-29 10:49:59 | DEBUG | image_detection:_calculate_background_subtraction:136 | 检测到前景 (24.392%)，暂停背景学习，避免前景被学习成背景
2026-01-29 10:49:59 | INFO | camera_monitor:_monitor_loop:300 | 摄像头 一层恒温大件物品区摄像头1 检测到变化...
2026-01-29 10:49:59 | DEBUG | image_detection:_calculate_background_subtraction:136 | 检测到前景 (6.090%)，暂停背景学习，避免前景被学习成背景
2026-01-29 10:49:59 | INFO | camera_monitor:_monitor_loop:300 | 摄像头 一层贵重物品区摄像头1 检测到变化...
2026-01-29 10:49:59 | DEBUG | image_detection:_calculate_background_subtraction:136 | 检测到前景 (12.197%)，暂停背景学习，避免前景被学习成背景
2026-01-29 10:49:59 | INFO | camera_monitor:_monitor_loop:300 | 摄像头 一层室外大件物品区摄像头1 检测到变化...
2026-01-29 10:49:59 | DEBUG | image_detection:_calculate_background_subtraction:136 | 检测到前景 (13.867%)，暂停背景学习，避免前景被学习成背景
2026-01-29 10:49:59 | INFO | camera_monitor:_monitor_loop:300 | 摄像头 一层室内较小库房摄像头1 检测到变化...
2026-01-29 10:50:00 | DEBUG | image_detection:_calculate_background_subtraction:136 | 检测到前景 (25.052%)，暂停背景学习，避免前景被学习成背景
2026-01-29 10:50:00 | INFO | camera_monitor:_monitor_loop:300 | 摄像头 一层恒温大件物品区摄像头1 检测到变化...
2026-01-29 10:50:00 | DEBUG | image_detection:_calculate_background_subtraction:136 | 检测到前景 (7.029%)，暂停背景学习，避免前景被学习成背景
2026-01-29 10:50:00 | INFO | camera_monitor:_monitor_loop:300 | 摄像头 一层贵重物品区摄像头1 检测到变化...
2026-01-29 10:50:00 | DEBUG | image_detection:_calculate_background_subtraction:136 | 检测到前景 (11.168%)，暂停背景学习，避免前景被学习成背景
2026-01-29 10:50:00 | INFO | camera_monitor:_monitor_loop:300 | 摄像头 一层室外大件物品区摄像头1 检测到变化...
2026-01-29 10:50:00 | DEBUG | image_detection:_calculate_background_subtraction:136 | 检测到前景 (14.030%)，暂停背景学习，避免前景被学习成背景
2026-01-29 10:50:00 | DEBUG | image_detection:_filter_small_areas:213 | 过滤了小区域，过滤面积: 24933.0像素 (1.202%)，保留区域数: 14
2026-01-29 10:50:00 | INFO | camera_monitor:_monitor_loop:300 | 摄像头 一层室内较小库房摄像头1 检测到变化...
2026-01-29 10:50:01 | DEBUG | image_detection:_calculate_background_subtraction:136 | 检测到前景 (26.298%)，暂停背景学习，避免前景被学习成背景
2026-01-29 10:50:01 | INFO | camera_monitor:_monitor_loop:300 | 摄像头 一层恒温大件物品区摄像头1 检测到变化...
2026-01-29 10:50:01 | DEBUG | image_detection:_calculate_background_subtraction:136 | 检测到前景 (6.496%)，暂停背景学习，避免前景被学习成背景
2026-01-29 10:50:01 | INFO | camera_monitor:_monitor_loop:300 | 摄像头 一层贵重物品区摄像头1 检测到变化...
2026-01-29 10:50:01 | DEBUG | image_detection:_calculate_background_subtraction:136 | 检测到前景 (12.609%)，暂停背景学习，避免前景被学习成背景
2026-01-29 10:50:01 | INFO | camera_monitor:_monitor_loop:300 | 摄像头 一层室外大件物品区摄像头1 检测到变化...
2026-01-29 10:50:01 | DEBUG | image_detection:_calculate_background_subtraction:136 | 检测到前景 (15.847%)，暂停背景学习，避免前景被学习成背景
2026-01-29 10:50:01 | INFO | camera_monitor:_monitor_loop:300 | 摄像头 一层室内较小库房摄像头1 检测到变化...
2026-01-29 10:50:02 | DEBUG | image_detection:_calculate_background_subtraction:136 | 检测到前景 (26.668%)，暂停背景学习，避免前景被学习成背景
2026-01-29 10:50:02 | INFO | camera_monitor:_monitor_loop:300 | 摄像头 一层恒温大件物品区摄像头1 检测到变化...
2026-01-29 10:50:02 | DEBUG | image_detection:_calculate_background_subtraction:136 | 检测到前景 (10.941%)，暂停背景学习，避免前景被学习成背景
2026-01-29 10:50:02 | INFO | camera_monitor:_monitor_loop:300 | 摄像头 一层贵重物品区摄像头1 检测到变化...
2026-01-29 10:50:02 | DEBUG | image_detection:_calculate_background_subtraction:136 | 检测到前景 (11.884%)，暂停背景学习，避免前景被学习成背景
2026-01-29 10:50:02 | INFO | camera_monitor:_monitor_loop:300 | 摄像头 一层室外大件物品区摄像头1 检测到变化...
2026-01-29 10:50:02 | DEBUG | image_detection:_calculate_background_subtraction:136 | 检测到前景 (14.773%)，暂停背景学习，避免前景被学习成背景
2026-01-29 10:50:02 | INFO | camera_monitor:_monitor_loop:300 | 摄像头 一层室内较小库房摄像头1 检测到变化...
2026-01-29 10:50:03 | DEBUG | image_detection:_calculate_background_subtraction:136 | 检测到前景 (26.758%)，暂停背景学习，避免前景被学习成背景
2026-01-29 10:50:03 | INFO | camera_monitor:_monitor_loop:300 | 摄像头 一层恒温大件物品区摄像头1 检测到变化...
2026-01-29 10:50:03 | DEBUG | image_detection:_calculate_background_subtraction:136 | 检测到前景 (8.789%)，暂停背景学习，避免前景被学习成背景
2026-01-29 10:50:03 | INFO | camera_monitor:_monitor_loop:300 | 摄像头 一层贵重物品区摄像头1 检测到变化...
2026-01-29 10:50:03 | DEBUG | image_detection:_calculate_background_subtraction:136 | 检测到前景 (13.159%)，暂停背景学习，避免前景被学习成背景
2026-01-29 10:50:03 | INFO | camera_monitor:_monitor_loop:300 | 摄像头 一层室外大件物品区摄像头1 检测到变化...
2026-01-29 10:50:03 | DEBUG | image_detection:_calculate_background_subtraction:136 | 检测到前景 (15.515%)，暂停背景学习，避免前景被学习成背景
2026-01-29 10:50:03 | INFO | camera_monitor:_monitor_loop:300 | 摄像头 一层室内较小库房摄像头1 检测到变化...
2026-01-29 10:50:04 | DEBUG | image_detection:_calculate_background_subtraction:136 | 检测到前景 (27.654%)，暂停背景学习，避免前景被学习成背景
2026-01-29 10:50:04 | INFO | camera_monitor:_monitor_loop:300 | 摄像头 一层恒温大件物品区摄像头1 检测到变化...
2026-01-29 10:50:04 | DEBUG | image_detection:_calculate_background_subtraction:136 | 检测到前景 (75.309%)，暂停背景学习，避免前景被学习成背景
2026-01-29 10:50:04 | INFO | camera_monitor:_monitor_loop:300 | 摄像头 一层贵重物品区摄像头1 检测到变化...
2026-01-29 10:50:04 | DEBUG | image_detection:_calculate_background_subtraction:136 | 检测到前景 (12.871%)，暂停背景学习，避免前景被学习成背景
2026-01-29 10:50:04 | INFO | camera_monitor:_monitor_loop:300 | 摄像头 一层室外大件物品区摄像头1 检测到变化...
2026-01-29 10:50:04 | DEBUG | image_detection:_calculate_background_subtraction:136 | 检测到前景 (16.074%)，暂停背景学习，避免前景被学习成背景
2026-01-29 10:50:04 | INFO | camera_monitor:_monitor_loop:300 | 摄像头 一层室内较小库房摄像头1 检测到变化...
2026-01-29 10:50:05 | DEBUG | image_detection:_calculate_background_subtraction:136 | 检测到前景 (27.846%)，暂停背景学习，避免前景被学习成背景
2026-01-29 10:50:05 | INFO | camera_monitor:_monitor_loop:300 | 摄像头 一层恒温大件物品区摄像头1 检测到变化...
2026-01-29 10:50:05 | DEBUG | image_detection:_calculate_background_subtraction:136 | 检测到前景 (79.896%)，暂停背景学习，避免前景被学习成背景
2026-01-29 10:50:05 | INFO | camera_monitor:_monitor_loop:300 | 摄像头 一层贵重物品区摄像头1 检测到变化...
2026-01-29 10:50:05 | DEBUG | image_detection:_calculate_background_subtraction:136 | 检测到前景 (13.889%)，暂停背景学习，避免前景被学习成背景
2026-01-29 10:50:05 | INFO | camera_monitor:_monitor_loop:300 | 摄像头 一层室外大件物品区摄像头1 检测到变化...
2026-01-29 10:50:05 | DEBUG | image_detection:_calculate_background_subtraction:136 | 检测到前景 (16.725%)，暂停背景学习，避免前景被学习成背景
2026-01-29 10:50:05 | INFO | camera_monitor:_monitor_loop:300 | 摄像头 一层室内较小库房摄像头1 检测到变化...
2026-01-29 10:50:06 | DEBUG | image_detection:_calculate_background_subtraction:136 | 检测到前景 (28.381%)，暂停背景学习，避免前景被学习成背景
2026-01-29 10:50:06 | DEBUG | image_detection:_filter_small_areas:213 | 过滤了小区域，过滤面积: 52276.0像素 (2.521%)，保留区域数: 13
2026-01-29 10:50:06 | INFO | camera_monitor:_monitor_loop:300 | 摄像头 一层恒温大件物品区摄像头1 检测到变化...
2026-01-29 10:50:06 | DEBUG | image_detection:_calculate_background_subtraction:136 | 检测到前景 (51.845%)，暂停背景学习，避免前景被学习成背景
2026-01-29 10:50:06 | INFO | camera_monitor:_monitor_loop:300 | 摄像头 一层贵重物品区摄像头1 检测到变化...
2026-01-29 10:50:06 | DEBUG | image_detection:_calculate_background_subtraction:136 | 检测到前景 (13.194%)，暂停背景学习，避免前景被学习成背景
2026-01-29 10:50:06 | INFO | camera_monitor:_monitor_loop:300 | 摄像头 一层室外大件物品区摄像头1 检测到变化...
2026-01-29 10:50:06 | DEBUG | image_detection:_calculate_background_subtraction:136 | 检测到前景 (16.302%)，暂停背景学习，避免前景被学习成背景
2026-01-29 10:50:06 | INFO | camera_monitor:_monitor_loop:300 | 摄像头 一层室内较小库房摄像头1 检测到变化...
2026-01-29 10:50:07 | DEBUG | image_detection:_calculate_background_subtraction:136 | 检测到前景 (28.948%)，暂停背景学习，避免前景被学习成背景
2026-01-29 10:50:07 | INFO | camera_monitor:_monitor_loop:300 | 摄像头 一层恒温大件物品区摄像头1 检测到变化...
2026-01-29 10:50:07 | DEBUG | image_detection:_calculate_background_subtraction:136 | 检测到前景 (21.722%)，暂停背景学习，避免前景被学习成背景
2026-01-29 10:50:07 | INFO | camera_monitor:_monitor_loop:300 | 摄像头 一层贵重物品区摄像头1 检测到变化...
2026-01-29 10:50:07 | DEBUG | image_detection:_calculate_background_subtraction:136 | 检测到前景 (13.966%)，暂停背景学习，避免前景被学习成背景
2026-01-29 10:50:07 | INFO | camera_monitor:_monitor_loop:300 | 摄像头 一层室外大件物品区摄像头1 检测到变化...
2026-01-29 10:50:07 | DEBUG | image_detection:_calculate_background_subtraction:136 | 检测到前景 (16.842%)，暂停背景学习，避免前景被学习成背景
2026-01-29 10:50:07 | INFO | camera_monitor:_monitor_loop:300 | 摄像头 一层室内较小库房摄像头1 检测到变化...
2026-01-29 10:50:08 | DEBUG | image_detection:_calculate_background_subtraction:136 | 检测到前景 (29.590%)，暂停背景学习，避免前景被学习成背景
2026-01-29 10:50:08 | INFO | camera_monitor:_monitor_loop:300 | 摄像头 一层恒温大件物品区摄像头1 检测到变化...
2026-01-29 10:50:08 | DEBUG | image_detection:_calculate_background_subtraction:136 | 检测到前景 (24.000%)，暂停背景学习，避免前景被学习成背景
2026-01-29 10:50:08 | INFO | camera_monitor:_monitor_loop:300 | 摄像头 一层贵重物品区摄像头1 检测到变化...
2026-01-29 10:50:08 | DEBUG | image_detection:_calculate_background_subtraction:136 | 检测到前景 (13.480%)，暂停背景学习，避免前景被学习成背景
2026-01-29 10:50:08 | INFO | camera_monitor:_monitor_loop:300 | 摄像头 一层室外大件物品区摄像头1 检测到变化...
2026-01-29 10:50:08 | DEBUG | image_detection:_calculate_background_subtraction:136 | 检测到前景 (17.537%)，暂停背景学习，避免前景被学习成背景
2026-01-29 10:50:08 | INFO | camera_monitor:_monitor_loop:300 | 摄像头 一层室内较小库房摄像头1 检测到变化...
2026-01-29 10:50:09 | DEBUG | image_detection:_calculate_background_subtraction:136 | 检测到前景 (30.836%)，暂停背景学习，避免前景被学习成背景
2026-01-29 10:50:09 | DEBUG | image_detection:_filter_small_areas:213 | 过滤了小区域，过滤面积: 58920.0像素 (2.841%)，保留区域数: 10
2026-01-29 10:50:09 | INFO | camera_monitor:_monitor_loop:300 | 摄像头 一层恒温大件物品区摄像头1 检测到变化...
2026-01-29 10:50:09 | DEBUG | image_detection:_calculate_background_subtraction:136 | 检测到前景 (17.593%)，暂停背景学习，避免前景被学习成背景
2026-01-29 10:50:09 | INFO | camera_monitor:_monitor_loop:300 | 摄像头 一层贵重物品区摄像头1 检测到变化...
2026-01-29 10:50:09 | DEBUG | image_detection:_calculate_background_subtraction:136 | 检测到前景 (14.471%)，暂停背景学习，避免前景被学习成背景
2026-01-29 10:50:09 | DEBUG | image_detection:_filter_small_areas:213 | 过滤了小区域，过滤面积: 22425.0像素 (1.081%)，保留区域数: 18
2026-01-29 10:50:09 | INFO | camera_monitor:_monitor_loop:300 | 摄像头 一层室外大件物品区摄像头1 检测到变化...
2026-01-29 10:50:09 | DEBUG | image_detection:_calculate_background_subtraction:136 | 检测到前景 (14.448%)，暂停背景学习，避免前景被学习成背景
2026-01-29 10:50:09 | INFO | camera_monitor:_monitor_loop:300 | 摄像头 一层室内较小库房摄像头1 检测到变化...
2026-01-29 10:50:10 | DEBUG | image_detection:_calculate_background_subtraction:136 | 检测到前景 (32.279%)，暂停背景学习，避免前景被学习成背景
2026-01-29 10:50:10 | INFO | camera_monitor:_monitor_loop:300 | 摄像头 一层恒温大件物品区摄像头1 检测到变化...
2026-01-29 10:50:10 | DEBUG | image_detection:_calculate_background_subtraction:136 | 检测到前景 (18.355%)，暂停背景学习，避免前景被学习成背景
2026-01-29 10:50:10 | INFO | camera_monitor:_monitor_loop:300 | 摄像头 一层贵重物品区摄像头1 检测到变化...
2026-01-29 10:50:10 | DEBUG | image_detection:_calculate_background_subtraction:136 | 检测到前景 (14.401%)，暂停背景学习，避免前景被学习成背景
2026-01-29 10:50:10 | INFO | camera_monitor:_monitor_loop:300 | 摄像头 一层室外大件物品区摄像头1 检测到变化...
2026-01-29 10:50:10 | DEBUG | image_detection:_calculate_background_subtraction:136 | 检测到前景 (16.850%)，暂停背景学习，避免前景被学习成背景
2026-01-29 10:50:10 | INFO | camera_monitor:_monitor_loop:300 | 摄像头 一层室内较小库房摄像头1 检测到变化...
2026-01-29 10:50:11 | DEBUG | image_detection:_calculate_background_subtraction:136 | 检测到前景 (32.662%)，暂停背景学习，避免前景被学习成背景
2026-01-29 10:50:11 | INFO | camera_monitor:_monitor_loop:300 | 摄像头 一层恒温大件物品区摄像头1 检测到变化...
2026-01-29 10:50:11 | DEBUG | image_detection:_calculate_background_subtraction:136 | 检测到前景 (17.593%)，暂停背景学习，避免前景被学习成背景
2026-01-29 10:50:11 | INFO | camera_monitor:_monitor_loop:300 | 摄像头 一层贵重物品区摄像头1 检测到变化...
2026-01-29 10:50:11 | DEBUG | image_detection:_calculate_background_subtraction:136 | 检测到前景 (14.951%)，暂停背景学习，避免前景被学习成背景
2026-01-29 10:50:11 | INFO | camera_monitor:_monitor_loop:300 | 摄像头 一层室外大件物品区摄像头1 检测到变化...
2026-01-29 10:50:11 | DEBUG | image_detection:_calculate_background_subtraction:136 | 检测到前景 (16.448%)，暂停背景学习，避免前景被学习成背景
2026-01-29 10:50:11 | INFO | camera_monitor:_monitor_loop:300 | 摄像头 一层室内较小库房摄像头1 检测到变化...
2026-01-29 10:50:12 | DEBUG | image_detection:_calculate_background_subtraction:136 | 检测到前景 (80.392%)，暂停背景学习，避免前景被学习成背景
2026-01-29 10:50:12 | INFO | camera_monitor:_monitor_loop:300 | 摄像头 一层恒温大件物品区摄像头1 检测到变化...
2026-01-29 10:50:12 | DEBUG | image_detection:_calculate_background_subtraction:136 | 检测到前景 (18.110%)，暂停背景学习，避免前景被学习成背景
2026-01-29 10:50:12 | INFO | camera_monitor:_monitor_loop:300 | 摄像头 一层贵重物品区摄像头1 检测到变化...
2026-01-29 10:50:12 | DEBUG | image_detection:_calculate_background_subtraction:136 | 检测到前景 (14.699%)，暂停背景学习，避免前景被学习成背景
2026-01-29 10:50:12 | INFO | camera_monitor:_monitor_loop:300 | 摄像头 一层室外大件物品区摄像头1 检测到变化...
2026-01-29 10:50:12 | DEBUG | image_detection:_calculate_background_subtraction:136 | 检测到前景 (16.978%)，暂停背景学习，避免前景被学习成背景
2026-01-29 10:50:12 | DEBUG | image_detection:_filter_small_areas:213 | 过滤了小区域，过滤面积: 25298.5像素 (1.220%)，保留区域数: 10
2026-01-29 10:50:12 | INFO | camera_monitor:_monitor_loop:300 | 摄像头 一层室内较小库房摄像头1 检测到变化...
2026-01-29 10:50:13 | DEBUG | image_detection:_calculate_background_subtraction:136 | 检测到前景 (41.611%)，暂停背景学习，避免前景被学习成背景
2026-01-29 10:50:13 | INFO | camera_monitor:_monitor_loop:300 | 摄像头 一层恒温大件物品区摄像头1 检测到变化...
2026-01-29 10:50:13 | DEBUG | image_detection:_calculate_background_subtraction:136 | 检测到前景 (17.645%)，暂停背景学习，避免前景被学习成背景
2026-01-29 10:50:13 | INFO | camera_monitor:_monitor_loop:300 | 摄像头 一层贵重物品区摄像头1 检测到变化...
2026-01-29 10:50:13 | DEBUG | image_detection:_calculate_background_subtraction:136 | 检测到前景 (15.508%)，暂停背景学习，避免前景被学习成背景
2026-01-29 10:50:13 | INFO | camera_monitor:_monitor_loop:300 | 摄像头 一层室外大件物品区摄像头1 检测到变化...
2026-01-29 10:50:13 | DEBUG | image_detection:_calculate_background_subtraction:136 | 检测到前景 (15.769%)，暂停背景学习，避免前景被学习成背景
2026-01-29 10:50:14 | INFO | camera_monitor:_monitor_loop:300 | 摄像头 一层室内较小库房摄像头1 检测到变化...
2026-01-29 10:50:14 | DEBUG | image_detection:_calculate_background_subtraction:136 | 检测到前景 (42.271%)，暂停背景学习，避免前景被学习成背景
2026-01-29 10:50:14 | INFO | camera_monitor:_monitor_loop:300 | 摄像头 一层恒温大件物品区摄像头1 检测到变化...
2026-01-29 10:50:14 | DEBUG | image_detection:_calculate_background_subtraction:136 | 检测到前景 (18.110%)，暂停背景学习，避免前景被学习成背景
2026-01-29 10:50:14 | INFO | camera_monitor:_monitor_loop:300 | 摄像头 一层贵重物品区摄像头1 检测到变化...
2026-01-29 10:50:14 | DEBUG | image_detection:_calculate_background_subtraction:136 | 检测到前景 (14.909%)，暂停背景学习，避免前景被学习成背景
2026-01-29 10:50:14 | INFO | camera_monitor:_monitor_loop:300 | 摄像头 一层室外大件物品区摄像头1 检测到变化...
2026-01-29 10:50:14 | DEBUG | image_detection:_calculate_background_subtraction:136 | 检测到前景 (19.443%)，暂停背景学习，避免前景被学习成背景
2026-01-29 10:50:15 | INFO | camera_monitor:_monitor_loop:300 | 摄像头 一层室内较小库房摄像头1 检测到变化...
2026-01-29 10:50:15 | DEBUG | image_detection:_calculate_background_subtraction:136 | 检测到前景 (41.689%)，暂停背景学习，避免前景被学习成背景
2026-01-29 10:50:15 | INFO | camera_monitor:_monitor_loop:300 | 摄像头 一层恒温大件物品区摄像头1 检测到变化...
2026-01-29 10:50:15 | DEBUG | image_detection:_calculate_background_subtraction:136 | 检测到前景 (17.667%)，暂停背景学习，避免前景被学习成背景
2026-01-29 10:50:15 | INFO | camera_monitor:_monitor_loop:300 | 摄像头 一层贵重物品区摄像头1 检测到变化...
2026-01-29 10:50:15 | DEBUG | image_detection:_calculate_background_subtraction:136 | 检测到前景 (16.079%)，暂停背景学习，避免前景被学习成背景
2026-01-29 10:50:15 | INFO | camera_monitor:_monitor_loop:300 | 摄像头 一层室外大件物品区摄像头1 检测到变化...
2026-01-29 10:50:16 | DEBUG | image_detection:_calculate_background_subtraction:136 | 检测到前景 (18.708%)，暂停背景学习，避免前景被学习成背景
2026-01-29 10:50:16 | DEBUG | image_detection:_filter_small_areas:213 | 过滤了小区域，过滤面积: 30589.5像素 (1.475%)，保留区域数: 13
2026-01-29 10:50:16 | INFO | camera_monitor:_monitor_loop:300 | 摄像头 一层室内较小库房摄像头1 检测到变化...
2026-01-29 10:50:16 | DEBUG | image_detection:_calculate_background_subtraction:136 | 检测到前景 (42.041%)，暂停背景学习，避免前景被学习成背景
2026-01-29 10:50:16 | INFO | camera_monitor:_monitor_loop:300 | 摄像头 一层恒温大件物品区摄像头1 检测到变化...
2026-01-29 10:50:16 | DEBUG | image_detection:_calculate_background_subtraction:136 | 检测到前景 (18.078%)，暂停背景学习，避免前景被学习成背景
2026-01-29 10:50:16 | INFO | camera_monitor:_monitor_loop:300 | 摄像头 一层贵重物品区摄像头1 检测到变化...
2026-01-29 10:50:16 | DEBUG | image_detection:_calculate_background_subtraction:136 | 检测到前景 (15.906%)，暂停背景学习，避免前景被学习成背景
2026-01-29 10:50:16 | INFO | camera_monitor:_monitor_loop:300 | 摄像头 一层室外大件物品区摄像头1 检测到变化...
2026-01-29 10:50:17 | DEBUG | image_detection:_calculate_background_subtraction:136 | 检测到前景 (19.924%)，暂停背景学习，避免前景被学习成背景
2026-01-29 10:50:17 | INFO | camera_monitor:_monitor_loop:300 | 摄像头 一层室内较小库房摄像头1 检测到变化...
2026-01-29 10:50:17 | DEBUG | image_detection:_calculate_background_subtraction:136 | 检测到前景 (42.022%)，暂停背景学习，避免前景被学习成背景
2026-01-29 10:50:17 | DEBUG | image_detection:_filter_small_areas:213 | 过滤了小区域，过滤面积: 43196.0像素 (2.083%)，保留区域数: 22
2026-01-29 10:50:17 | INFO | camera_monitor:_monitor_loop:300 | 摄像头 一层恒温大件物品区摄像头1 检测到变化...
2026-01-29 10:50:17 | DEBUG | image_detection:_calculate_background_subtraction:136 | 检测到前景 (17.847%)，暂停背景学习，避免前景被学习成背景
2026-01-29 10:50:17 | INFO | camera_monitor:_monitor_loop:300 | 摄像头 一层贵重物品区摄像头1 检测到变化...
2026-01-29 10:50:17 | DEBUG | image_detection:_calculate_background_subtraction:136 | 检测到前景 (16.437%)，暂停背景学习，避免前景被学习成背景
2026-01-29 10:50:17 | INFO | camera_monitor:_monitor_loop:300 | 摄像头 一层室外大件物品区摄像头1 检测到变化...
2026-01-29 10:50:18 | DEBUG | image_detection:_calculate_background_subtraction:136 | 检测到前景 (19.420%)，暂停背景学习，避免前景被学习成背景
2026-01-29 10:50:18 | INFO | camera_monitor:_monitor_loop:300 | 摄像头 一层室内较小库房摄像头1 检测到变化...
2026-01-29 10:50:18 | DEBUG | image_detection:_calculate_background_subtraction:136 | 检测到前景 (41.829%)，暂停背景学习，避免前景被学习成背景
2026-01-29 10:50:18 | INFO | camera_monitor:_monitor_loop:300 | 摄像头 一层恒温大件物品区摄像头1 检测到变化...
2026-01-29 10:50:18 | DEBUG | image_detection:_calculate_background_subtraction:136 | 检测到前景 (18.167%)，暂停背景学习，避免前景被学习成背景
2026-01-29 10:50:18 | INFO | camera_monitor:_monitor_loop:300 | 摄像头 一层贵重物品区摄像头1 检测到变化...
2026-01-29 10:50:18 | DEBUG | image_detection:_calculate_background_subtraction:136 | 检测到前景 (16.368%)，暂停背景学习，避免前景被学习成背景
2026-01-29 10:50:18 | INFO | camera_monitor:_monitor_loop:300 | 摄像头 一层室外大件物品区摄像头1 检测到变化...
2026-01-29 10:50:19 | DEBUG | image_detection:_calculate_background_subtraction:136 | 检测到前景 (21.253%)，暂停背景学习，避免前景被学习成背景
2026-01-29 10:50:19 | INFO | camera_monitor:_monitor_loop:300 | 摄像头 一层室内较小库房摄像头1 检测到变化...
2026-01-29 10:50:19 | DEBUG | image_detection:_calculate_background_subtraction:136 | 检测到前景 (41.612%)，暂停背景学习，避免前景被学习成背景
2026-01-29 10:50:19 | INFO | camera_monitor:_monitor_loop:300 | 摄像头 一层恒温大件物品区摄像头1 检测到变化...
2026-01-29 10:50:19 | DEBUG | image_detection:_calculate_background_subtraction:136 | 检测到前景 (17.907%)，暂停背景学习，避免前景被学习成背景
2026-01-29 10:50:19 | INFO | camera_monitor:_monitor_loop:300 | 摄像头 一层贵重物品区摄像头1 检测到变化...
2026-01-29 10:50:19 | DEBUG | image_detection:_calculate_background_subtraction:136 | 检测到前景 (16.866%)，暂停背景学习，避免前景被学习成背景
2026-01-29 10:50:20 | DEBUG | image_detection:_filter_small_areas:213 | 过滤了小区域，过滤面积: 26177.5像素 (1.262%)，保留区域数: 17
2026-01-29 10:50:20 | INFO | camera_monitor:_monitor_loop:300 | 摄像头 一层室外大件物品区摄像头1 检测到变化...
2026-01-29 10:50:20 | DEBUG | image_detection:_calculate_background_subtraction:136 | 检测到前景 (20.930%)，暂停背景学习，避免前景被学习成背景
2026-01-29 10:50:20 | INFO | camera_monitor:_monitor_loop:300 | 摄像头 一层室内较小库房摄像头1 检测到变化...
2026-01-29 10:50:20 | DEBUG | image_detection:_calculate_background_subtraction:136 | 检测到前景 (41.633%)，暂停背景学习，避免前景被学习成背景
2026-01-29 10:50:20 | DEBUG | image_detection:_filter_small_areas:213 | 过滤了小区域，过滤面积: 45579.5像素 (2.198%)，保留区域数: 25
2026-01-29 10:50:20 | INFO | camera_monitor:_monitor_loop:300 | 摄像头 一层恒温大件物品区摄像头1 检测到变化...
2026-01-29 10:50:20 | DEBUG | image_detection:_calculate_background_subtraction:136 | 检测到前景 (18.364%)，暂停背景学习，避免前景被学习成背景
2026-01-29 10:50:20 | INFO | camera_monitor:_monitor_loop:300 | 摄像头 一层贵重物品区摄像头1 检测到变化...
2026-01-29 10:50:20 | DEBUG | image_detection:_calculate_background_subtraction:136 | 检测到前景 (16.774%)，暂停背景学习，避免前景被学习成背景
2026-01-29 10:50:21 | INFO | camera_monitor:_monitor_loop:300 | 摄像头 一层室外大件物品区摄像头1 检测到变化...
2026-01-29 10:50:21 | DEBUG | image_detection:_calculate_background_subtraction:136 | 检测到前景 (20.046%)，暂停背景学习，避免前景被学习成背景
2026-01-29 10:50:21 | INFO | camera_monitor:_monitor_loop:300 | 摄像头 一层室内较小库房摄像头1 检测到变化...
2026-01-29 10:50:21 | INFO | input_shaper:_log_stats_periodically:217 | [一层室内较小库房摄像头1] InputShaper 统计 - 拉取: 751帧, 输出: 59帧, 丢弃: 0帧, 溢出: 0次, 空读: 0次, 重复: 0次, 缓冲区: 10/30
2026-01-29 10:50:21 | DEBUG | image_detection:_calculate_background_subtraction:136 | 检测到前景 (41.606%)，暂停背景学习，避免前景被学习成背景
2026-01-29 10:50:21 | DEBUG | image_detection:_filter_small_areas:213 | 过滤了小区域，过滤面积: 52261.5像素 (2.520%)，保留区域数: 20
2026-01-29 10:50:21 | INFO | camera_monitor:_monitor_loop:300 | 摄像头 一层恒温大件物品区摄像头1 检测到变化...
2026-01-29 10:50:21 | DEBUG | image_detection:_calculate_background_subtraction:136 | 检测到前景 (18.147%)，暂停背景学习，避免前景被学习成背景
2026-01-29 10:50:21 | INFO | camera_monitor:_monitor_loop:300 | 摄像头 一层贵重物品区摄像头1 检测到变化...
2026-01-29 10:50:21 | DEBUG | image_detection:_calculate_background_subtraction:136 | 检测到前景 (17.276%)，暂停背景学习，避免前景被学习成背景
2026-01-29 10:50:22 | INFO | camera_monitor:_monitor_loop:300 | 摄像头 一层室外大件物品区摄像头1 检测到变化...
2026-01-29 10:50:22 | DEBUG | image_detection:_calculate_background_subtraction:136 | 检测到前景 (19.454%)，暂停背景学习，避免前景被学习成背景
2026-01-29 10:50:22 | INFO | camera_monitor:_monitor_loop:300 | 摄像头 一层室内较小库房摄像头1 检测到变化...
2026-01-29 10:50:22 | DEBUG | image_detection:_calculate_background_subtraction:136 | 检测到前景 (42.154%)，暂停背景学习，避免前景被学习成背景
2026-01-29 10:50:22 | INFO | input_shaper:_log_stats_periodically:217 | [一层贵重物品区摄像头1] InputShaper 统计 - 拉取: 750帧, 输出: 58帧, 丢弃: 0帧, 溢出: 0次, 空读: 0次, 重复: 0次, 缓冲区: 11/30
2026-01-29 10:50:22 | INFO | camera_monitor:_monitor_loop:300 | 摄像头 一层恒温大件物品区摄像头1 检测到变化...
2026-01-29 10:50:22 | DEBUG | image_detection:_calculate_background_subtraction:136 | 检测到前景 (18.661%)，暂停背景学习，避免前景被学习成背景
2026-01-29 10:50:22 | INFO | camera_monitor:_monitor_loop:300 | 摄像头 一层贵重物品区摄像头1 检测到变化...
2026-01-29 10:50:23 | DEBUG | image_detection:_calculate_background_subtraction:136 | 检测到前景 (17.142%)，暂停背景学习，避免前景被学习成背景
2026-01-29 10:50:23 | INFO | camera_monitor:_monitor_loop:300 | 摄像头 一层室外大件物品区摄像头1 检测到变化...
2026-01-29 10:50:23 | DEBUG | image_detection:_calculate_background_subtraction:136 | 检测到前景 (21.287%)，暂停背景学习，避免前景被学习成背景
2026-01-29 10:50:23 | INFO | camera_monitor:_monitor_loop:300 | 摄像头 一层室内较小库房摄像头1 检测到变化...
2026-01-29 10:50:23 | DEBUG | image_detection:_calculate_background_subtraction:136 | 检测到前景 (42.495%)，暂停背景学习，避免前景被学习成背景
2026-01-29 10:50:23 | INFO | camera_monitor:_monitor_loop:300 | 摄像头 一层恒温大件物品区摄像头1 检测到变化...
2026-01-29 10:50:23 | DEBUG | image_detection:_calculate_background_subtraction:136 | 检测到前景 (18.436%)，暂停背景学习，避免前景被学习成背景
2026-01-29 10:50:23 | INFO | camera_monitor:_monitor_loop:300 | 摄像头 一层贵重物品区摄像头1 检测到变化...
2026-01-29 10:50:24 | DEBUG | image_detection:_calculate_background_subtraction:136 | 检测到前景 (17.700%)，暂停背景学习，避免前景被学习成背景
2026-01-29 10:50:24 | INFO | input_shaper:_log_stats_periodically:217 | [一层室外大件物品区摄像头1] InputShaper 统计 - 拉取: 751帧, 输出: 59帧, 丢弃: 0帧, 溢出: 0次, 空读: 0次, 重复: 0次, 缓冲区: 2/30
2026-01-29 10:50:24 | INFO | camera_monitor:_monitor_loop:300 | 摄像头 一层室外大件物品区摄像头1 检测到变化...
2026-01-29 10:50:24 | DEBUG | image_detection:_calculate_background_subtraction:136 | 检测到前景 (21.017%)，暂停背景学习，避免前景被学习成背景
2026-01-29 10:50:24 | INFO | camera_monitor:_monitor_loop:300 | 摄像头 一层室内较小库房摄像头1 检测到变化...
2026-01-29 10:50:24 | DEBUG | image_detection:_calculate_background_subtraction:136 | 检测到前景 (42.442%)，暂停背景学习，避免前景被学习成背景
2026-01-29 10:50:24 | INFO | camera_monitor:_monitor_loop:300 | 摄像头 一层恒温大件物品区摄像头1 检测到变化...
2026-01-29 10:50:24 | DEBUG | image_detection:_calculate_background_subtraction:136 | 检测到前景 (18.719%)，暂停背景学习，避免前景被学习成背景
2026-01-29 10:50:24 | INFO | camera_monitor:_monitor_loop:300 | 摄像头 一层贵重物品区摄像头1 检测到变化...
2026-01-29 10:50:25 | DEBUG | image_detection:_calculate_background_subtraction:136 | 检测到前景 (17.511%)，暂停背景学习，避免前景被学习成背景
2026-01-29 10:50:25 | INFO | camera_monitor:_monitor_loop:300 | 摄像头 一层室外大件物品区摄像头1 检测到变化...
2026-01-29 10:50:25 | DEBUG | image_detection:_calculate_background_subtraction:136 | 检测到前景 (21.450%)，暂停背景学习，避免前景被学习成背景
2026-01-29 10:50:25 | INFO | input_shaper:_log_stats_periodically:217 | [一层恒温大件物品区摄像头1] InputShaper 统计 - 拉取: 750帧, 输出: 58帧, 丢弃: 0帧, 溢出: 0次, 空读: 0次, 重复: 0次, 缓冲区: 11/30
2026-01-29 10:50:25 | INFO | camera_monitor:_monitor_loop:300 | 摄像头 一层室内较小库房摄像头1 检测到变化...
2026-01-29 10:50:25 | ERROR | camera_monitor:_connect_rtsp:498 | RTSP连接失败
2026-01-29 10:50:25 | WARNING | camera_monitor:_monitor_loop:212 | 摄像头 一层车库区摄像头2 连接失败，5秒后重试 (尝试 1/3)
2026-01-29 10:50:25 | DEBUG | image_detection:_calculate_background_subtraction:136 | 检测到前景 (42.254%)，暂停背景学习，避免前景被学习成背景
2026-01-29 10:50:25 | INFO | camera_monitor:_monitor_loop:300 | 摄像头 一层恒温大件物品区摄像头1 检测到变化...
2026-01-29 10:50:25 | DEBUG | image_detection:_calculate_background_subtraction:136 | 检测到前景 (18.553%)，暂停背景学习，避免前景被学习成背景
2026-01-29 10:50:25 | INFO | camera_monitor:_monitor_loop:300 | 摄像头 一层贵重物品区摄像头1 检测到变化...
2026-01-29 10:50:26 | DEBUG | image_detection:_calculate_background_subtraction:136 | 检测到前景 (17.998%)，暂停背景学习，避免前景被学习成背景
2026-01-29 10:50:26 | INFO | camera_monitor:_monitor_loop:300 | 摄像头 一层室外大件物品区摄像头1 检测到变化...
2026-01-29 10:50:26 | DEBUG | image_detection:_calculate_background_subtraction:136 | 检测到前景 (21.170%)，暂停背景学习，避免前景被学习成背景
2026-01-29 10:50:26 | INFO | camera_monitor:_monitor_loop:300 | 摄像头 一层室内较小库房摄像头1 检测到变化...
2026-01-29 10:50:26 | DEBUG | image_detection:_calculate_background_subtraction:136 | 检测到前景 (41.911%)，暂停背景学习，避免前景被学习成背景
2026-01-29 10:50:26 | INFO | camera_monitor:_monitor_loop:300 | 摄像头 一层恒温大件物品区摄像头1 检测到变化...
2026-01-29 10:50:26 | DEBUG | image_detection:_calculate_background_subtraction:136 | 检测到前景 (18.718%)，暂停背景学习，避免前景被学习成背景
2026-01-29 10:50:26 | INFO | camera_monitor:_monitor_loop:300 | 摄像头 一层贵重物品区摄像头1 检测到变化...
2026-01-29 10:50:27 | DEBUG | image_detection:_calculate_background_subtraction:136 | 检测到前景 (17.891%)，暂停背景学习，避免前景被学习成背景
2026-01-29 10:50:27 | INFO | camera_monitor:_monitor_loop:300 | 摄像头 一层室外大件物品区摄像头1 检测到变化...
2026-01-29 10:50:27 | DEBUG | image_detection:_calculate_background_subtraction:136 | 检测到前景 (21.883%)，暂停背景学习，避免前景被学习成背景
2026-01-29 10:50:27 | INFO | camera_monitor:_monitor_loop:300 | 摄像头 一层室内较小库房摄像头1 检测到变化...
2026-01-29 10:50:27 | DEBUG | image_detection:_calculate_background_subtraction:136 | 检测到前景 (42.589%)，暂停背景学习，避免前景被学习成背景
2026-01-29 10:50:27 | DEBUG | image_detection:_filter_small_areas:213 | 过滤了小区域，过滤面积: 47990.5像素 (2.314%)，保留区域数: 20
2026-01-29 10:50:27 | INFO | camera_monitor:_monitor_loop:300 | 摄像头 一层恒温大件物品区摄像头1 检测到变化...
2026-01-29 10:50:27 | DEBUG | image_detection:_calculate_background_subtraction:136 | 检测到前景 (18.349%)，暂停背景学习，避免前景被学习成背景
2026-01-29 10:50:27 | INFO | camera_monitor:_monitor_loop:300 | 摄像头 一层贵重物品区摄像头1 检测到变化...
2026-01-29 10:50:28 | DEBUG | image_detection:_calculate_background_subtraction:136 | 检测到前景 (18.158%)，暂停背景学习，避免前景被学习成背景
2026-01-29 10:50:28 | INFO | camera_monitor:_monitor_loop:300 | 摄像头 一层室外大件物品区摄像头1 检测到变化...
2026-01-29 10:50:28 | DEBUG | image_detection:_calculate_background_subtraction:136 | 检测到前景 (21.616%)，暂停背景学习，避免前景被学习成背景
2026-01-29 10:50:28 | INFO | camera_monitor:_monitor_loop:300 | 摄像头 一层室内较小库房摄像头1 检测到变化...
2026-01-29 10:50:28 | DEBUG | image_detection:_calculate_background_subtraction:136 | 检测到前景 (42.337%)，暂停背景学习，避免前景被学习成背景
2026-01-29 10:50:28 | INFO | camera_monitor:_monitor_loop:300 | 摄像头 一层恒温大件物品区摄像头1 检测到变化...
2026-01-29 10:50:29 | DEBUG | image_detection:_calculate_background_subtraction:136 | 检测到前景 (18.816%)，暂停背景学习，避免前景被学习成背景
2026-01-29 10:50:29 | INFO | camera_monitor:_monitor_loop:300 | 摄像头 一层贵重物品区摄像头1 检测到变化...
2026-01-29 10:50:29 | DEBUG | image_detection:_calculate_background_subtraction:136 | 检测到前景 (18.397%)，暂停背景学习，避免前景被学习成背景
2026-01-29 10:50:29 | INFO | camera_monitor:_monitor_loop:300 | 摄像头 一层室外大件物品区摄像头1 检测到变化...
2026-01-29 10:50:29 | DEBUG | image_detection:_calculate_background_subtraction:136 | 检测到前景 (22.470%)，暂停背景学习，避免前景被学习成背景
2026-01-29 10:50:29 | INFO | camera_monitor:_monitor_loop:300 | 摄像头 一层室内较小库房摄像头1 检测到变化...
2026-01-29 10:50:29 | DEBUG | image_detection:_calculate_background_subtraction:136 | 检测到前景 (42.474%)，暂停背景学习，避免前景被学习成背景
2026-01-29 10:50:29 | INFO | camera_monitor:_monitor_loop:300 | 摄像头 一层恒温大件物品区摄像头1 检测到变化...
2026-01-29 10:50:30 | DEBUG | image_detection:_calculate_background_subtraction:136 | 检测到前景 (18.590%)，暂停背景学习，避免前景被学习成背景
2026-01-29 10:50:30 | INFO | camera_monitor:_monitor_loop:300 | 摄像头 一层贵重物品区摄像头1 检测到变化...
2026-01-29 10:50:30 | DEBUG | image_detection:_calculate_background_subtraction:136 | 检测到前景 (18.743%)，暂停背景学习，避免前景被学习成背景
2026-01-29 10:50:30 | INFO | camera_monitor:_monitor_loop:300 | 摄像头 一层室外大件物品区摄像头1 检测到变化...
2026-01-29 10:50:30 | DEBUG | image_detection:_calculate_background_subtraction:136 | 检测到前景 (22.379%)，暂停背景学习，避免前景被学习成背景
2026-01-29 10:50:30 | INFO | camera_monitor:_monitor_loop:300 | 摄像头 一层室内较小库房摄像头1 检测到变化...
2026-01-29 10:50:30 | INFO | camera_monitor:_connect_rtsp:447 | 正在连接RTSP流: rtsp://admin:khjy%40123@192.168.100.109:554/cam/realmonitor?channel=1&subtype=1
2026-01-29 10:50:30 | DEBUG | image_detection:_calculate_background_subtraction:136 | 检测到前景 (42.282%)，暂停背景学习，避免前景被学习成背景
2026-01-29 10:50:30 | INFO | camera_monitor:_monitor_loop:300 | 摄像头 一层恒温大件物品区摄像头1 检测到变化...
2026-01-29 10:50:31 | DEBUG | image_detection:_calculate_background_subtraction:136 | 检测到前景 (19.015%)，暂停背景学习，避免前景被学习成背景
2026-01-29 10:50:31 | INFO | camera_monitor:_monitor_loop:300 | 摄像头 一层贵重物品区摄像头1 检测到变化...
2026-01-29 10:50:31 | DEBUG | image_detection:_calculate_background_subtraction:136 | 检测到前景 (18.604%)，暂停背景学习，避免前景被学习成背景
2026-01-29 10:50:31 | INFO | camera_monitor:_monitor_loop:300 | 摄像头 一层室外大件物品区摄像头1 检测到变化...
2026-01-29 10:50:31 | DEBUG | image_detection:_calculate_background_subtraction:136 | 检测到前景 (23.083%)，暂停背景学习，避免前景被学习成背景
2026-01-29 10:50:31 | INFO | camera_monitor:_monitor_loop:300 | 摄像头 一层室内较小库房摄像头1 检测到变化...
2026-01-29 10:50:31 | DEBUG | image_detection:_calculate_background_subtraction:136 | 检测到前景 (42.212%)，暂停背景学习，避免前景被学习成背景
2026-01-29 10:50:31 | DEBUG | image_detection:_filter_small_areas:213 | 过滤了小区域，过滤面积: 41631.0像素 (2.008%)，保留区域数: 13
2026-01-29 10:50:31 | INFO | camera_monitor:_monitor_loop:300 | 摄像头 一层恒温大件物品区摄像头1 检测到变化...
2026-01-29 10:50:32 | DEBUG | image_detection:_calculate_background_subtraction:136 | 检测到前景 (18.750%)，暂停背景学习，避免前景被学习成背景
2026-01-29 10:50:32 | INFO | camera_monitor:_monitor_loop:300 | 摄像头 一层贵重物品区摄像头1 检测到变化...
2026-01-29 10:50:32 | DEBUG | image_detection:_calculate_background_subtraction:136 | 检测到前景 (18.784%)，暂停背景学习，避免前景被学习成背景
2026-01-29 10:50:32 | INFO | camera_monitor:_monitor_loop:300 | 摄像头 一层室外大件物品区摄像头1 检测到变化...
2026-01-29 10:50:32 | DEBUG | image_detection:_calculate_background_subtraction:136 | 检测到前景 (22.955%)，暂停背景学习，避免前景被学习成背景
2026-01-29 10:50:32 | INFO | camera_monitor:_monitor_loop:300 | 摄像头 一层室内较小库房摄像头1 检测到变化...
2026-01-29 10:50:32 | DEBUG | image_detection:_calculate_background_subtraction:136 | 检测到前景 (42.785%)，暂停背景学习，避免前景被学习成背景
2026-01-29 10:50:32 | INFO | camera_monitor:_monitor_loop:300 | 摄像头 一层恒温大件物品区摄像头1 检测到变化...
2026-01-29 10:50:33 | DEBUG | image_detection:_calculate_background_subtraction:136 | 检测到前景 (18.825%)，暂停背景学习，避免前景被学习成背景
2026-01-29 10:50:33 | INFO | camera_monitor:_monitor_loop:300 | 摄像头 一层贵重物品区摄像头1 检测到变化...
2026-01-29 10:50:33 | DEBUG | image_detection:_calculate_background_subtraction:136 | 检测到前景 (18.725%)，暂停背景学习，避免前景被学习成背景
2026-01-29 10:50:33 | INFO | camera_monitor:_monitor_loop:300 | 摄像头 一层室外大件物品区摄像头1 检测到变化...
2026-01-29 10:50:33 | DEBUG | image_detection:_calculate_background_subtraction:136 | 检测到前景 (23.251%)，暂停背景学习，避免前景被学习成背景
2026-01-29 10:50:33 | INFO | camera_monitor:_monitor_loop:300 | 摄像头 一层室内较小库房摄像头1 检测到变化...
2026-01-29 10:50:33 | DEBUG | image_detection:_calculate_background_subtraction:136 | 检测到前景 (42.358%)，暂停背景学习，避免前景被学习成背景
2026-01-29 10:50:34 | DEBUG | image_detection:_filter_small_areas:213 | 过滤了小区域，过滤面积: 45968.0像素 (2.217%)，保留区域数: 14
2026-01-29 10:50:34 | INFO | camera_monitor:_monitor_loop:300 | 摄像头 一层恒温大件物品区摄像头1 检测到变化...
2026-01-29 10:50:34 | DEBUG | image_detection:_calculate_background_subtraction:136 | 检测到前景 (18.698%)，暂停背景学习，避免前景被学习成背景
2026-01-29 10:50:34 | INFO | camera_monitor:_monitor_loop:300 | 摄像头 一层贵重物品区摄像头1 检测到变化...
2026-01-29 10:50:34 | DEBUG | image_detection:_calculate_background_subtraction:136 | 检测到前景 (18.957%)，暂停背景学习，避免前景被学习成背景
2026-01-29 10:50:34 | INFO | camera_monitor:_monitor_loop:300 | 摄像头 一层室外大件物品区摄像头1 检测到变化...
2026-01-29 10:50:34 | DEBUG | image_detection:_calculate_background_subtraction:136 | 检测到前景 (22.876%)，暂停背景学习，避免前景被学习成背景
2026-01-29 10:50:34 | INFO | camera_monitor:_monitor_loop:300 | 摄像头 一层室内较小库房摄像头1 检测到变化...
2026-01-29 10:50:34 | DEBUG | image_detection:_calculate_background_subtraction:136 | 检测到前景 (42.207%)，暂停背景学习，避免前景被学习成背景
2026-01-29 10:50:35 | INFO | camera_monitor:_monitor_loop:300 | 摄像头 一层恒温大件物品区摄像头1 检测到变化...
2026-01-29 10:50:35 | DEBUG | image_detection:_calculate_background_subtraction:136 | 检测到前景 (18.883%)，暂停背景学习，避免前景被学习成背景
2026-01-29 10:50:35 | INFO | camera_monitor:_monitor_loop:300 | 摄像头 一层贵重物品区摄像头1 检测到变化...
2026-01-29 10:50:35 | DEBUG | image_detection:_calculate_background_subtraction:136 | 检测到前景 (18.984%)，暂停背景学习，避免前景被学习成背景
2026-01-29 10:50:35 | INFO | camera_monitor:_monitor_loop:300 | 摄像头 一层室外大件物品区摄像头1 检测到变化...
2026-01-29 10:50:35 | DEBUG | image_detection:_calculate_background_subtraction:136 | 检测到前景 (23.209%)，暂停背景学习，避免前景被学习成背景
2026-01-29 10:50:35 | INFO | camera_monitor:_monitor_loop:300 | 摄像头 一层室内较小库房摄像头1 检测到变化...
2026-01-29 10:50:36 | DEBUG | image_detection:_calculate_background_subtraction:136 | 检测到前景 (41.753%)，暂停背景学习，避免前景被学习成背景
2026-01-29 10:50:36 | INFO | camera_monitor:_monitor_loop:300 | 摄像头 一层恒温大件物品区摄像头1 检测到变化...
2026-01-29 10:50:36 | DEBUG | image_detection:_calculate_background_subtraction:136 | 检测到前景 (18.764%)，暂停背景学习，避免前景被学习成背景
2026-01-29 10:50:36 | INFO | camera_monitor:_monitor_loop:300 | 摄像头 一层贵重物品区摄像头1 检测到变化...
2026-01-29 10:50:36 | DEBUG | image_detection:_calculate_background_subtraction:136 | 检测到前景 (19.277%)，暂停背景学习，避免前景被学习成背景
2026-01-29 10:50:36 | INFO | camera_monitor:_monitor_loop:300 | 摄像头 一层室外大件物品区摄像头1 检测到变化...
2026-01-29 10:50:36 | DEBUG | image_detection:_calculate_background_subtraction:136 | 检测到前景 (23.114%)，暂停背景学习，避免前景被学习成背景
2026-01-29 10:50:36 | INFO | camera_monitor:_monitor_loop:300 | 摄像头 一层室内较小库房摄像头1 检测到变化...
2026-01-29 10:50:37 | DEBUG | image_detection:_calculate_background_subtraction:136 | 检测到前景 (40.709%)，暂停背景学习，避免前景被学习成背景
2026-01-29 10:50:37 | INFO | camera_monitor:_monitor_loop:300 | 摄像头 一层恒温大件物品区摄像头1 检测到变化...
2026-01-29 10:50:37 | DEBUG | image_detection:_calculate_background_subtraction:136 | 检测到前景 (17.020%)，暂停背景学习，避免前景被学习成背景
2026-01-29 10:50:37 | INFO | camera_monitor:_monitor_loop:300 | 摄像头 一层贵重物品区摄像头1 检测到变化...
2026-01-29 10:50:37 | DEBUG | image_detection:_calculate_background_subtraction:136 | 检测到前景 (19.553%)，暂停背景学习，避免前景被学习成背景
2026-01-29 10:50:37 | INFO | camera_monitor:_monitor_loop:300 | 摄像头 一层室外大件物品区摄像头1 检测到变化...
2026-01-29 10:50:37 | DEBUG | image_detection:_calculate_background_subtraction:136 | 检测到前景 (23.570%)，暂停背景学习，避免前景被学习成背景
2026-01-29 10:50:37 | INFO | camera_monitor:_monitor_loop:300 | 摄像头 一层室内较小库房摄像头1 检测到变化...
2026-01-29 10:50:38 | DEBUG | image_detection:_calculate_background_subtraction:136 | 检测到前景 (37.872%)，暂停背景学习，避免前景被学习成背景
2026-01-29 10:50:38 | INFO | camera_monitor:_monitor_loop:300 | 摄像头 一层恒温大件物品区摄像头1 检测到变化...
2026-01-29 10:50:38 | DEBUG | image_detection:_calculate_background_subtraction:136 | 检测到前景 (18.956%)，暂停背景学习，避免前景被学习成背景
2026-01-29 10:50:38 | INFO | camera_monitor:_monitor_loop:300 | 摄像头 一层贵重物品区摄像头1 检测到变化...
2026-01-29 10:50:38 | DEBUG | image_detection:_calculate_background_subtraction:136 | 检测到前景 (19.897%)，暂停背景学习，避免前景被学习成背景
2026-01-29 10:50:38 | INFO | camera_monitor:_monitor_loop:300 | 摄像头 一层室外大件物品区摄像头1 检测到变化...
2026-01-29 10:50:38 | DEBUG | image_detection:_calculate_background_subtraction:136 | 检测到前景 (23.904%)，暂停背景学习，避免前景被学习成背景
2026-01-29 10:50:38 | INFO | camera_monitor:_monitor_loop:300 | 摄像头 一层室内较小库房摄像头1 检测到变化...
2026-01-29 10:50:39 | DEBUG | image_detection:_calculate_background_subtraction:136 | 检测到前景 (29.845%)，暂停背景学习，避免前景被学习成背景
2026-01-29 10:50:39 | INFO | camera_monitor:_monitor_loop:300 | 摄像头 一层恒温大件物品区摄像头1 检测到变化...
2026-01-29 10:50:39 | DEBUG | image_detection:_calculate_background_subtraction:136 | 检测到前景 (17.465%)，暂停背景学习，避免前景被学习成背景
2026-01-29 10:50:39 | INFO | camera_monitor:_monitor_loop:300 | 摄像头 一层贵重物品区摄像头1 检测到变化...
2026-01-29 10:50:39 | DEBUG | image_detection:_calculate_background_subtraction:136 | 检测到前景 (19.788%)，暂停背景学习，避免前景被学习成背景
2026-01-29 10:50:39 | INFO | camera_monitor:_monitor_loop:300 | 摄像头 一层室外大件物品区摄像头1 检测到变化...
2026-01-29 10:50:39 | DEBUG | image_detection:_calculate_background_subtraction:136 | 检测到前景 (25.510%)，暂停背景学习，避免前景被学习成背景
2026-01-29 10:50:39 | INFO | camera_monitor:_monitor_loop:300 | 摄像头 一层室内较小库房摄像头1 检测到变化...
2026-01-29 10:50:40 | DEBUG | image_detection:_calculate_background_subtraction:136 | 检测到前景 (70.564%)，暂停背景学习，避免前景被学习成背景
2026-01-29 10:50:40 | INFO | camera_monitor:_monitor_loop:300 | 摄像头 一层恒温大件物品区摄像头1 检测到变化...
2026-01-29 10:50:40 | DEBUG | image_detection:_calculate_background_subtraction:136 | 检测到前景 (19.233%)，暂停背景学习，避免前景被学习成背景
2026-01-29 10:50:40 | INFO | camera_monitor:_monitor_loop:300 | 摄像头 一层贵重物品区摄像头1 检测到变化...
2026-01-29 10:50:40 | DEBUG | image_detection:_calculate_background_subtraction:136 | 检测到前景 (20.028%)，暂停背景学习，避免前景被学习成背景
2026-01-29 10:50:40 | INFO | camera_monitor:_monitor_loop:300 | 摄像头 一层室外大件物品区摄像头1 检测到变化...
2026-01-29 10:50:40 | DEBUG | image_detection:_calculate_background_subtraction:136 | 检测到前景 (25.550%)，暂停背景学习，避免前景被学习成背景
2026-01-29 10:50:40 | INFO | camera_monitor:_monitor_loop:300 | 摄像头 一层室内较小库房摄像头1 检测到变化...
2026-01-29 10:50:41 | DEBUG | image_detection:_calculate_background_subtraction:136 | 检测到前景 (30.440%)，暂停背景学习，避免前景被学习成背景
2026-01-29 10:50:41 | INFO | camera_monitor:_monitor_loop:300 | 摄像头 一层恒温大件物品区摄像头1 检测到变化...
2026-01-29 10:50:41 | DEBUG | image_detection:_calculate_background_subtraction:136 | 检测到前景 (17.642%)，暂停背景学习，避免前景被学习成背景
2026-01-29 10:50:41 | INFO | camera_monitor:_monitor_loop:300 | 摄像头 一层贵重物品区摄像头1 检测到变化...
2026-01-29 10:50:41 | DEBUG | image_detection:_calculate_background_subtraction:136 | 检测到前景 (19.849%)，暂停背景学习，避免前景被学习成背景
2026-01-29 10:50:41 | INFO | camera_monitor:_monitor_loop:300 | 摄像头 一层室外大件物品区摄像头1 检测到变化...
2026-01-29 10:50:41 | DEBUG | image_detection:_calculate_background_subtraction:136 | 检测到前景 (26.217%)，暂停背景学习，避免前景被学习成背景
2026-01-29 10:50:41 | INFO | camera_monitor:_monitor_loop:300 | 摄像头 一层室内较小库房摄像头1 检测到变化...
2026-01-29 10:50:42 | DEBUG | image_detection:_calculate_background_subtraction:136 | 检测到前景 (19.460%)，暂停背景学习，避免前景被学习成背景
2026-01-29 10:50:42 | DEBUG | image_detection:_filter_small_areas:213 | 过滤了小区域，过滤面积: 58000.5像素 (2.797%)，保留区域数: 10
2026-01-29 10:50:42 | INFO | camera_monitor:_monitor_loop:300 | 摄像头 一层恒温大件物品区摄像头1 检测到变化...
2026-01-29 10:50:42 | DEBUG | image_detection:_calculate_background_subtraction:136 | 检测到前景 (19.743%)，暂停背景学习，避免前景被学习成背景
2026-01-29 10:50:42 | INFO | camera_monitor:_monitor_loop:300 | 摄像头 一层贵重物品区摄像头1 检测到变化...
2026-01-29 10:50:42 | DEBUG | image_detection:_calculate_background_subtraction:136 | 检测到前景 (18.000%)，暂停背景学习，避免前景被学习成背景
2026-01-29 10:50:42 | INFO | camera_monitor:_monitor_loop:300 | 摄像头 一层室外大件物品区摄像头1 检测到变化...
2026-01-29 10:50:42 | DEBUG | image_detection:_calculate_background_subtraction:136 | 检测到前景 (24.727%)，暂停背景学习，避免前景被学习成背景
2026-01-29 10:50:42 | INFO | camera_monitor:_monitor_loop:300 | 摄像头 一层室内较小库房摄像头1 检测到变化...
2026-01-29 10:50:43 | DEBUG | image_detection:_calculate_background_subtraction:136 | 检测到前景 (19.617%)，暂停背景学习，避免前景被学习成背景
2026-01-29 10:50:43 | INFO | camera_monitor:_monitor_loop:300 | 摄像头 一层恒温大件物品区摄像头1 检测到变化...
2026-01-29 10:50:43 | DEBUG | image_detection:_calculate_background_subtraction:136 | 检测到前景 (18.929%)，暂停背景学习，避免前景被学习成背景
2026-01-29 10:50:43 | INFO | camera_monitor:_monitor_loop:300 | 摄像头 一层贵重物品区摄像头1 检测到变化...
2026-01-29 10:50:43 | DEBUG | image_detection:_calculate_background_subtraction:136 | 检测到前景 (19.597%)，暂停背景学习，避免前景被学习成背景
2026-01-29 10:50:43 | INFO | camera_monitor:_monitor_loop:300 | 摄像头 一层室外大件物品区摄像头1 检测到变化...
2026-01-29 10:50:43 | DEBUG | image_detection:_calculate_background_subtraction:136 | 检测到前景 (24.579%)，暂停背景学习，避免前景被学习成背景
2026-01-29 10:50:43 | INFO | camera_monitor:_monitor_loop:300 | 摄像头 一层室内较小库房摄像头1 检测到变化...
2026-01-29 10:50:44 | DEBUG | image_detection:_calculate_background_subtraction:136 | 检测到前景 (20.125%)，暂停背景学习，避免前景被学习成背景
2026-01-29 10:50:44 | INFO | camera_monitor:_monitor_loop:300 | 摄像头 一层恒温大件物品区摄像头1 检测到变化...
2026-01-29 10:50:44 | DEBUG | image_detection:_calculate_background_subtraction:136 | 检测到前景 (22.968%)，暂停背景学习，避免前景被学习成背景
2026-01-29 10:50:44 | DEBUG | image_detection:_filter_small_areas:213 | 过滤了小区域，过滤面积: 23676.5像素 (1.142%)，保留区域数: 6
2026-01-29 10:50:44 | INFO | camera_monitor:_monitor_loop:300 | 摄像头 一层贵重物品区摄像头1 检测到变化...
2026-01-29 10:50:44 | DEBUG | image_detection:_calculate_background_subtraction:136 | 检测到前景 (17.400%)，暂停背景学习，避免前景被学习成背景
2026-01-29 10:50:44 | INFO | camera_monitor:_monitor_loop:300 | 摄像头 一层室外大件物品区摄像头1 检测到变化...
2026-01-29 10:50:44 | DEBUG | image_detection:_calculate_background_subtraction:136 | 检测到前景 (23.052%)，暂停背景学习，避免前景被学习成背景
2026-01-29 10:50:44 | INFO | camera_monitor:_monitor_loop:300 | 摄像头 一层室内较小库房摄像头1 检测到变化...
2026-01-29 10:50:45 | DEBUG | image_detection:_calculate_background_subtraction:136 | 检测到前景 (19.731%)，暂停背景学习，避免前景被学习成背景
2026-01-29 10:50:45 | INFO | camera_monitor:_monitor_loop:300 | 摄像头 一层恒温大件物品区摄像头1 检测到变化...
2026-01-29 10:50:45 | DEBUG | image_detection:_calculate_background_subtraction:136 | 检测到前景 (30.928%)，暂停背景学习，避免前景被学习成背景
2026-01-29 10:50:45 | INFO | camera_monitor:_monitor_loop:300 | 摄像头 一层贵重物品区摄像头1 检测到变化...
2026-01-29 10:50:45 | DEBUG | image_detection:_calculate_background_subtraction:136 | 检测到前景 (19.417%)，暂停背景学习，避免前景被学习成背景
2026-01-29 10:50:45 | INFO | camera_monitor:_monitor_loop:300 | 摄像头 一层室外大件物品区摄像头1 检测到变化...
2026-01-29 10:50:45 | DEBUG | image_detection:_calculate_background_subtraction:136 | 检测到前景 (23.510%)，暂停背景学习，避免前景被学习成背景
2026-01-29 10:50:45 | INFO | camera_monitor:_monitor_loop:300 | 摄像头 一层室内较小库房摄像头1 检测到变化...
2026-01-29 10:50:46 | DEBUG | image_detection:_calculate_background_subtraction:136 | 检测到前景 (19.698%)，暂停背景学习，避免前景被学习成背景
2026-01-29 10:50:46 | INFO | camera_monitor:_monitor_loop:300 | 摄像头 一层恒温大件物品区摄像头1 检测到变化...
2026-01-29 10:50:46 | DEBUG | image_detection:_calculate_background_subtraction:136 | 检测到前景 (46.553%)，暂停背景学习，避免前景被学习成背景
2026-01-29 10:50:46 | INFO | camera_monitor:_monitor_loop:300 | 摄像头 一层贵重物品区摄像头1 检测到变化...
2026-01-29 10:50:46 | DEBUG | image_detection:_calculate_background_subtraction:136 | 检测到前景 (18.196%)，暂停背景学习，避免前景被学习成背景
2026-01-29 10:50:46 | INFO | camera_monitor:_monitor_loop:300 | 摄像头 一层室外大件物品区摄像头1 检测到变化...
2026-01-29 10:50:46 | DEBUG | image_detection:_calculate_background_subtraction:136 | 检测到前景 (26.502%)，暂停背景学习，避免前景被学习成背景
2026-01-29 10:50:46 | INFO | camera_monitor:_monitor_loop:300 | 摄像头 一层室内较小库房摄像头1 检测到变化...
2026-01-29 10:50:47 | DEBUG | image_detection:_calculate_background_subtraction:136 | 检测到前景 (19.997%)，暂停背景学习，避免前景被学习成背景
2026-01-29 10:50:47 | INFO | camera_monitor:_monitor_loop:300 | 摄像头 一层恒温大件物品区摄像头1 检测到变化...
2026-01-29 10:50:47 | DEBUG | image_detection:_calculate_background_subtraction:136 | 检测到前景 (92.908%)，暂停背景学习，避免前景被学习成背景
2026-01-29 10:50:47 | INFO | camera_monitor:_monitor_loop:300 | 摄像头 一层贵重物品区摄像头1 检测到变化...
2026-01-29 10:50:47 | DEBUG | image_detection:_calculate_background_subtraction:136 | 检测到前景 (20.263%)，暂停背景学习，避免前景被学习成背景
2026-01-29 10:50:47 | INFO | camera_monitor:_monitor_loop:300 | 摄像头 一层室外大件物品区摄像头1 检测到变化...
2026-01-29 10:50:47 | DEBUG | image_detection:_calculate_background_subtraction:136 | 检测到前景 (24.971%)，暂停背景学习，避免前景被学习成背景
2026-01-29 10:50:47 | INFO | camera_monitor:_monitor_loop:300 | 摄像头 一层室内较小库房摄像头1 检测到变化...
2026-01-29 10:50:48 | DEBUG | image_detection:_calculate_background_subtraction:136 | 检测到前景 (19.996%)，暂停背景学习，避免前景被学习成背景
2026-01-29 10:50:48 | INFO | camera_monitor:_monitor_loop:300 | 摄像头 一层恒温大件物品区摄像头1 检测到变化...
2026-01-29 10:50:48 | DEBUG | image_detection:_calculate_background_subtraction:136 | 检测到前景 (31.175%)，暂停背景学习，避免前景被学习成背景
2026-01-29 10:50:48 | INFO | camera_monitor:_monitor_loop:300 | 摄像头 一层贵重物品区摄像头1 检测到变化...
2026-01-29 10:50:48 | DEBUG | image_detection:_calculate_background_subtraction:136 | 检测到前景 (18.984%)，暂停背景学习，避免前景被学习成背景
2026-01-29 10:50:48 | DEBUG | image_detection:_filter_small_areas:213 | 过滤了小区域，过滤面积: 33965.5像素 (1.638%)，保留区域数: 16
2026-01-29 10:50:48 | INFO | camera_monitor:_monitor_loop:300 | 摄像头 一层室外大件物品区摄像头1 检测到变化...
2026-01-29 10:50:48 | DEBUG | image_detection:_calculate_background_subtraction:136 | 检测到前景 (24.648%)，暂停背景学习，避免前景被学习成背景
2026-01-29 10:50:48 | INFO | camera_monitor:_monitor_loop:300 | 摄像头 一层室内较小库房摄像头1 检测到变化...
2026-01-29 10:50:49 | DEBUG | image_detection:_calculate_background_subtraction:136 | 检测到前景 (19.576%)，暂停背景学习，避免前景被学习成背景
2026-01-29 10:50:49 | DEBUG | image_detection:_filter_small_areas:213 | 过滤了小区域，过滤面积: 59225.5像素 (2.856%)，保留区域数: 13
2026-01-29 10:50:49 | INFO | camera_monitor:_monitor_loop:300 | 摄像头 一层恒温大件物品区摄像头1 检测到变化...
2026-01-29 10:50:49 | DEBUG | image_detection:_calculate_background_subtraction:136 | 检测到前景 (30.028%)，暂停背景学习，避免前景被学习成背景
2026-01-29 10:50:49 | INFO | camera_monitor:_monitor_loop:300 | 摄像头 一层贵重物品区摄像头1 检测到变化...
2026-01-29 10:50:49 | DEBUG | image_detection:_calculate_background_subtraction:136 | 检测到前景 (20.057%)，暂停背景学习，避免前景被学习成背景
2026-01-29 10:50:49 | INFO | camera_monitor:_monitor_loop:300 | 摄像头 一层室外大件物品区摄像头1 检测到变化...
2026-01-29 10:50:49 | DEBUG | image_detection:_calculate_background_subtraction:136 | 检测到前景 (24.710%)，暂停背景学习，避免前景被学习成背景
2026-01-29 10:50:49 | INFO | camera_monitor:_monitor_loop:300 | 摄像头 一层室内较小库房摄像头1 检测到变化...
2026-01-29 10:50:50 | DEBUG | image_detection:_calculate_background_subtraction:136 | 检测到前景 (19.765%)，暂停背景学习，避免前景被学习成背景
2026-01-29 10:50:50 | INFO | camera_monitor:_monitor_loop:300 | 摄像头 一层恒温大件物品区摄像头1 检测到变化...
2026-01-29 10:50:50 | DEBUG | image_detection:_calculate_background_subtraction:136 | 检测到前景 (30.790%)，暂停背景学习，避免前景被学习成背景
2026-01-29 10:50:50 | DEBUG | image_detection:_filter_small_areas:213 | 过滤了小区域，过滤面积: 86906.0像素 (4.191%)，保留区域数: 42
2026-01-29 10:50:50 | INFO | camera_monitor:_monitor_loop:300 | 摄像头 一层贵重物品区摄像头1 检测到变化...
2026-01-29 10:50:50 | DEBUG | image_detection:_calculate_background_subtraction:136 | 检测到前景 (18.763%)，暂停背景学习，避免前景被学习成背景
2026-01-29 10:50:50 | INFO | camera_monitor:_monitor_loop:300 | 摄像头 一层室外大件物品区摄像头1 检测到变化...
2026-01-29 10:50:50 | DEBUG | image_detection:_calculate_background_subtraction:136 | 检测到前景 (23.914%)，暂停背景学习，避免前景被学习成背景
2026-01-29 10:50:50 | INFO | camera_monitor:_monitor_loop:300 | 摄像头 一层室内较小库房摄像头1 检测到变化...
2026-01-29 10:50:51 | DEBUG | image_detection:_calculate_background_subtraction:136 | 检测到前景 (19.971%)，暂停背景学习，避免前景被学习成背景
2026-01-29 10:50:51 | INFO | camera_monitor:_monitor_loop:300 | 摄像头 一层恒温大件物品区摄像头1 检测到变化...
2026-01-29 10:50:51 | DEBUG | image_detection:_calculate_background_subtraction:136 | 检测到前景 (32.057%)，暂停背景学习，避免前景被学习成背景
2026-01-29 10:50:51 | INFO | camera_monitor:_monitor_loop:300 | 摄像头 一层贵重物品区摄像头1 检测到变化...
2026-01-29 10:50:51 | INFO | input_shaper:_log_stats_periodically:217 | [一层室内较小库房摄像头1] InputShaper 统计 - 拉取: 751帧, 输出: 59帧, 丢弃: 0帧, 溢出: 0次, 空读: 0次, 重复: 0次, 缓冲区: 8/30
2026-01-29 10:50:51 | DEBUG | image_detection:_calculate_background_subtraction:136 | 检测到前景 (19.879%)，暂停背景学习，避免前景被学习成背景
2026-01-29 10:50:51 | INFO | camera_monitor:_monitor_loop:300 | 摄像头 一层室外大件物品区摄像头1 检测到变化...
2026-01-29 10:50:51 | DEBUG | image_detection:_calculate_background_subtraction:136 | 检测到前景 (24.495%)，暂停背景学习，避免前景被学习成背景
2026-01-29 10:50:51 | INFO | camera_monitor:_monitor_loop:300 | 摄像头 一层室内较小库房摄像头1 检测到变化...
2026-01-29 10:50:52 | DEBUG | image_detection:_calculate_background_subtraction:136 | 检测到前景 (19.559%)，暂停背景学习，避免前景被学习成背景
2026-01-29 10:50:52 | INFO | camera_monitor:_monitor_loop:300 | 摄像头 一层恒温大件物品区摄像头1 检测到变化...
2026-01-29 10:50:52 | DEBUG | image_detection:_calculate_background_subtraction:136 | 检测到前景 (34.242%)，暂停背景学习，避免前景被学习成背景
2026-01-29 10:50:52 | INFO | camera_monitor:_monitor_loop:300 | 摄像头 一层贵重物品区摄像头1 检测到变化...
2026-01-29 10:50:52 | DEBUG | image_detection:_calculate_background_subtraction:136 | 检测到前景 (18.593%)，暂停背景学习，避免前景被学习成背景
2026-01-29 10:50:52 | INFO | camera_monitor:_monitor_loop:300 | 摄像头 一层室外大件物品区摄像头1 检测到变化...
2026-01-29 10:50:52 | DEBUG | image_detection:_calculate_background_subtraction:136 | 检测到前景 (23.726%)，暂停背景学习，避免前景被学习成背景
2026-01-29 10:50:52 | INFO | input_shaper:_log_stats_periodically:217 | [一层贵重物品区摄像头1] InputShaper 统计 - 拉取: 750帧, 输出: 59帧, 丢弃: 0帧, 溢出: 0次, 空读: 0次, 重复: 0次, 缓冲区: 9/30
2026-01-29 10:50:52 | INFO | camera_monitor:_monitor_loop:300 | 摄像头 一层室内较小库房摄像头1 检测到变化...
2026-01-29 10:50:53 | DEBUG | image_detection:_calculate_background_subtraction:136 | 检测到前景 (19.603%)，暂停背景学习，避免前景被学习成背景
2026-01-29 10:50:53 | INFO | camera_monitor:_monitor_loop:300 | 摄像头 一层恒温大件物品区摄像头1 检测到变化...
2026-01-29 10:50:53 | DEBUG | image_detection:_calculate_background_subtraction:136 | 检测到前景 (17.659%)，暂停背景学习，避免前景被学习成背景
2026-01-29 10:50:53 | INFO | camera_monitor:_monitor_loop:300 | 摄像头 一层贵重物品区摄像头1 检测到变化...
2026-01-29 10:50:53 | DEBUG | image_detection:_calculate_background_subtraction:136 | 检测到前景 (19.539%)，暂停背景学习，避免前景被学习成背景
2026-01-29 10:50:53 | INFO | camera_monitor:_monitor_loop:300 | 摄像头 一层室外大件物品区摄像头1 检测到变化...
2026-01-29 10:50:53 | DEBUG | image_detection:_calculate_background_subtraction:136 | 检测到前景 (23.627%)，暂停背景学习，避免前景被学习成背景
2026-01-29 10:50:53 | DEBUG | image_detection:_filter_small_areas:213 | 过滤了小区域，过滤面积: 35538.0像素 (1.714%)，保留区域数: 20
2026-01-29 10:50:53 | INFO | camera_monitor:_monitor_loop:300 | 摄像头 一层室内较小库房摄像头1 检测到变化...
2026-01-29 10:50:54 | INFO | input_shaper:_log_stats_periodically:217 | [一层室外大件物品区摄像头1] InputShaper 统计 - 拉取: 751帧, 输出: 58帧, 丢弃: 0帧, 溢出: 0次, 空读: 0次, 重复: 0次, 缓冲区: 13/30
2026-01-29 10:50:54 | DEBUG | image_detection:_calculate_background_subtraction:136 | 检测到前景 (19.691%)，暂停背景学习，避免前景被学习成背景
2026-01-29 10:50:54 | DEBUG | image_detection:_filter_small_areas:213 | 过滤了小区域，过滤面积: 61350.0像素 (2.959%)，保留区域数: 12
2026-01-29 10:50:54 | INFO | camera_monitor:_monitor_loop:300 | 摄像头 一层恒温大件物品区摄像头1 检测到变化...
2026-01-29 10:50:54 | DEBUG | image_detection:_calculate_background_subtraction:136 | 检测到前景 (18.060%)，暂停背景学习，避免前景被学习成背景
2026-01-29 10:50:54 | INFO | camera_monitor:_monitor_loop:300 | 摄像头 一层贵重物品区摄像头1 检测到变化...
2026-01-29 10:50:54 | DEBUG | image_detection:_calculate_background_subtraction:136 | 检测到前景 (18.689%)，暂停背景学习，避免前景被学习成背景
2026-01-29 10:50:54 | INFO | camera_monitor:_monitor_loop:300 | 摄像头 一层室外大件物品区摄像头1 检测到变化...
2026-01-29 10:50:54 | DEBUG | image_detection:_calculate_background_subtraction:136 | 检测到前景 (23.430%)，暂停背景学习，避免前景被学习成背景
2026-01-29 10:50:54 | INFO | camera_monitor:_monitor_loop:300 | 摄像头 一层室内较小库房摄像头1 检测到变化...
2026-01-29 10:50:55 | INFO | input_shaper:_log_stats_periodically:217 | [一层恒温大件物品区摄像头1] InputShaper 统计 - 拉取: 751帧, 输出: 59帧, 丢弃: 0帧, 溢出: 0次, 空读: 0次, 重复: 0次, 缓冲区: 9/30
2026-01-29 10:50:55 | DEBUG | image_detection:_calculate_background_subtraction:136 | 检测到前景 (19.582%)，暂停背景学习，避免前景被学习成背景
2026-01-29 10:50:55 | INFO | camera_monitor:_monitor_loop:300 | 摄像头 一层恒温大件物品区摄像头1 检测到变化...
2026-01-29 10:50:55 | ERROR | camera_monitor:_connect_rtsp:498 | RTSP连接失败
2026-01-29 10:50:55 | WARNING | camera_monitor:_monitor_loop:212 | 摄像头 大门区域摄像头1 连接失败，5秒后重试 (尝试 1/3)
2026-01-29 10:50:55 | DEBUG | image_detection:_calculate_background_subtraction:136 | 检测到前景 (9.318%)，暂停背景学习，避免前景被学习成背景
2026-01-29 10:50:55 | INFO | camera_monitor:_monitor_loop:300 | 摄像头 一层贵重物品区摄像头1 检测到变化...
2026-01-29 10:50:55 | DEBUG | image_detection:_calculate_background_subtraction:136 | 检测到前景 (19.601%)，暂停背景学习，避免前景被学习成背景
2026-01-29 10:50:55 | INFO | camera_monitor:_monitor_loop:300 | 摄像头 一层室外大件物品区摄像头1 检测到变化...
2026-01-29 10:50:55 | DEBUG | image_detection:_calculate_background_subtraction:136 | 检测到前景 (23.452%)，暂停背景学习，避免前景被学习成背景
2026-01-29 10:50:55 | INFO | camera_monitor:_monitor_loop:300 | 摄像头 一层室内较小库房摄像头1 检测到变化...
2026-01-29 10:50:56 | DEBUG | image_detection:_calculate_background_subtraction:136 | 检测到前景 (19.971%)，暂停背景学习，避免前景被学习成背景
2026-01-29 10:50:56 | INFO | camera_monitor:_monitor_loop:300 | 摄像头 一层恒温大件物品区摄像头1 检测到变化...
2026-01-29 10:50:56 | DEBUG | image_detection:_calculate_background_subtraction:136 | 检测到前景 (10.491%)，暂停背景学习，避免前景被学习成背景
2026-01-29 10:50:56 | DEBUG | image_detection:_calculate_background_subtraction:136 | 检测到前景 (18.702%)，暂停背景学习，避免前景被学习成背景
2026-01-29 10:50:56 | INFO | camera_monitor:_monitor_loop:300 | 摄像头 一层室外大件物品区摄像头1 检测到变化...
2026-01-29 10:50:56 | DEBUG | image_detection:_calculate_background_subtraction:136 | 检测到前景 (24.457%)，暂停背景学习，避免前景被学习成背景
2026-01-29 10:50:56 | INFO | camera_monitor:_monitor_loop:300 | 摄像头 一层室内较小库房摄像头1 检测到变化...
2026-01-29 10:50:57 | DEBUG | image_detection:_calculate_background_subtraction:136 | 检测到前景 (19.450%)，暂停背景学习，避免前景被学习成背景
2026-01-29 10:50:57 | INFO | camera_monitor:_monitor_loop:300 | 摄像头 一层恒温大件物品区摄像头1 检测到变化...
2026-01-29 10:50:57 | DEBUG | image_detection:_calculate_background_subtraction:136 | 检测到前景 (11.688%)，暂停背景学习，避免前景被学习成背景
2026-01-29 10:50:57 | DEBUG | image_detection:_calculate_background_subtraction:136 | 检测到前景 (18.707%)，暂停背景学习，避免前景被学习成背景
2026-01-29 10:50:57 | INFO | camera_monitor:_monitor_loop:300 | 摄像头 一层室外大件物品区摄像头1 检测到变化...
2026-01-29 10:50:57 | DEBUG | image_detection:_calculate_background_subtraction:136 | 检测到前景 (21.539%)，暂停背景学习，避免前景被学习成背景
2026-01-29 10:50:57 | INFO | camera_monitor:_monitor_loop:300 | 摄像头 一层室内较小库房摄像头1 检测到变化...
2026-01-29 10:50:58 | DEBUG | image_detection:_calculate_background_subtraction:136 | 检测到前景 (19.013%)，暂停背景学习，避免前景被学习成背景
2026-01-29 10:50:58 | DEBUG | image_detection:_filter_small_areas:213 | 过滤了小区域，过滤面积: 59399.5像素 (2.865%)，保留区域数: 10
2026-01-29 10:50:58 | INFO | camera_monitor:_monitor_loop:300 | 摄像头 一层恒温大件物品区摄像头1 检测到变化...
2026-01-29 10:50:58 | DEBUG | image_detection:_calculate_background_subtraction:136 | 检测到前景 (12.636%)，暂停背景学习，避免前景被学习成背景
2026-01-29 10:50:58 | DEBUG | image_detection:_calculate_background_subtraction:136 | 检测到前景 (18.013%)，暂停背景学习，避免前景被学习成背景
2026-01-29 10:50:58 | INFO | camera_monitor:_monitor_loop:300 | 摄像头 一层室外大件物品区摄像头1 检测到变化...
2026-01-29 10:50:58 | DEBUG | image_detection:_calculate_background_subtraction:136 | 检测到前景 (24.273%)，暂停背景学习，避免前景被学习成背景
2026-01-29 10:50:58 | INFO | camera_monitor:_monitor_loop:300 | 摄像头 一层室内较小库房摄像头1 检测到变化...
2026-01-29 10:50:59 | DEBUG | image_detection:_calculate_background_subtraction:136 | 检测到前景 (19.287%)，暂停背景学习，避免前景被学习成背景
2026-01-29 10:50:59 | INFO | camera_monitor:_monitor_loop:300 | 摄像头 一层恒温大件物品区摄像头1 检测到变化...
2026-01-29 10:50:59 | DEBUG | image_detection:_calculate_background_subtraction:136 | 检测到前景 (11.319%)，暂停背景学习，避免前景被学习成背景
2026-01-29 10:50:59 | INFO | camera_monitor:_monitor_loop:300 | 摄像头 一层贵重物品区摄像头1 检测到变化...
2026-01-29 10:50:59 | DEBUG | image_detection:_calculate_background_subtraction:136 | 检测到前景 (18.559%)，暂停背景学习，避免前景被学习成背景
2026-01-29 10:50:59 | INFO | camera_monitor:_monitor_loop:300 | 摄像头 一层室外大件物品区摄像头1 检测到变化...
2026-01-29 10:50:59 | DEBUG | image_detection:_calculate_background_subtraction:136 | 检测到前景 (21.823%)，暂停背景学习，避免前景被学习成背景
2026-01-29 10:50:59 | INFO | camera_monitor:_monitor_loop:300 | 摄像头 一层室内较小库房摄像头1 检测到变化...
2026-01-29 10:51:00 | INFO | camera_monitor:_connect_rtsp:447 | 正在连接RTSP流: rtsp://admin:khjy%40123@192.168.100.109:554/Streaming/Channels/100
2026-01-29 10:51:00 | DEBUG | image_detection:_calculate_background_subtraction:136 | 检测到前景 (19.621%)，暂停背景学习，避免前景被学习成背景
2026-01-29 10:51:00 | INFO | camera_monitor:_monitor_loop:300 | 摄像头 一层恒温大件物品区摄像头1 检测到变化...
2026-01-29 10:51:00 | DEBUG | image_detection:_calculate_background_subtraction:136 | 检测到前景 (13.069%)，暂停背景学习，避免前景被学习成背景
2026-01-29 10:51:00 | INFO | camera_monitor:_monitor_loop:300 | 摄像头 一层贵重物品区摄像头1 检测到变化...
2026-01-29 10:51:00 | DEBUG | image_detection:_calculate_background_subtraction:136 | 检测到前景 (17.814%)，暂停背景学习，避免前景被学习成背景
2026-01-29 10:51:00 | INFO | camera_monitor:_monitor_loop:300 | 摄像头 一层室外大件物品区摄像头1 检测到变化...
2026-01-29 10:51:00 | DEBUG | image_detection:_calculate_background_subtraction:136 | 检测到前景 (23.780%)，暂停背景学习，避免前景被学习成背景
2026-01-29 10:51:00 | INFO | camera_monitor:_monitor_loop:300 | 摄像头 一层室内较小库房摄像头1 检测到变化...
2026-01-29 10:51:01 | DEBUG | image_detection:_calculate_background_subtraction:136 | 检测到前景 (19.692%)，暂停背景学习，避免前景被学习成背景
2026-01-29 10:51:01 | INFO | camera_monitor:_monitor_loop:300 | 摄像头 一层恒温大件物品区摄像头1 检测到变化...
2026-01-29 10:51:01 | DEBUG | image_detection:_calculate_background_subtraction:136 | 检测到前景 (13.158%)，暂停背景学习，避免前景被学习成背景
2026-01-29 10:51:01 | INFO | camera_monitor:_monitor_loop:300 | 摄像头 一层贵重物品区摄像头1 检测到变化...
2026-01-29 10:51:01 | DEBUG | image_detection:_calculate_background_subtraction:136 | 检测到前景 (18.377%)，暂停背景学习，避免前景被学习成背景
2026-01-29 10:51:01 | INFO | camera_monitor:_monitor_loop:300 | 摄像头 一层室外大件物品区摄像头1 检测到变化...
2026-01-29 10:51:01 | DEBUG | image_detection:_calculate_background_subtraction:136 | 检测到前景 (22.020%)，暂停背景学习，避免前景被学习成背景
2026-01-29 10:51:01 | DEBUG | image_detection:_filter_small_areas:213 | 过滤了小区域，过滤面积: 36648.5像素 (1.767%)，保留区域数: 17
2026-01-29 10:51:01 | INFO | camera_monitor:_monitor_loop:300 | 摄像头 一层室内较小库房摄像头1 检测到变化...
2026-01-29 10:51:02 | DEBUG | image_detection:_calculate_background_subtraction:136 | 检测到前景 (19.610%)，暂停背景学习，避免前景被学习成背景
2026-01-29 10:51:02 | INFO | camera_monitor:_monitor_loop:300 | 摄像头 一层恒温大件物品区摄像头1 检测到变化...
2026-01-29 10:51:02 | DEBUG | image_detection:_calculate_background_subtraction:136 | 检测到前景 (16.428%)，暂停背景学习，避免前景被学习成背景
2026-01-29 10:51:02 | INFO | camera_monitor:_monitor_loop:300 | 摄像头 一层贵重物品区摄像头1 检测到变化...
2026-01-29 10:51:02 | DEBUG | image_detection:_calculate_background_subtraction:136 | 检测到前景 (17.694%)，暂停背景学习，避免前景被学习成背景
2026-01-29 10:51:02 | INFO | camera_monitor:_monitor_loop:300 | 摄像头 一层室外大件物品区摄像头1 检测到变化...
2026-01-29 10:51:02 | DEBUG | image_detection:_calculate_background_subtraction:136 | 检测到前景 (23.561%)，暂停背景学习，避免前景被学习成背景
2026-01-29 10:51:03 | INFO | camera_monitor:_monitor_loop:300 | 摄像头 一层室内较小库房摄像头1 检测到变化...
2026-01-29 10:51:03 | DEBUG | image_detection:_calculate_background_subtraction:136 | 检测到前景 (19.632%)，暂停背景学习，避免前景被学习成背景
2026-01-29 10:51:03 | INFO | camera_monitor:_monitor_loop:300 | 摄像头 一层恒温大件物品区摄像头1 检测到变化...
2026-01-29 10:51:03 | DEBUG | image_detection:_calculate_background_subtraction:136 | 检测到前景 (16.922%)，暂停背景学习，避免前景被学习成背景
2026-01-29 10:51:03 | INFO | camera_monitor:_monitor_loop:300 | 摄像头 一层贵重物品区摄像头1 检测到变化...
2026-01-29 10:51:03 | DEBUG | image_detection:_calculate_background_subtraction:136 | 检测到前景 (18.222%)，暂停背景学习，避免前景被学习成背景
2026-01-29 10:51:03 | INFO | camera_monitor:_monitor_loop:300 | 摄像头 一层室外大件物品区摄像头1 检测到变化...
2026-01-29 10:51:03 | DEBUG | image_detection:_calculate_background_subtraction:136 | 检测到前景 (21.960%)，暂停背景学习，避免前景被学习成背景
2026-01-29 10:51:04 | INFO | camera_monitor:_monitor_loop:300 | 摄像头 一层室内较小库房摄像头1 检测到变化...
2026-01-29 10:51:04 | DEBUG | image_detection:_calculate_background_subtraction:136 | 检测到前景 (19.288%)，暂停背景学习，避免前景被学习成背景
2026-01-29 10:51:04 | INFO | camera_monitor:_monitor_loop:300 | 摄像头 一层恒温大件物品区摄像头1 检测到变化...
2026-01-29 10:51:04 | DEBUG | image_detection:_calculate_background_subtraction:136 | 检测到前景 (17.379%)，暂停背景学习，避免前景被学习成背景
2026-01-29 10:51:04 | INFO | camera_monitor:_monitor_loop:300 | 摄像头 一层贵重物品区摄像头1 检测到变化...
2026-01-29 10:51:04 | DEBUG | image_detection:_calculate_background_subtraction:136 | 检测到前景 (17.705%)，暂停背景学习，避免前景被学习成背景
2026-01-29 10:51:04 | INFO | camera_monitor:_monitor_loop:300 | 摄像头 一层室外大件物品区摄像头1 检测到变化...
2026-01-29 10:51:05 | DEBUG | image_detection:_calculate_background_subtraction:136 | 检测到前景 (23.180%)，暂停背景学习，避免前景被学习成背景
2026-01-29 10:51:05 | INFO | camera_monitor:_monitor_loop:300 | 摄像头 一层室内较小库房摄像头1 检测到变化...
2026-01-29 10:51:05 | DEBUG | image_detection:_calculate_background_subtraction:136 | 检测到前景 (19.302%)，暂停背景学习，避免前景被学习成背景
2026-01-29 10:51:05 | INFO | camera_monitor:_monitor_loop:300 | 摄像头 一层恒温大件物品区摄像头1 检测到变化...
2026-01-29 10:51:05 | DEBUG | image_detection:_calculate_background_subtraction:136 | 检测到前景 (17.305%)，暂停背景学习，避免前景被学习成背景
2026-01-29 10:51:05 | INFO | camera_monitor:_monitor_loop:300 | 摄像头 一层贵重物品区摄像头1 检测到变化...
2026-01-29 10:51:05 | DEBUG | image_detection:_calculate_background_subtraction:136 | 检测到前景 (18.149%)，暂停背景学习，避免前景被学习成背景
2026-01-29 10:51:05 | INFO | camera_monitor:_monitor_loop:300 | 摄像头 一层室外大件物品区摄像头1 检测到变化...
2026-01-29 10:51:06 | DEBUG | image_detection:_calculate_background_subtraction:136 | 检测到前景 (22.429%)，暂停背景学习，避免前景被学习成背景
2026-01-29 10:51:06 | INFO | camera_monitor:_monitor_loop:300 | 摄像头 一层室内较小库房摄像头1 检测到变化...
2026-01-29 10:51:06 | DEBUG | image_detection:_calculate_background_subtraction:136 | 检测到前景 (19.246%)，暂停背景学习，避免前景被学习成背景
2026-01-29 10:51:06 | INFO | camera_monitor:_monitor_loop:300 | 摄像头 一层恒温大件物品区摄像头1 检测到变化...
2026-01-29 10:51:06 | DEBUG | image_detection:_calculate_background_subtraction:136 | 检测到前景 (17.801%)，暂停背景学习，避免前景被学习成背景
2026-01-29 10:51:06 | INFO | camera_monitor:_monitor_loop:300 | 摄像头 一层贵重物品区摄像头1 检测到变化...
2026-01-29 10:51:06 | DEBUG | image_detection:_calculate_background_subtraction:136 | 检测到前景 (17.626%)，暂停背景学习，避免前景被学习成背景
2026-01-29 10:51:06 | INFO | camera_monitor:_monitor_loop:300 | 摄像头 一层室外大件物品区摄像头1 检测到变化...
2026-01-29 10:51:07 | DEBUG | image_detection:_calculate_background_subtraction:136 | 检测到前景 (23.202%)，暂停背景学习，避免前景被学习成背景
2026-01-29 10:51:07 | INFO | camera_monitor:_monitor_loop:300 | 摄像头 一层室内较小库房摄像头1 检测到变化...
2026-01-29 10:51:07 | DEBUG | image_detection:_calculate_background_subtraction:136 | 检测到前景 (18.813%)，暂停背景学习，避免前景被学习成背景
2026-01-29 10:51:07 | INFO | camera_monitor:_monitor_loop:300 | 摄像头 一层恒温大件物品区摄像头1 检测到变化...
2026-01-29 10:51:07 | DEBUG | image_detection:_calculate_background_subtraction:136 | 检测到前景 (17.096%)，暂停背景学习，避免前景被学习成背景
2026-01-29 10:51:07 | INFO | camera_monitor:_monitor_loop:300 | 摄像头 一层贵重物品区摄像头1 检测到变化...
2026-01-29 10:51:07 | DEBUG | image_detection:_calculate_background_subtraction:136 | 检测到前景 (17.997%)，暂停背景学习，避免前景被学习成背景
2026-01-29 10:51:07 | INFO | camera_monitor:_monitor_loop:300 | 摄像头 一层室外大件物品区摄像头1 检测到变化...
2026-01-29 10:51:08 | DEBUG | image_detection:_calculate_background_subtraction:136 | 检测到前景 (22.267%)，暂停背景学习，避免前景被学习成背景
2026-01-29 10:51:08 | INFO | camera_monitor:_monitor_loop:300 | 摄像头 一层室内较小库房摄像头1 检测到变化...
2026-01-29 10:51:08 | DEBUG | image_detection:_calculate_background_subtraction:136 | 检测到前景 (18.246%)，暂停背景学习，避免前景被学习成背景
2026-01-29 10:51:08 | DEBUG | image_detection:_filter_small_areas:213 | 过滤了小区域，过滤面积: 40761.5像素 (1.966%)，保留区域数: 16
2026-01-29 10:51:08 | INFO | camera_monitor:_monitor_loop:300 | 摄像头 一层恒温大件物品区摄像头1 检测到变化...
2026-01-29 10:51:08 | DEBUG | image_detection:_calculate_background_subtraction:136 | 检测到前景 (17.998%)，暂停背景学习，避免前景被学习成背景
2026-01-29 10:51:08 | INFO | camera_monitor:_monitor_loop:300 | 摄像头 一层贵重物品区摄像头1 检测到变化...
2026-01-29 10:51:08 | DEBUG | image_detection:_calculate_background_subtraction:136 | 检测到前景 (17.579%)，暂停背景学习，避免前景被学习成背景
2026-01-29 10:51:08 | INFO | camera_monitor:_monitor_loop:300 | 摄像头 一层室外大件物品区摄像头1 检测到变化...
2026-01-29 10:51:09 | DEBUG | image_detection:_calculate_background_subtraction:136 | 检测到前景 (23.247%)，暂停背景学习，避免前景被学习成背景
2026-01-29 10:51:09 | INFO | camera_monitor:_monitor_loop:300 | 摄像头 一层室内较小库房摄像头1 检测到变化...
2026-01-29 10:51:09 | DEBUG | image_detection:_calculate_background_subtraction:136 | 检测到前景 (18.469%)，暂停背景学习，避免前景被学习成背景
2026-01-29 10:51:09 | DEBUG | image_detection:_filter_small_areas:213 | 过滤了小区域，过滤面积: 42108.5像素 (2.031%)，保留区域数: 12
2026-01-29 10:51:09 | INFO | camera_monitor:_monitor_loop:300 | 摄像头 一层恒温大件物品区摄像头1 检测到变化...
2026-01-29 10:51:09 | DEBUG | image_detection:_calculate_background_subtraction:136 | 检测到前景 (17.568%)，暂停背景学习，避免前景被学习成背景
2026-01-29 10:51:09 | INFO | camera_monitor:_monitor_loop:300 | 摄像头 一层贵重物品区摄像头1 检测到变化...
2026-01-29 10:51:09 | DEBUG | image_detection:_calculate_background_subtraction:136 | 检测到前景 (17.858%)，暂停背景学习，避免前景被学习成背景
2026-01-29 10:51:09 | INFO | camera_monitor:_monitor_loop:300 | 摄像头 一层室外大件物品区摄像头1 检测到变化...
2026-01-29 10:51:10 | DEBUG | image_detection:_calculate_background_subtraction:136 | 检测到前景 (22.274%)，暂停背景学习，避免前景被学习成背景
2026-01-29 10:51:10 | INFO | camera_monitor:_monitor_loop:300 | 摄像头 一层室内较小库房摄像头1 检测到变化...
2026-01-29 10:51:10 | DEBUG | image_detection:_calculate_background_subtraction:136 | 检测到前景 (16.696%)，暂停背景学习，避免前景被学习成背景
2026-01-29 10:51:10 | INFO | camera_monitor:_monitor_loop:300 | 摄像头 一层恒温大件物品区摄像头1 检测到变化...
2026-01-29 10:51:10 | DEBUG | image_detection:_calculate_background_subtraction:136 | 检测到前景 (17.753%)，暂停背景学习，避免前景被学习成背景
2026-01-29 10:51:10 | INFO | camera_monitor:_monitor_loop:300 | 摄像头 一层贵重物品区摄像头1 检测到变化...
2026-01-29 10:51:10 | DEBUG | image_detection:_calculate_background_subtraction:136 | 检测到前景 (17.482%)，暂停背景学习，避免前景被学习成背景
2026-01-29 10:51:10 | INFO | camera_monitor:_monitor_loop:300 | 摄像头 一层室外大件物品区摄像头1 检测到变化...
2026-01-29 10:51:11 | DEBUG | image_detection:_calculate_background_subtraction:136 | 检测到前景 (23.378%)，暂停背景学习，避免前景被学习成背景
2026-01-29 10:51:11 | DEBUG | image_detection:_filter_small_areas:213 | 过滤了小区域，过滤面积: 35637.0像素 (1.719%)，保留区域数: 18
2026-01-29 10:51:11 | INFO | camera_monitor:_monitor_loop:300 | 摄像头 一层室内较小库房摄像头1 检测到变化...
2026-01-29 10:51:11 | DEBUG | image_detection:_calculate_background_subtraction:136 | 检测到前景 (16.785%)，暂停背景学习，避免前景被学习成背景
2026-01-29 10:51:11 | INFO | camera_monitor:_monitor_loop:300 | 摄像头 一层恒温大件物品区摄像头1 检测到变化...
2026-01-29 10:51:11 | DEBUG | image_detection:_calculate_background_subtraction:136 | 检测到前景 (17.002%)，暂停背景学习，避免前景被学习成背景
2026-01-29 10:51:11 | INFO | camera_monitor:_monitor_loop:300 | 摄像头 一层贵重物品区摄像头1 检测到变化...
2026-01-29 10:51:11 | DEBUG | image_detection:_calculate_background_subtraction:136 | 检测到前景 (17.832%)，暂停背景学习，避免前景被学习成背景
2026-01-29 10:51:11 | DEBUG | image_detection:_filter_small_areas:213 | 过滤了小区域，过滤面积: 27117.0像素 (1.308%)，保留区域数: 17
2026-01-29 10:51:11 | INFO | camera_monitor:_monitor_loop:300 | 摄像头 一层室外大件物品区摄像头1 检测到变化...
2026-01-29 10:51:12 | DEBUG | image_detection:_calculate_background_subtraction:136 | 检测到前景 (22.536%)，暂停背景学习，避免前景被学习成背景
2026-01-29 10:51:12 | INFO | camera_monitor:_monitor_loop:300 | 摄像头 一层室内较小库房摄像头1 检测到变化...
2026-01-29 10:51:12 | INFO | __main__:initialize:54 | ========== RTSP监测系统初始化完成（使用背景建模检测） ==========
2026-01-29 10:51:12 | DEBUG | image_detection:_calculate_background_subtraction:136 | 检测到前景 (16.202%)，暂停背景学习，避免前景被学习成背景
2026-01-29 10:51:12 | INFO | camera_monitor:_monitor_loop:300 | 摄像头 一层恒温大件物品区摄像头1 检测到变化...
2026-01-29 10:51:12 | DEBUG | image_detection:_calculate_background_subtraction:136 | 检测到前景 (17.448%)，暂停背景学习，避免前景被学习成背景
2026-01-29 10:51:12 | INFO | camera_monitor:_monitor_loop:300 | 摄像头 一层贵重物品区摄像头1 检测到变化...
2026-01-29 10:51:12 | DEBUG | image_detection:_calculate_background_subtraction:136 | 检测到前景 (17.514%)，暂停背景学习，避免前景被学习成背景
2026-01-29 10:51:12 | INFO | camera_monitor:_monitor_loop:300 | 摄像头 一层室外大件物品区摄像头1 检测到变化...
2026-01-29 10:51:13 | DEBUG | image_detection:_calculate_background_subtraction:136 | 检测到前景 (23.039%)，暂停背景学习，避免前景被学习成背景
2026-01-29 10:51:13 | INFO | camera_monitor:_monitor_loop:300 | 摄像头 一层室内较小库房摄像头1 检测到变化...
2026-01-29 10:51:13 | DEBUG | image_detection:_calculate_background_subtraction:136 | 检测到前景 (16.924%)，暂停背景学习，避免前景被学习成背景
2026-01-29 10:51:13 | INFO | camera_monitor:_monitor_loop:300 | 摄像头 一层恒温大件物品区摄像头1 检测到变化...
2026-01-29 10:51:13 | DEBUG | image_detection:_calculate_background_subtraction:136 | 检测到前景 (12.910%)，暂停背景学习，避免前景被学习成背景
2026-01-29 10:51:13 | INFO | camera_monitor:_monitor_loop:300 | 摄像头 一层贵重物品区摄像头1 检测到变化...
2026-01-29 10:51:13 | DEBUG | image_detection:_calculate_background_subtraction:136 | 检测到前景 (17.951%)，暂停背景学习，避免前景被学习成背景
2026-01-29 10:51:13 | INFO | camera_monitor:_monitor_loop:300 | 摄像头 一层室外大件物品区摄像头1 检测到变化...
2026-01-29 10:51:14 | DEBUG | image_detection:_calculate_background_subtraction:136 | 检测到前景 (23.103%)，暂停背景学习，避免前景被学习成背景
2026-01-29 10:51:14 | INFO | camera_monitor:_monitor_loop:300 | 摄像头 一层室内较小库房摄像头1 检测到变化...
2026-01-29 10:51:14 | DEBUG | image_detection:_calculate_background_subtraction:136 | 检测到前景 (16.274%)，暂停背景学习，避免前景被学习成背景
2026-01-29 10:51:14 | INFO | camera_monitor:_monitor_loop:300 | 摄像头 一层恒温大件物品区摄像头1 检测到变化...
2026-01-29 10:51:14 | DEBUG | image_detection:_calculate_background_subtraction:136 | 检测到前景 (13.840%)，暂停背景学习，避免前景被学习成背景
2026-01-29 10:51:14 | INFO | camera_monitor:_monitor_loop:300 | 摄像头 一层贵重物品区摄像头1 检测到变化...
2026-01-29 10:51:14 | DEBUG | image_detection:_calculate_background_subtraction:136 | 检测到前景 (17.539%)，暂停背景学习，避免前景被学习成背景
2026-01-29 10:51:14 | INFO | camera_monitor:_monitor_loop:300 | 摄像头 一层室外大件物品区摄像头1 检测到变化...
2026-01-29 10:51:15 | DEBUG | image_detection:_calculate_background_subtraction:136 | 检测到前景 (22.934%)，暂停背景学习，避免前景被学习成背景
2026-01-29 10:51:15 | INFO | camera_monitor:_monitor_loop:300 | 摄像头 一层室内较小库房摄像头1 检测到变化...
2026-01-29 10:51:15 | INFO | __main__:start_all_monitors:59 | ========== 开始启动RTSP监测服务 ==========
2026-01-29 10:51:15 | INFO | database:_fetch_cameras_from_api:103 | 调用摄像头配置接口: https://localhost:8090/caseapp/track/rtspStream
2026-01-29 10:51:15 | INFO | database:_fetch_cameras_from_api:121 | 接口返回 7 个摄像头配置
2026-01-29 10:51:15 | WARNING | database:get_all_cameras:171 | 数据库中未找到USB摄像头配置（rtspssl LIKE 'usb:%'）
2026-01-29 10:51:15 | INFO | __main__:start_all_monitors:68 | 找到 7 个有效摄像头，开始启动监测...
2026-01-29 10:51:15 | INFO | __main__:start_all_monitors:85 | YOLO池配置分析: 需要创建池ID=[], 需要默认池=True
2026-01-29 10:51:15 | INFO | __main__:start_all_monitors:100 | 使用多线程 YOLO 池
2026-01-29 10:51:15 | INFO | __main__:start_all_monitors:158 | 摄像头 大门区域摄像头1 (ID: 1) 使用YOLO配置: 默认全局池
2026-01-29 10:51:15 | INFO | camera_monitor:__init__:43 | 摄像头 大门区域摄像头1 (ID: 1) RTSP URL: rtsp://admin:khjy%40123@192.168.100.109:554/Streaming/Channels/100
2026-01-29 10:51:15 | INFO | image_detection:__init__:32 | 初始化背景建模检测器
2026-01-29 10:51:15 | INFO | image_storage:__init__:37 | 图片保存目录: D:\appdata\uploadPath\caseapp
2026-01-29 10:51:15 | INFO | camera_monitor:__init__:58 | 摄像头 大门区域摄像头1 将创建独立YOLO实例
2026-01-29 10:51:15 | INFO | camera_monitor:_worker_process:156 | 后台工作线程开始运行 - 摄像头: 大门区域摄像头1
2026-01-29 10:51:15 | INFO | camera_monitor:start:118 | 后台工作线程已启动: 大门区域摄像头1 (ID: 1)
2026-01-29 10:51:15 | INFO | camera_monitor:_connect_rtsp:447 | 正在连接RTSP流: rtsp://admin:khjy%40123@192.168.100.109:554/Streaming/Channels/100
2026-01-29 10:51:15 | INFO | camera_monitor:start:127 | 开始监测摄像头: 大门区域摄像头1 (ID: 1)
2026-01-29 10:51:15 | DEBUG | image_detection:_calculate_background_subtraction:136 | 检测到前景 (16.587%)，暂停背景学习，避免前景被学习成背景
2026-01-29 10:51:15 | INFO | camera_monitor:_monitor_loop:300 | 摄像头 一层恒温大件物品区摄像头1 检测到变化...
2026-01-29 10:51:15 | DEBUG | image_detection:_calculate_background_subtraction:136 | 检测到前景 (13.533%)，暂停背景学习，避免前景被学习成背景
2026-01-29 10:51:15 | INFO | camera_monitor:_monitor_loop:300 | 摄像头 一层贵重物品区摄像头1 检测到变化...
2026-01-29 10:51:15 | DEBUG | image_detection:_calculate_background_subtraction:136 | 检测到前景 (17.898%)，暂停背景学习，避免前景被学习成背景
2026-01-29 10:51:16 | INFO | camera_monitor:_monitor_loop:300 | 摄像头 一层室外大件物品区摄像头1 检测到变化...
2026-01-29 10:51:16 | DEBUG | image_detection:_calculate_background_subtraction:136 | 检测到前景 (22.613%)，暂停背景学习，避免前景被学习成背景
2026-01-29 10:51:16 | INFO | camera_monitor:_monitor_loop:300 | 摄像头 一层室内较小库房摄像头1 检测到变化...
2026-01-29 10:51:16 | INFO | __main__:start_all_monitors:158 | 摄像头 一层车库区摄像头2 (ID: 2) 使用YOLO配置: 默认全局池
2026-01-29 10:51:16 | INFO | camera_monitor:__init__:43 | 摄像头 一层车库区摄像头2 (ID: 2) RTSP URL: rtsp://admin:khjy%40123@192.168.100.109:554/cam/realmonitor?channel=1&subtype=1
2026-01-29 10:51:16 | INFO | image_detection:__init__:32 | 初始化背景建模检测器
2026-01-29 10:51:16 | INFO | image_storage:__init__:37 | 图片保存目录: D:\appdata\uploadPath\caseapp
2026-01-29 10:51:16 | INFO | camera_monitor:__init__:58 | 摄像头 一层车库区摄像头2 将创建独立YOLO实例
2026-01-29 10:51:16 | INFO | camera_monitor:_worker_process:156 | 后台工作线程开始运行 - 摄像头: 一层车库区摄像头2
2026-01-29 10:51:16 | INFO | camera_monitor:start:118 | 后台工作线程已启动: 一层车库区摄像头2 (ID: 2)
2026-01-29 10:51:16 | INFO | camera_monitor:_connect_rtsp:447 | 正在连接RTSP流: rtsp://admin:khjy%40123@192.168.100.109:554/cam/realmonitor?channel=1&subtype=1
2026-01-29 10:51:16 | INFO | camera_monitor:start:127 | 开始监测摄像头: 一层车库区摄像头2 (ID: 2)
2026-01-29 10:51:16 | DEBUG | image_detection:_calculate_background_subtraction:136 | 检测到前景 (19.836%)，暂停背景学习，避免前景被学习成背景
2026-01-29 10:51:16 | INFO | camera_monitor:_monitor_loop:300 | 摄像头 一层恒温大件物品区摄像头1 检测到变化...
2026-01-29 10:51:16 | DEBUG | image_detection:_calculate_background_subtraction:136 | 检测到前景 (14.363%)，暂停背景学习，避免前景被学习成背景
2026-01-29 10:51:16 | INFO | camera_monitor:_monitor_loop:300 | 摄像头 一层贵重物品区摄像头1 检测到变化...
2026-01-29 10:51:17 | DEBUG | image_detection:_calculate_background_subtraction:136 | 检测到前景 (17.477%)，暂停背景学习，避免前景被学习成背景
2026-01-29 10:51:17 | INFO | camera_monitor:_monitor_loop:300 | 摄像头 一层室外大件物品区摄像头1 检测到变化...
2026-01-29 10:51:17 | DEBUG | image_detection:_calculate_background_subtraction:136 | 检测到前景 (23.121%)，暂停背景学习，避免前景被学习成背景
2026-01-29 10:51:17 | INFO | camera_monitor:_monitor_loop:300 | 摄像头 一层室内较小库房摄像头1 检测到变化...
2026-01-29 10:51:17 | INFO | __main__:start_all_monitors:158 | 摄像头 一层贵重物品区摄像头1 (ID: 3) 使用YOLO配置: 默认全局池
2026-01-29 10:51:17 | INFO | camera_monitor:__init__:43 | 摄像头 一层贵重物品区摄像头1 (ID: 3) RTSP URL: rtsp://admin:khjy%40123@192.168.100.107:554/cam/realmonitor?channel=1&subtype=1
2026-01-29 10:51:17 | INFO | image_detection:__init__:32 | 初始化背景建模检测器
2026-01-29 10:51:17 | INFO | image_storage:__init__:37 | 图片保存目录: D:\appdata\uploadPath\caseapp
2026-01-29 10:51:17 | INFO | camera_monitor:__init__:58 | 摄像头 一层贵重物品区摄像头1 将创建独立YOLO实例
2026-01-29 10:51:17 | INFO | camera_monitor:_worker_process:156 | 后台工作线程开始运行 - 摄像头: 一层贵重物品区摄像头1
2026-01-29 10:51:17 | INFO | camera_monitor:start:118 | 后台工作线程已启动: 一层贵重物品区摄像头1 (ID: 3)
2026-01-29 10:51:17 | INFO | camera_monitor:_connect_rtsp:447 | 正在连接RTSP流: rtsp://admin:khjy%40123@192.168.100.107:554/cam/realmonitor?channel=1&subtype=1
2026-01-29 10:51:17 | INFO | camera_monitor:start:127 | 开始监测摄像头: 一层贵重物品区摄像头1 (ID: 3)
2026-01-29 10:51:17 | DEBUG | image_detection:_calculate_background_subtraction:136 | 检测到前景 (20.643%)，暂停背景学习，避免前景被学习成背景
2026-01-29 10:51:17 | DEBUG | image_detection:_filter_small_areas:213 | 过滤了小区域，过滤面积: 64443.0像素 (3.108%)，保留区域数: 24
2026-01-29 10:51:17 | INFO | camera_monitor:_monitor_loop:300 | 摄像头 一层恒温大件物品区摄像头1 检测到变化...
2026-01-29 10:51:17 | DEBUG | image_detection:_calculate_background_subtraction:136 | 检测到前景 (14.398%)，暂停背景学习，避免前景被学习成背景
2026-01-29 10:51:18 | INFO | camera_monitor:_monitor_loop:300 | 摄像头 一层贵重物品区摄像头1 检测到变化...
2026-01-29 10:51:18 | DEBUG | image_detection:_calculate_background_subtraction:136 | 检测到前景 (17.771%)，暂停背景学习，避免前景被学习成背景
2026-01-29 10:51:18 | INFO | camera_monitor:_monitor_loop:300 | 摄像头 一层室外大件物品区摄像头1 检测到变化...
2026-01-29 10:51:18 | DEBUG | image_detection:_calculate_background_subtraction:136 | 检测到前景 (22.589%)，暂停背景学习，避免前景被学习成背景
2026-01-29 10:51:18 | INFO | camera_monitor:_monitor_loop:300 | 摄像头 一层室内较小库房摄像头1 检测到变化...
2026-01-29 10:51:18 | INFO | __main__:start_all_monitors:158 | 摄像头 一层贵重物品区摄像头1 (ID: 4) 使用YOLO配置: 默认全局池
2026-01-29 10:51:18 | INFO | camera_monitor:__init__:43 | 摄像头 一层贵重物品区摄像头1 (ID: 4) RTSP URL: rtsp://admin:khjy%40321@192.168.100.110:554/cam/realmonitor?channel=1&subtype=1
2026-01-29 10:51:18 | INFO | image_detection:__init__:32 | 初始化背景建模检测器
2026-01-29 10:51:18 | INFO | image_storage:__init__:37 | 图片保存目录: D:\appdata\uploadPath\caseapp
2026-01-29 10:51:18 | INFO | camera_monitor:__init__:58 | 摄像头 一层贵重物品区摄像头1 将创建独立YOLO实例
2026-01-29 10:51:18 | INFO | camera_monitor:_worker_process:156 | 后台工作线程开始运行 - 摄像头: 一层贵重物品区摄像头1
2026-01-29 10:51:18 | INFO | camera_monitor:start:118 | 后台工作线程已启动: 一层贵重物品区摄像头1 (ID: 4)
2026-01-29 10:51:18 | INFO | camera_monitor:_connect_rtsp:447 | 正在连接RTSP流: rtsp://admin:khjy%40321@192.168.100.110:554/cam/realmonitor?channel=1&subtype=1
2026-01-29 10:51:18 | INFO | camera_monitor:start:127 | 开始监测摄像头: 一层贵重物品区摄像头1 (ID: 4)
2026-01-29 10:51:18 | DEBUG | image_detection:_calculate_background_subtraction:136 | 检测到前景 (20.644%)，暂停背景学习，避免前景被学习成背景
2026-01-29 10:51:18 | INFO | camera_monitor:_monitor_loop:300 | 摄像头 一层恒温大件物品区摄像头1 检测到变化...
2026-01-29 10:51:19 | DEBUG | image_detection:_calculate_background_subtraction:136 | 检测到前景 (14.272%)，暂停背景学习，避免前景被学习成背景
2026-01-29 10:51:19 | INFO | camera_monitor:_monitor_loop:300 | 摄像头 一层贵重物品区摄像头1 检测到变化...
2026-01-29 10:51:19 | DEBUG | image_detection:_calculate_background_subtraction:136 | 检测到前景 (17.597%)，暂停背景学习，避免前景被学习成背景
2026-01-29 10:51:19 | INFO | camera_monitor:_monitor_loop:300 | 摄像头 一层室外大件物品区摄像头1 检测到变化...
2026-01-29 10:51:19 | DEBUG | image_detection:_calculate_background_subtraction:136 | 检测到前景 (22.838%)，暂停背景学习，避免前景被学习成背景
2026-01-29 10:51:19 | INFO | camera_monitor:_monitor_loop:300 | 摄像头 一层室内较小库房摄像头1 检测到变化...
2026-01-29 10:51:19 | INFO | __main__:start_all_monitors:158 | 摄像头 一层室外大件物品区摄像头1 (ID: 5) 使用YOLO配置: 默认全局池
2026-01-29 10:51:19 | INFO | camera_monitor:__init__:43 | 摄像头 一层室外大件物品区摄像头1 (ID: 5) RTSP URL: rtsp://admin:khjy%40123@192.168.1.64:554/cam/realmonitor?channel=1&subtype=1
2026-01-29 10:51:19 | INFO | image_detection:__init__:32 | 初始化背景建模检测器
2026-01-29 10:51:19 | INFO | image_storage:__init__:37 | 图片保存目录: D:\appdata\uploadPath\caseapp
2026-01-29 10:51:19 | INFO | camera_monitor:__init__:58 | 摄像头 一层室外大件物品区摄像头1 将创建独立YOLO实例
2026-01-29 10:51:19 | INFO | camera_monitor:_worker_process:156 | 后台工作线程开始运行 - 摄像头: 一层室外大件物品区摄像头1
2026-01-29 10:51:19 | INFO | camera_monitor:start:118 | 后台工作线程已启动: 一层室外大件物品区摄像头1 (ID: 5)
2026-01-29 10:51:19 | INFO | camera_monitor:_connect_rtsp:447 | 正在连接RTSP流: rtsp://admin:khjy%40123@192.168.1.64:554/cam/realmonitor?channel=1&subtype=1
2026-01-29 10:51:19 | INFO | camera_monitor:start:127 | 开始监测摄像头: 一层室外大件物品区摄像头1 (ID: 5)
2026-01-29 10:51:19 | DEBUG | image_detection:_calculate_background_subtraction:136 | 检测到前景 (21.019%)，暂停背景学习，避免前景被学习成背景
2026-01-29 10:51:19 | INFO | camera_monitor:_monitor_loop:300 | 摄像头 一层恒温大件物品区摄像头1 检测到变化...
2026-01-29 10:51:20 | DEBUG | image_detection:_calculate_background_subtraction:136 | 检测到前景 (13.187%)，暂停背景学习，避免前景被学习成背景
2026-01-29 10:51:20 | INFO | camera_monitor:_monitor_loop:300 | 摄像头 一层贵重物品区摄像头1 检测到变化...
2026-01-29 10:51:20 | DEBUG | image_detection:_calculate_background_subtraction:136 | 检测到前景 (17.872%)，暂停背景学习，避免前景被学习成背景
2026-01-29 10:51:20 | INFO | camera_monitor:_monitor_loop:300 | 摄像头 一层室外大件物品区摄像头1 检测到变化...
2026-01-29 10:51:20 | DEBUG | image_detection:_calculate_background_subtraction:136 | 检测到前景 (22.546%)，暂停背景学习，避免前景被学习成背景
2026-01-29 10:51:20 | INFO | camera_monitor:_monitor_loop:300 | 摄像头 一层室内较小库房摄像头1 检测到变化...
2026-01-29 10:51:20 | INFO | __main__:start_all_monitors:158 | 摄像头 一层室内较小库房摄像头1 (ID: 20) 使用YOLO配置: 默认全局池
2026-01-29 10:51:20 | INFO | camera_monitor:__init__:43 | 摄像头 一层室内较小库房摄像头1 (ID: 20) RTSP URL: rtsp://admin:khjy%40321@192.168.100.111:554/cam/realmonitor?channel=1&subtype=1
2026-01-29 10:51:20 | INFO | image_detection:__init__:32 | 初始化背景建模检测器
2026-01-29 10:51:20 | INFO | image_storage:__init__:37 | 图片保存目录: D:\appdata\uploadPath\caseapp
2026-01-29 10:51:20 | INFO | camera_monitor:__init__:58 | 摄像头 一层室内较小库房摄像头1 将创建独立YOLO实例
2026-01-29 10:51:20 | INFO | camera_monitor:_worker_process:156 | 后台工作线程开始运行 - 摄像头: 一层室内较小库房摄像头1
2026-01-29 10:51:20 | INFO | camera_monitor:start:118 | 后台工作线程已启动: 一层室内较小库房摄像头1 (ID: 20)
2026-01-29 10:51:20 | INFO | camera_monitor:_connect_rtsp:447 | 正在连接RTSP流: rtsp://admin:khjy%40321@192.168.100.111:554/cam/realmonitor?channel=1&subtype=1
2026-01-29 10:51:20 | INFO | camera_monitor:start:127 | 开始监测摄像头: 一层室内较小库房摄像头1 (ID: 20)
2026-01-29 10:51:20 | DEBUG | image_detection:_calculate_background_subtraction:136 | 检测到前景 (21.218%)，暂停背景学习，避免前景被学习成背景
2026-01-29 10:51:21 | INFO | camera_monitor:_monitor_loop:300 | 摄像头 一层恒温大件物品区摄像头1 检测到变化...
2026-01-29 10:51:21 | DEBUG | image_detection:_calculate_background_subtraction:136 | 检测到前景 (13.710%)，暂停背景学习，避免前景被学习成背景
2026-01-29 10:51:21 | INFO | camera_monitor:_monitor_loop:300 | 摄像头 一层贵重物品区摄像头1 检测到变化...
2026-01-29 10:51:21 | DEBUG | image_detection:_calculate_background_subtraction:136 | 检测到前景 (17.626%)，暂停背景学习，避免前景被学习成背景
2026-01-29 10:51:21 | INFO | camera_monitor:_monitor_loop:300 | 摄像头 一层室外大件物品区摄像头1 检测到变化...
2026-01-29 10:51:21 | DEBUG | image_detection:_calculate_background_subtraction:136 | 检测到前景 (22.798%)，暂停背景学习，避免前景被学习成背景
2026-01-29 10:51:21 | INFO | camera_monitor:_monitor_loop:300 | 摄像头 一层室内较小库房摄像头1 检测到变化...
2026-01-29 10:51:21 | INFO | __main__:start_all_monitors:158 | 摄像头 一层恒温大件物品区摄像头1 (ID: 21) 使用YOLO配置: 默认全局池
2026-01-29 10:51:21 | INFO | camera_monitor:__init__:43 | 摄像头 一层恒温大件物品区摄像头1 (ID: 21) RTSP URL: rtsp://admin:khjy%40321@192.168.100.112:554/cam/realmonitor?channel=1&subtype=1
2026-01-29 10:51:21 | INFO | image_detection:__init__:32 | 初始化背景建模检测器
2026-01-29 10:51:21 | INFO | image_storage:__init__:37 | 图片保存目录: D:\appdata\uploadPath\caseapp
2026-01-29 10:51:21 | INFO | camera_monitor:__init__:58 | 摄像头 一层恒温大件物品区摄像头1 将创建独立YOLO实例
2026-01-29 10:51:21 | INFO | camera_monitor:_worker_process:156 | 后台工作线程开始运行 - 摄像头: 一层恒温大件物品区摄像头1
2026-01-29 10:51:21 | INFO | camera_monitor:start:118 | 后台工作线程已启动: 一层恒温大件物品区摄像头1 (ID: 21)
2026-01-29 10:51:21 | INFO | camera_monitor:_connect_rtsp:447 | 正在连接RTSP流: rtsp://admin:khjy%40321@192.168.100.112:554/cam/realmonitor?channel=1&subtype=1
2026-01-29 10:51:21 | INFO | camera_monitor:start:127 | 开始监测摄像头: 一层恒温大件物品区摄像头1 (ID: 21)
2026-01-29 10:51:21 | INFO | input_shaper:_log_stats_periodically:217 | [一层室内较小库房摄像头1] InputShaper 统计 - 拉取: 751帧, 输出: 59帧, 丢弃: 0帧, 溢出: 0次, 空读: 0次, 重复: 0次, 缓冲区: 5/30
2026-01-29 10:51:21 | DEBUG | image_detection:_calculate_background_subtraction:136 | 检测到前景 (20.981%)，暂停背景学习，避免前景被学习成背景
2026-01-29 10:51:22 | INFO | camera_monitor:_monitor_loop:300 | 摄像头 一层恒温大件物品区摄像头1 检测到变化...
2026-01-29 10:51:22 | DEBUG | image_detection:_calculate_background_subtraction:136 | 检测到前景 (13.066%)，暂停背景学习，避免前景被学习成背景
2026-01-29 10:51:22 | INFO | camera_monitor:_monitor_loop:300 | 摄像头 一层贵重物品区摄像头1 检测到变化...
2026-01-29 10:51:22 | DEBUG | image_detection:_calculate_background_subtraction:136 | 检测到前景 (17.724%)，暂停背景学习，避免前景被学习成背景
2026-01-29 10:51:22 | INFO | camera_monitor:_monitor_loop:300 | 摄像头 一层室外大件物品区摄像头1 检测到变化...
2026-01-29 10:51:22 | DEBUG | image_detection:_calculate_background_subtraction:136 | 检测到前景 (22.534%)，暂停背景学习，避免前景被学习成背景
2026-01-29 10:51:22 | INFO | camera_monitor:_monitor_loop:300 | 摄像头 一层室内较小库房摄像头1 检测到变化...
2026-01-29 10:51:22 | INFO | __main__:start_all_monitors:173 | ========== RTSP监测服务启动完成 ==========
2026-01-29 10:51:22 | INFO | input_shaper:_log_stats_periodically:217 | [一层贵重物品区摄像头1] InputShaper 统计 - 拉取: 751帧, 输出: 59帧, 丢弃: 0帧, 溢出: 0次, 空读: 0次, 重复: 0次, 缓冲区: 8/30
2026-01-29 10:51:22 | DEBUG | image_detection:_calculate_background_subtraction:136 | 检测到前景 (20.742%)，暂停背景学习，避免前景被学习成背景
2026-01-29 10:51:23 | INFO | camera_monitor:_monitor_loop:300 | 摄像头 一层恒温大件物品区摄像头1 检测到变化...
2026-01-29 10:51:23 | DEBUG | image_detection:_calculate_background_subtraction:136 | 检测到前景 (13.140%)，暂停背景学习，避免前景被学习成背景
2026-01-29 10:51:23 | INFO | camera_monitor:_monitor_loop:300 | 摄像头 一层贵重物品区摄像头1 检测到变化...
2026-01-29 10:51:23 | DEBUG | image_detection:_calculate_background_subtraction:136 | 检测到前景 (17.482%)，暂停背景学习，避免前景被学习成背景
2026-01-29 10:51:23 | INFO | camera_monitor:_monitor_loop:300 | 摄像头 一层室外大件物品区摄像头1 检测到变化...
2026-01-29 10:51:23 | DEBUG | image_detection:_calculate_background_subtraction:136 | 检测到前景 (22.881%)，暂停背景学习，避免前景被学习成背景
2026-01-29 10:51:23 | INFO | camera_monitor:_monitor_loop:300 | 摄像头 一层室内较小库房摄像头1 检测到变化...
2026-01-29 10:51:24 | DEBUG | image_detection:_calculate_background_subtraction:136 | 检测到前景 (21.041%)，暂停背景学习，避免前景被学习成背景
2026-01-29 10:51:24 | INFO | camera_monitor:_monitor_loop:300 | 摄像头 一层恒温大件物品区摄像头1 检测到变化...
2026-01-29 10:51:24 | DEBUG | image_detection:_calculate_background_subtraction:136 | 检测到前景 (15.139%)，暂停背景学习，避免前景被学习成背景
2026-01-29 10:51:24 | INFO | input_shaper:_log_stats_periodically:217 | [一层室外大件物品区摄像头1] InputShaper 统计 - 拉取: 750帧, 输出: 59帧, 丢弃: 0帧, 溢出: 0次, 空读: 0次, 重复: 0次, 缓冲区: 12/30
2026-01-29 10:51:24 | INFO | camera_monitor:_monitor_loop:300 | 摄像头 一层贵重物品区摄像头1 检测到变化...
2026-01-29 10:51:24 | DEBUG | image_detection:_calculate_background_subtraction:136 | 检测到前景 (17.525%)，暂停背景学习，避免前景被学习成背景
2026-01-29 10:51:24 | INFO | camera_monitor:_monitor_loop:300 | 摄像头 一层室外大件物品区摄像头1 检测到变化...
2026-01-29 10:51:24 | DEBUG | image_detection:_calculate_background_subtraction:136 | 检测到前景 (22.338%)，暂停背景学习，避免前景被学习成背景
2026-01-29 10:51:24 | INFO | camera_monitor:_monitor_loop:300 | 摄像头 一层室内较小库房摄像头1 检测到变化...
2026-01-29 10:51:25 | DEBUG | image_detection:_calculate_background_subtraction:136 | 检测到前景 (20.976%)，暂停背景学习，避免前景被学习成背景
2026-01-29 10:51:25 | INFO | camera_monitor:_monitor_loop:300 | 摄像头 一层恒温大件物品区摄像头1 检测到变化...
2026-01-29 10:51:25 | DEBUG | image_detection:_calculate_background_subtraction:136 | 检测到前景 (12.569%)，暂停背景学习，避免前景被学习成背景
2026-01-29 10:51:25 | DEBUG | image_detection:_filter_small_areas:213 | 过滤了小区域，过滤面积: 20768.5像素 (1.002%)，保留区域数: 8
2026-01-29 10:51:25 | INFO | camera_monitor:_monitor_loop:300 | 摄像头 一层贵重物品区摄像头1 检测到变化...
2026-01-29 10:51:25 | DEBUG | image_detection:_calculate_background_subtraction:136 | 检测到前景 (17.280%)，暂停背景学习，避免前景被学习成背景
2026-01-29 10:51:25 | INFO | camera_monitor:_monitor_loop:300 | 摄像头 一层室外大件物品区摄像头1 检测到变化...
2026-01-29 10:51:25 | INFO | input_shaper:_log_stats_periodically:217 | [一层恒温大件物品区摄像头1] InputShaper 统计 - 拉取: 751帧, 输出: 59帧, 丢弃: 0帧, 溢出: 0次, 空读: 0次, 重复: 0次, 缓冲区: 7/30
2026-01-29 10:51:25 | DEBUG | image_detection:_calculate_background_subtraction:136 | 检测到前景 (22.536%)，暂停背景学习，避免前景被学习成背景
2026-01-29 10:51:25 | INFO | camera_monitor:_monitor_loop:300 | 摄像头 一层室内较小库房摄像头1 检测到变化...
2026-01-29 10:51:25 | ERROR | camera_monitor:_connect_rtsp:498 | RTSP连接失败
2026-01-29 10:51:25 | WARNING | camera_monitor:_monitor_loop:212 | 摄像头 一层贵重物品区摄像头1 连接失败，5秒后重试 (尝试 1/3)
2026-01-29 10:51:26 | DEBUG | image_detection:_calculate_background_subtraction:136 | 检测到前景 (20.644%)，暂停背景学习，避免前景被学习成背景
2026-01-29 10:51:26 | INFO | camera_monitor:_monitor_loop:300 | 摄像头 一层恒温大件物品区摄像头1 检测到变化...
2026-01-29 10:51:26 | DEBUG | image_detection:_calculate_background_subtraction:136 | 检测到前景 (16.297%)，暂停背景学习，避免前景被学习成背景
2026-01-29 10:51:26 | INFO | camera_monitor:_monitor_loop:300 | 摄像头 一层贵重物品区摄像头1 检测到变化...
2026-01-29 10:51:26 | DEBUG | image_detection:_calculate_background_subtraction:136 | 检测到前景 (17.349%)，暂停背景学习，避免前景被学习成背景
2026-01-29 10:51:26 | INFO | camera_monitor:_monitor_loop:300 | 摄像头 一层室外大件物品区摄像头1 检测到变化...
2026-01-29 10:51:26 | DEBUG | image_detection:_calculate_background_subtraction:136 | 检测到前景 (22.883%)，暂停背景学习，避免前景被学习成背景
2026-01-29 10:51:27 | INFO | camera_monitor:_monitor_loop:300 | 摄像头 一层室内较小库房摄像头1 检测到变化...
2026-01-29 10:51:27 | DEBUG | image_detection:_calculate_background_subtraction:136 | 检测到前景 (20.701%)，暂停背景学习，避免前景被学习成背景
2026-01-29 10:51:27 | INFO | camera_monitor:_monitor_loop:300 | 摄像头 一层恒温大件物品区摄像头1 检测到变化...
2026-01-29 10:51:27 | DEBUG | image_detection:_calculate_background_subtraction:136 | 检测到前景 (15.032%)，暂停背景学习，避免前景被学习成背景
2026-01-29 10:51:27 | INFO | camera_monitor:_monitor_loop:300 | 摄像头 一层贵重物品区摄像头1 检测到变化...
2026-01-29 10:51:27 | DEBUG | image_detection:_calculate_background_subtraction:136 | 检测到前景 (17.275%)，暂停背景学习，避免前景被学习成背景
2026-01-29 10:51:27 | INFO | camera_monitor:_monitor_loop:300 | 摄像头 一层室外大件物品区摄像头1 检测到变化...
2026-01-29 10:51:28 | DEBUG | image_detection:_calculate_background_subtraction:136 | 检测到前景 (21.229%)，暂停背景学习，避免前景被学习成背景
2026-01-29 10:51:28 | INFO | camera_monitor:_monitor_loop:300 | 摄像头 一层室内较小库房摄像头1 检测到变化...
2026-01-29 10:51:28 | DEBUG | image_detection:_calculate_background_subtraction:136 | 检测到前景 (20.666%)，暂停背景学习，避免前景被学习成背景
2026-01-29 10:51:28 | INFO | camera_monitor:_monitor_loop:300 | 摄像头 一层恒温大件物品区摄像头1 检测到变化...
2026-01-29 10:51:28 | DEBUG | image_detection:_calculate_background_subtraction:136 | 检测到前景 (14.712%)，暂停背景学习，避免前景被学习成背景
2026-01-29 10:51:28 | INFO | camera_monitor:_monitor_loop:300 | 摄像头 一层贵重物品区摄像头1 检测到变化...
2026-01-29 10:51:28 | DEBUG | image_detection:_calculate_background_subtraction:136 | 检测到前景 (17.420%)，暂停背景学习，避免前景被学习成背景
2026-01-29 10:51:28 | INFO | camera_monitor:_monitor_loop:300 | 摄像头 一层室外大件物品区摄像头1 检测到变化...
2026-01-29 10:51:29 | DEBUG | image_detection:_calculate_background_subtraction:136 | 检测到前景 (22.427%)，暂停背景学习，避免前景被学习成背景
2026-01-29 10:51:29 | INFO | camera_monitor:_monitor_loop:300 | 摄像头 一层室内较小库房摄像头1 检测到变化...
2026-01-29 10:51:29 | DEBUG | image_detection:_calculate_background_subtraction:136 | 检测到前景 (20.861%)，暂停背景学习，避免前景被学习成背景
2026-01-29 10:51:29 | INFO | camera_monitor:_monitor_loop:300 | 摄像头 一层恒温大件物品区摄像头1 检测到变化...
2026-01-29 10:51:29 | DEBUG | image_detection:_calculate_background_subtraction:136 | 检测到前景 (13.223%)，暂停背景学习，避免前景被学习成背景
2026-01-29 10:51:29 | DEBUG | image_detection:_calculate_background_subtraction:136 | 检测到前景 (17.168%)，暂停背景学习，避免前景被学习成背景
2026-01-29 10:51:29 | INFO | camera_monitor:_monitor_loop:300 | 摄像头 一层贵重物品区摄像头1 检测到变化...
2026-01-29 10:51:29 | INFO | camera_monitor:_monitor_loop:300 | 摄像头 一层室外大件物品区摄像头1 检测到变化...
2026-01-29 10:51:30 | DEBUG | image_detection:_calculate_background_subtraction:136 | 检测到前景 (21.341%)，暂停背景学习，避免前景被学习成背景
2026-01-29 10:51:30 | INFO | camera_monitor:_monitor_loop:300 | 摄像头 一层室内较小库房摄像头1 检测到变化...
2026-01-29 10:51:30 | DEBUG | image_detection:_calculate_background_subtraction:136 | 检测到前景 (21.257%)，暂停背景学习，避免前景被学习成背景
2026-01-29 10:51:30 | INFO | camera_monitor:_monitor_loop:300 | 摄像头 一层恒温大件物品区摄像头1 检测到变化...
2026-01-29 10:51:30 | DEBUG | image_detection:_calculate_background_subtraction:136 | 检测到前景 (15.799%)，暂停背景学习，避免前景被学习成背景
2026-01-29 10:51:30 | DEBUG | image_detection:_calculate_background_subtraction:136 | 检测到前景 (17.382%)，暂停背景学习，避免前景被学习成背景
2026-01-29 10:51:30 | INFO | camera_monitor:_monitor_loop:300 | 摄像头 一层贵重物品区摄像头1 检测到变化...
2026-01-29 10:51:30 | INFO | camera_monitor:_monitor_loop:300 | 摄像头 一层室外大件物品区摄像头1 检测到变化...
2026-01-29 10:51:30 | INFO | camera_monitor:_connect_rtsp:447 | 正在连接RTSP流: rtsp://admin:khjy%40321@192.168.100.110:554/cam/realmonitor?channel=1&subtype=1
2026-01-29 10:51:31 | DEBUG | image_detection:_calculate_background_subtraction:136 | 检测到前景 (22.335%)，暂停背景学习，避免前景被学习成背景
2026-01-29 10:51:31 | INFO | camera_monitor:_monitor_loop:300 | 摄像头 一层室内较小库房摄像头1 检测到变化...
2026-01-29 10:51:31 | DEBUG | image_detection:_calculate_background_subtraction:136 | 检测到前景 (20.956%)，暂停背景学习，避免前景被学习成背景
2026-01-29 10:51:31 | INFO | camera_monitor:_monitor_loop:300 | 摄像头 一层恒温大件物品区摄像头1 检测到变化...
2026-01-29 10:51:31 | DEBUG | image_detection:_calculate_background_subtraction:136 | 检测到前景 (13.806%)，暂停背景学习，避免前景被学习成背景
2026-01-29 10:51:31 | DEBUG | image_detection:_calculate_background_subtraction:136 | 检测到前景 (17.147%)，暂停背景学习，避免前景被学习成背景
2026-01-29 10:51:31 | INFO | camera_monitor:_monitor_loop:300 | 摄像头 一层贵重物品区摄像头1 检测到变化...
2026-01-29 10:51:31 | INFO | camera_monitor:_monitor_loop:300 | 摄像头 一层室外大件物品区摄像头1 检测到变化...
2026-01-29 10:51:32 | DEBUG | image_detection:_calculate_background_subtraction:136 | 检测到前景 (21.417%)，暂停背景学习，避免前景被学习成背景
2026-01-29 10:51:32 | DEBUG | image_detection:_filter_small_areas:213 | 过滤了小区域，过滤面积: 31703.0像素 (1.529%)，保留区域数: 16
2026-01-29 10:51:32 | INFO | camera_monitor:_monitor_loop:300 | 摄像头 一层室内较小库房摄像头1 检测到变化...
2026-01-29 10:51:32 | DEBUG | image_detection:_calculate_background_subtraction:136 | 检测到前景 (20.879%)，暂停背景学习，避免前景被学习成背景
2026-01-29 10:51:32 | INFO | camera_monitor:_monitor_loop:300 | 摄像头 一层恒温大件物品区摄像头1 检测到变化...
2026-01-29 10:51:32 | DEBUG | image_detection:_calculate_background_subtraction:136 | 检测到前景 (15.674%)，暂停背景学习，避免前景被学习成背景
2026-01-29 10:51:32 | DEBUG | image_detection:_calculate_background_subtraction:136 | 检测到前景 (17.326%)，暂停背景学习，避免前景被学习成背景
2026-01-29 10:51:32 | INFO | camera_monitor:_monitor_loop:300 | 摄像头 一层贵重物品区摄像头1 检测到变化...
2026-01-29 10:51:32 | INFO | camera_monitor:_monitor_loop:300 | 摄像头 一层室外大件物品区摄像头1 检测到变化...
2026-01-29 10:51:33 | DEBUG | image_detection:_calculate_background_subtraction:136 | 检测到前景 (22.249%)，暂停背景学习，避免前景被学习成背景
2026-01-29 10:51:33 | INFO | camera_monitor:_monitor_loop:300 | 摄像头 一层室内较小库房摄像头1 检测到变化...
2026-01-29 10:51:33 | DEBUG | image_detection:_calculate_background_subtraction:136 | 检测到前景 (20.968%)，暂停背景学习，避免前景被学习成背景
2026-01-29 10:51:33 | INFO | camera_monitor:_monitor_loop:300 | 摄像头 一层恒温大件物品区摄像头1 检测到变化...
2026-01-29 10:51:33 | DEBUG | image_detection:_calculate_background_subtraction:136 | 检测到前景 (14.073%)，暂停背景学习，避免前景被学习成背景
2026-01-29 10:51:33 | DEBUG | image_detection:_calculate_background_subtraction:136 | 检测到前景 (17.128%)，暂停背景学习，避免前景被学习成背景
2026-01-29 10:51:33 | INFO | camera_monitor:_monitor_loop:300 | 摄像头 一层贵重物品区摄像头1 检测到变化...
2026-01-29 10:51:33 | INFO | camera_monitor:_monitor_loop:300 | 摄像头 一层室外大件物品区摄像头1 检测到变化...
2026-01-29 10:51:34 | DEBUG | image_detection:_calculate_background_subtraction:136 | 检测到前景 (21.268%)，暂停背景学习，避免前景被学习成背景
2026-01-29 10:51:34 | INFO | camera_monitor:_monitor_loop:300 | 摄像头 一层室内较小库房摄像头1 检测到变化...
2026-01-29 10:51:34 | DEBUG | image_detection:_calculate_background_subtraction:136 | 检测到前景 (20.797%)，暂停背景学习，避免前景被学习成背景
2026-01-29 10:51:34 | DEBUG | image_detection:_filter_small_areas:213 | 过滤了小区域，过滤面积: 61992.5像素 (2.990%)，保留区域数: 17
2026-01-29 10:51:34 | INFO | camera_monitor:_monitor_loop:300 | 摄像头 一层恒温大件物品区摄像头1 检测到变化...
2026-01-29 10:51:34 | DEBUG | image_detection:_calculate_background_subtraction:136 | 检测到前景 (15.443%)，暂停背景学习，避免前景被学习成背景
2026-01-29 10:51:34 | DEBUG | image_detection:_calculate_background_subtraction:136 | 检测到前景 (17.257%)，暂停背景学习，避免前景被学习成背景
2026-01-29 10:51:34 | INFO | camera_monitor:_monitor_loop:300 | 摄像头 一层贵重物品区摄像头1 检测到变化...
2026-01-29 10:51:34 | INFO | camera_monitor:_monitor_loop:300 | 摄像头 一层室外大件物品区摄像头1 检测到变化...
2026-01-29 10:51:35 | DEBUG | image_detection:_calculate_background_subtraction:136 | 检测到前景 (22.199%)，暂停背景学习，避免前景被学习成背景
2026-01-29 10:51:35 | INFO | camera_monitor:_monitor_loop:300 | 摄像头 一层室内较小库房摄像头1 检测到变化...
2026-01-29 10:51:35 | DEBUG | image_detection:_calculate_background_subtraction:136 | 检测到前景 (20.459%)，暂停背景学习，避免前景被学习成背景
2026-01-29 10:51:35 | DEBUG | image_detection:_filter_small_areas:213 | 过滤了小区域，过滤面积: 62491.0像素 (3.014%)，保留区域数: 21
2026-01-29 10:51:35 | INFO | camera_monitor:_monitor_loop:300 | 摄像头 一层恒温大件物品区摄像头1 检测到变化...
2026-01-29 10:51:35 | DEBUG | image_detection:_calculate_background_subtraction:136 | 检测到前景 (13.793%)，暂停背景学习，避免前景被学习成背景
2026-01-29 10:51:35 | DEBUG | image_detection:_calculate_background_subtraction:136 | 检测到前景 (17.032%)，暂停背景学习，避免前景被学习成背景
2026-01-29 10:51:35 | INFO | camera_monitor:_monitor_loop:300 | 摄像头 一层贵重物品区摄像头1 检测到变化...
2026-01-29 10:51:35 | INFO | camera_monitor:_monitor_loop:300 | 摄像头 一层室外大件物品区摄像头1 检测到变化...
2026-01-29 10:51:36 | DEBUG | image_detection:_calculate_background_subtraction:136 | 检测到前景 (21.580%)，暂停背景学习，避免前景被学习成背景
2026-01-29 10:51:36 | INFO | camera_monitor:_monitor_loop:300 | 摄像头 一层室内较小库房摄像头1 检测到变化...
2026-01-29 10:51:36 | DEBUG | image_detection:_calculate_background_subtraction:136 | 检测到前景 (20.434%)，暂停背景学习，避免前景被学习成背景
2026-01-29 10:51:36 | DEBUG | image_detection:_filter_small_areas:213 | 过滤了小区域，过滤面积: 59682.0像素 (2.878%)，保留区域数: 21
2026-01-29 10:51:36 | INFO | camera_monitor:_monitor_loop:300 | 摄像头 一层恒温大件物品区摄像头1 检测到变化...
2026-01-29 10:51:36 | DEBUG | image_detection:_calculate_background_subtraction:136 | 检测到前景 (12.542%)，暂停背景学习，避免前景被学习成背景
2026-01-29 10:51:36 | DEBUG | image_detection:_calculate_background_subtraction:136 | 检测到前景 (17.217%)，暂停背景学习，避免前景被学习成背景
2026-01-29 10:51:36 | INFO | camera_monitor:_monitor_loop:300 | 摄像头 一层贵重物品区摄像头1 检测到变化...
2026-01-29 10:51:36 | INFO | camera_monitor:_monitor_loop:300 | 摄像头 一层室外大件物品区摄像头1 检测到变化...
2026-01-29 10:51:37 | DEBUG | image_detection:_calculate_background_subtraction:136 | 检测到前景 (22.194%)，暂停背景学习，避免前景被学习成背景
2026-01-29 10:51:37 | INFO | camera_monitor:_monitor_loop:300 | 摄像头 一层室内较小库房摄像头1 检测到变化...
2026-01-29 10:51:37 | DEBUG | image_detection:_calculate_background_subtraction:136 | 检测到前景 (20.465%)，暂停背景学习，避免前景被学习成背景
2026-01-29 10:51:37 | INFO | camera_monitor:_monitor_loop:300 | 摄像头 一层恒温大件物品区摄像头1 检测到变化...
2026-01-29 10:51:37 | DEBUG | image_detection:_calculate_background_subtraction:136 | 检测到前景 (11.407%)，暂停背景学习，避免前景被学习成背景
2026-01-29 10:51:37 | DEBUG | image_detection:_calculate_background_subtraction:136 | 检测到前景 (17.025%)，暂停背景学习，避免前景被学习成背景
2026-01-29 10:51:37 | INFO | camera_monitor:_monitor_loop:300 | 摄像头 一层贵重物品区摄像头1 检测到变化...
2026-01-29 10:51:37 | INFO | camera_monitor:_monitor_loop:300 | 摄像头 一层室外大件物品区摄像头1 检测到变化...
2026-01-29 10:51:38 | DEBUG | image_detection:_calculate_background_subtraction:136 | 检测到前景 (21.511%)，暂停背景学习，避免前景被学习成背景
2026-01-29 10:51:38 | INFO | camera_monitor:_monitor_loop:300 | 摄像头 一层室内较小库房摄像头1 检测到变化...
2026-01-29 10:51:38 | DEBUG | image_detection:_calculate_background_subtraction:136 | 检测到前景 (20.551%)，暂停背景学习，避免前景被学习成背景
2026-01-29 10:51:38 | INFO | camera_monitor:_monitor_loop:300 | 摄像头 一层恒温大件物品区摄像头1 检测到变化...
2026-01-29 10:51:38 | DEBUG | image_detection:_calculate_background_subtraction:136 | 检测到前景 (13.326%)，暂停背景学习，避免前景被学习成背景
2026-01-29 10:51:38 | DEBUG | image_detection:_calculate_background_subtraction:136 | 检测到前景 (16.632%)，暂停背景学习，避免前景被学习成背景
2026-01-29 10:51:38 | DEBUG | image_detection:_filter_small_areas:213 | 过滤了小区域，过滤面积: 24876.0像素 (1.200%)，保留区域数: 20
2026-01-29 10:51:38 | INFO | camera_monitor:_monitor_loop:300 | 摄像头 一层贵重物品区摄像头1 检测到变化...
2026-01-29 10:51:38 | INFO | camera_monitor:_monitor_loop:300 | 摄像头 一层室外大件物品区摄像头1 检测到变化...
2026-01-29 10:51:39 | DEBUG | image_detection:_calculate_background_subtraction:136 | 检测到前景 (22.053%)，暂停背景学习，避免前景被学习成背景
2026-01-29 10:51:39 | DEBUG | image_detection:_filter_small_areas:213 | 过滤了小区域，过滤面积: 32537.0像素 (1.569%)，保留区域数: 16
2026-01-29 10:51:39 | INFO | camera_monitor:_monitor_loop:300 | 摄像头 一层室内较小库房摄像头1 检测到变化...
2026-01-29 10:51:39 | DEBUG | image_detection:_calculate_background_subtraction:136 | 检测到前景 (20.295%)，暂停背景学习，避免前景被学习成背景
2026-01-29 10:51:39 | INFO | camera_monitor:_monitor_loop:300 | 摄像头 一层恒温大件物品区摄像头1 检测到变化...
2026-01-29 10:51:39 | DEBUG | image_detection:_calculate_background_subtraction:136 | 检测到前景 (11.485%)，暂停背景学习，避免前景被学习成背景
2026-01-29 10:51:39 | DEBUG | image_detection:_calculate_background_subtraction:136 | 检测到前景 (16.993%)，暂停背景学习，避免前景被学习成背景
2026-01-29 10:51:39 | INFO | camera_monitor:_monitor_loop:300 | 摄像头 一层贵重物品区摄像头1 检测到变化...
2026-01-29 10:51:39 | INFO | camera_monitor:_monitor_loop:300 | 摄像头 一层室外大件物品区摄像头1 检测到变化...
2026-01-29 10:51:40 | DEBUG | image_detection:_calculate_background_subtraction:136 | 检测到前景 (21.693%)，暂停背景学习，避免前景被学习成背景
2026-01-29 10:51:40 | INFO | camera_monitor:_monitor_loop:300 | 摄像头 一层室内较小库房摄像头1 检测到变化...
2026-01-29 10:51:40 | DEBUG | image_detection:_calculate_background_subtraction:136 | 检测到前景 (20.435%)，暂停背景学习，避免前景被学习成背景
2026-01-29 10:51:40 | INFO | camera_monitor:_monitor_loop:300 | 摄像头 一层恒温大件物品区摄像头1 检测到变化...
2026-01-29 10:51:40 | DEBUG | image_detection:_calculate_background_subtraction:136 | 检测到前景 (12.694%)，暂停背景学习，避免前景被学习成背景
2026-01-29 10:51:40 | DEBUG | image_detection:_calculate_background_subtraction:136 | 检测到前景 (15.340%)，暂停背景学习，避免前景被学习成背景
2026-01-29 10:51:40 | INFO | camera_monitor:_monitor_loop:300 | 摄像头 一层贵重物品区摄像头1 检测到变化...
2026-01-29 10:51:40 | INFO | camera_monitor:_monitor_loop:300 | 摄像头 一层室外大件物品区摄像头1 检测到变化...
2026-01-29 10:51:41 | DEBUG | image_detection:_calculate_background_subtraction:136 | 检测到前景 (22.367%)，暂停背景学习，避免前景被学习成背景
2026-01-29 10:51:41 | INFO | camera_monitor:_monitor_loop:300 | 摄像头 一层室内较小库房摄像头1 检测到变化...
2026-01-29 10:51:41 | DEBUG | image_detection:_calculate_background_subtraction:136 | 检测到前景 (16.555%)，暂停背景学习，避免前景被学习成背景
2026-01-29 10:51:41 | INFO | camera_monitor:_monitor_loop:300 | 摄像头 一层恒温大件物品区摄像头1 检测到变化...
2026-01-29 10:51:41 | DEBUG | image_detection:_calculate_background_subtraction:136 | 检测到前景 (12.275%)，暂停背景学习，避免前景被学习成背景
2026-01-29 10:51:41 | DEBUG | image_detection:_calculate_background_subtraction:136 | 检测到前景 (17.047%)，暂停背景学习，避免前景被学习成背景
2026-01-29 10:51:41 | INFO | camera_monitor:_monitor_loop:300 | 摄像头 一层贵重物品区摄像头1 检测到变化...
2026-01-29 10:51:41 | INFO | camera_monitor:_monitor_loop:300 | 摄像头 一层室外大件物品区摄像头1 检测到变化...
2026-01-29 10:51:42 | DEBUG | image_detection:_calculate_background_subtraction:136 | 检测到前景 (21.959%)，暂停背景学习，避免前景被学习成背景
2026-01-29 10:51:42 | INFO | camera_monitor:_monitor_loop:300 | 摄像头 一层室内较小库房摄像头1 检测到变化...
2026-01-29 10:51:42 | DEBUG | image_detection:_calculate_background_subtraction:136 | 检测到前景 (16.040%)，暂停背景学习，避免前景被学习成背景
2026-01-29 10:51:42 | INFO | camera_monitor:_monitor_loop:300 | 摄像头 一层恒温大件物品区摄像头1 检测到变化...
2026-01-29 10:51:42 | DEBUG | image_detection:_calculate_background_subtraction:136 | 检测到前景 (13.863%)，暂停背景学习，避免前景被学习成背景
2026-01-29 10:51:42 | DEBUG | image_detection:_calculate_background_subtraction:136 | 检测到前景 (15.716%)，暂停背景学习，避免前景被学习成背景
2026-01-29 10:51:42 | INFO | camera_monitor:_monitor_loop:300 | 摄像头 一层贵重物品区摄像头1 检测到变化...
2026-01-29 10:51:42 | INFO | camera_monitor:_monitor_loop:300 | 摄像头 一层室外大件物品区摄像头1 检测到变化...
2026-01-29 10:51:43 | DEBUG | image_detection:_calculate_background_subtraction:136 | 检测到前景 (22.366%)，暂停背景学习，避免前景被学习成背景
2026-01-29 10:51:43 | INFO | camera_monitor:_monitor_loop:300 | 摄像头 一层室内较小库房摄像头1 检测到变化...
2026-01-29 10:51:43 | DEBUG | image_detection:_calculate_background_subtraction:136 | 检测到前景 (18.022%)，暂停背景学习，避免前景被学习成背景
2026-01-29 10:51:43 | INFO | camera_monitor:_monitor_loop:300 | 摄像头 一层恒温大件物品区摄像头1 检测到变化...
2026-01-29 10:51:43 | DEBUG | image_detection:_calculate_background_subtraction:136 | 检测到前景 (13.379%)，暂停背景学习，避免前景被学习成背景
2026-01-29 10:51:43 | DEBUG | image_detection:_calculate_background_subtraction:136 | 检测到前景 (17.053%)，暂停背景学习，避免前景被学习成背景
2026-01-29 10:51:43 | INFO | camera_monitor:_monitor_loop:300 | 摄像头 一层贵重物品区摄像头1 检测到变化...
2026-01-29 10:51:43 | INFO | camera_monitor:_monitor_loop:300 | 摄像头 一层室外大件物品区摄像头1 检测到变化...
2026-01-29 10:51:44 | DEBUG | image_detection:_calculate_background_subtraction:136 | 检测到前景 (21.902%)，暂停背景学习，避免前景被学习成背景
2026-01-29 10:51:44 | DEBUG | image_detection:_filter_small_areas:213 | 过滤了小区域，过滤面积: 33727.0像素 (1.626%)，保留区域数: 19
2026-01-29 10:51:44 | INFO | camera_monitor:_monitor_loop:300 | 摄像头 一层室内较小库房摄像头1 检测到变化...
2026-01-29 10:51:44 | DEBUG | image_detection:_calculate_background_subtraction:136 | 检测到前景 (14.117%)，暂停背景学习，避免前景被学习成背景
2026-01-29 10:51:44 | DEBUG | image_detection:_calculate_background_subtraction:136 | 检测到前景 (16.006%)，暂停背景学习，避免前景被学习成背景
2026-01-29 10:51:44 | INFO | camera_monitor:_monitor_loop:300 | 摄像头 一层贵重物品区摄像头1 检测到变化...
2026-01-29 10:51:44 | INFO | camera_monitor:_monitor_loop:300 | 摄像头 一层室外大件物品区摄像头1 检测到变化...
2026-01-29 10:51:44 | DEBUG | image_detection:_calculate_background_subtraction:136 | 检测到前景 (20.347%)，暂停背景学习，避免前景被学习成背景
2026-01-29 10:51:44 | INFO | camera_monitor:_monitor_loop:300 | 摄像头 一层恒温大件物品区摄像头1 检测到变化...
2026-01-29 10:51:45 | DEBUG | image_detection:_calculate_background_subtraction:136 | 检测到前景 (22.906%)，暂停背景学习，避免前景被学习成背景
2026-01-29 10:51:45 | INFO | camera_monitor:_monitor_loop:300 | 摄像头 一层室内较小库房摄像头1 检测到变化...
2026-01-29 10:51:45 | DEBUG | image_detection:_calculate_background_subtraction:136 | 检测到前景 (13.408%)，暂停背景学习，避免前景被学习成背景
2026-01-29 10:51:45 | DEBUG | image_detection:_calculate_background_subtraction:136 | 检测到前景 (17.197%)，暂停背景学习，避免前景被学习成背景
2026-01-29 10:51:45 | INFO | camera_monitor:_monitor_loop:300 | 摄像头 一层贵重物品区摄像头1 检测到变化...
2026-01-29 10:51:45 | INFO | camera_monitor:_monitor_loop:300 | 摄像头 一层室外大件物品区摄像头1 检测到变化...
2026-01-29 10:51:45 | DEBUG | image_detection:_calculate_background_subtraction:136 | 检测到前景 (19.069%)，暂停背景学习，避免前景被学习成背景
2026-01-29 10:51:45 | INFO | camera_monitor:_monitor_loop:300 | 摄像头 一层恒温大件物品区摄像头1 检测到变化...
2026-01-29 10:51:46 | DEBUG | image_detection:_calculate_background_subtraction:136 | 检测到前景 (22.684%)，暂停背景学习，避免前景被学习成背景
2026-01-29 10:51:46 | INFO | camera_monitor:_monitor_loop:300 | 摄像头 一层室内较小库房摄像头1 检测到变化...
2026-01-29 10:51:46 | ERROR | camera_monitor:_connect_rtsp:498 | RTSP连接失败
2026-01-29 10:51:46 | WARNING | camera_monitor:_monitor_loop:212 | 摄像头 大门区域摄像头1 连接失败，5秒后重试 (尝试 1/3)
2026-01-29 10:51:46 | DEBUG | image_detection:_calculate_background_subtraction:136 | 检测到前景 (14.156%)，暂停背景学习，避免前景被学习成背景
2026-01-29 10:51:46 | DEBUG | image_detection:_calculate_background_subtraction:136 | 检测到前景 (16.195%)，暂停背景学习，避免前景被学习成背景
2026-01-29 10:51:46 | INFO | camera_monitor:_monitor_loop:300 | 摄像头 一层贵重物品区摄像头1 检测到变化...
2026-01-29 10:51:46 | INFO | camera_monitor:_monitor_loop:300 | 摄像头 一层室外大件物品区摄像头1 检测到变化...
2026-01-29 10:51:46 | DEBUG | image_detection:_calculate_background_subtraction:136 | 检测到前景 (18.905%)，暂停背景学习，避免前景被学习成背景
2026-01-29 10:51:46 | DEBUG | image_detection:_filter_small_areas:213 | 过滤了小区域，过滤面积: 44674.5像素 (2.154%)，保留区域数: 19
2026-01-29 10:51:46 | INFO | camera_monitor:_monitor_loop:300 | 摄像头 一层恒温大件物品区摄像头1 检测到变化...
2026-01-29 10:51:47 | DEBUG | image_detection:_calculate_background_subtraction:136 | 检测到前景 (23.091%)，暂停背景学习，避免前景被学习成背景
2026-01-29 10:51:47 | INFO | camera_monitor:_monitor_loop:300 | 摄像头 一层室内较小库房摄像头1 检测到变化...
2026-01-29 10:51:47 | DEBUG | image_detection:_calculate_background_subtraction:136 | 检测到前景 (12.830%)，暂停背景学习，避免前景被学习成背景
2026-01-29 10:51:47 | DEBUG | image_detection:_calculate_background_subtraction:136 | 检测到前景 (17.182%)，暂停背景学习，避免前景被学习成背景
2026-01-29 10:51:47 | INFO | camera_monitor:_monitor_loop:300 | 摄像头 一层贵重物品区摄像头1 检测到变化...
2026-01-29 10:51:47 | INFO | camera_monitor:_monitor_loop:300 | 摄像头 一层室外大件物品区摄像头1 检测到变化...
2026-01-29 10:51:47 | DEBUG | image_detection:_calculate_background_subtraction:136 | 检测到前景 (21.075%)，暂停背景学习，避免前景被学习成背景
2026-01-29 10:51:48 | INFO | camera_monitor:_monitor_loop:300 | 摄像头 一层恒温大件物品区摄像头1 检测到变化...
2026-01-29 10:51:48 | DEBUG | image_detection:_calculate_background_subtraction:136 | 检测到前景 (22.307%)，暂停背景学习，避免前景被学习成背景
2026-01-29 10:51:48 | INFO | camera_monitor:_monitor_loop:300 | 摄像头 一层室内较小库房摄像头1 检测到变化...
2026-01-29 10:51:48 | DEBUG | image_detection:_calculate_background_subtraction:136 | 检测到前景 (14.584%)，暂停背景学习，避免前景被学习成背景
2026-01-29 10:51:48 | DEBUG | image_detection:_calculate_background_subtraction:136 | 检测到前景 (16.206%)，暂停背景学习，避免前景被学习成背景
2026-01-29 10:51:48 | INFO | camera_monitor:_monitor_loop:300 | 摄像头 一层贵重物品区摄像头1 检测到变化...
2026-01-29 10:51:48 | INFO | camera_monitor:_monitor_loop:300 | 摄像头 一层室外大件物品区摄像头1 检测到变化...
2026-01-29 10:51:49 | DEBUG | image_detection:_calculate_background_subtraction:136 | 检测到前景 (23.522%)，暂停背景学习，避免前景被学习成背景
2026-01-29 10:51:49 | INFO | camera_monitor:_monitor_loop:300 | 摄像头 一层恒温大件物品区摄像头1 检测到变化...
2026-01-29 10:51:49 | DEBUG | image_detection:_calculate_background_subtraction:136 | 检测到前景 (23.388%)，暂停背景学习，避免前景被学习成背景
2026-01-29 10:51:49 | INFO | camera_monitor:_monitor_loop:300 | 摄像头 一层室内较小库房摄像头1 检测到变化...
2026-01-29 10:51:49 | DEBUG | image_detection:_calculate_background_subtraction:136 | 检测到前景 (13.219%)，暂停背景学习，避免前景被学习成背景
2026-01-29 10:51:49 | INFO | camera_monitor:_monitor_loop:300 | 摄像头 一层贵重物品区摄像头1 检测到变化...
2026-01-29 10:51:49 | DEBUG | image_detection:_calculate_background_subtraction:136 | 检测到前景 (17.105%)，暂停背景学习，避免前景被学习成背景
2026-01-29 10:51:49 | INFO | camera_monitor:_monitor_loop:300 | 摄像头 一层室外大件物品区摄像头1 检测到变化...
2026-01-29 10:51:50 | DEBUG | image_detection:_calculate_background_subtraction:136 | 检测到前景 (27.301%)，暂停背景学习，避免前景被学习成背景
2026-01-29 10:51:50 | INFO | camera_monitor:_monitor_loop:300 | 摄像头 一层恒温大件物品区摄像头1 检测到变化...
2026-01-29 10:51:50 | DEBUG | image_detection:_calculate_background_subtraction:136 | 检测到前景 (23.007%)，暂停背景学习，避免前景被学习成背景
2026-01-29 10:51:50 | INFO | camera_monitor:_monitor_loop:300 | 摄像头 一层室内较小库房摄像头1 检测到变化...
2026-01-29 10:51:50 | DEBUG | image_detection:_calculate_background_subtraction:136 | 检测到前景 (13.964%)，暂停背景学习，避免前景被学习成背景
2026-01-29 10:51:50 | DEBUG | image_detection:_calculate_background_subtraction:136 | 检测到前景 (16.032%)，暂停背景学习，避免前景被学习成背景
2026-01-29 10:51:50 | INFO | camera_monitor:_monitor_loop:300 | 摄像头 一层贵重物品区摄像头1 检测到变化...
2026-01-29 10:51:50 | INFO | camera_monitor:_monitor_loop:300 | 摄像头 一层室外大件物品区摄像头1 检测到变化...
2026-01-29 10:51:51 | DEBUG | image_detection:_calculate_background_subtraction:136 | 检测到前景 (25.004%)，暂停背景学习，避免前景被学习成背景
2026-01-29 10:51:51 | DEBUG | image_detection:_filter_small_areas:213 | 过滤了小区域，过滤面积: 37169.5像素 (1.793%)，保留区域数: 10
2026-01-29 10:51:51 | INFO | camera_monitor:_monitor_loop:300 | 摄像头 一层恒温大件物品区摄像头1 检测到变化...
2026-01-29 10:51:51 | INFO | camera_monitor:_connect_rtsp:447 | 正在连接RTSP流: rtsp://admin:khjy%40123@192.168.100.109:554/Streaming/Channels/100
2026-01-29 10:51:51 | DEBUG | image_detection:_calculate_background_subtraction:136 | 检测到前景 (22.566%)，暂停背景学习，避免前景被学习成背景
2026-01-29 10:51:51 | INFO | camera_monitor:_monitor_loop:300 | 摄像头 一层室内较小库房摄像头1 检测到变化...
2026-01-29 10:51:51 | INFO | input_shaper:_log_stats_periodically:217 | [一层室内较小库房摄像头1] InputShaper 统计 - 拉取: 750帧, 输出: 59帧, 丢弃: 0帧, 溢出: 0次, 空读: 0次, 重复: 0次, 缓冲区: 4/30
2026-01-29 10:51:51 | DEBUG | image_detection:_calculate_background_subtraction:136 | 检测到前景 (13.233%)，暂停背景学习，避免前景被学习成背景
2026-01-29 10:51:51 | INFO | camera_monitor:_monitor_loop:300 | 摄像头 一层贵重物品区摄像头1 检测到变化...
2026-01-29 10:51:51 | DEBUG | image_detection:_calculate_background_subtraction:136 | 检测到前景 (16.531%)，暂停背景学习，避免前景被学习成背景
2026-01-29 10:51:51 | INFO | camera_monitor:_monitor_loop:300 | 摄像头 一层室外大件物品区摄像头1 检测到变化...
2026-01-29 10:51:52 | DEBUG | image_detection:_calculate_background_subtraction:136 | 检测到前景 (23.530%)，暂停背景学习，避免前景被学习成背景
2026-01-29 10:51:52 | INFO | camera_monitor:_monitor_loop:300 | 摄像头 一层恒温大件物品区摄像头1 检测到变化...
2026-01-29 10:51:52 | DEBUG | image_detection:_calculate_background_subtraction:136 | 检测到前景 (22.815%)，暂停背景学习，避免前景被学习成背景
2026-01-29 10:51:52 | DEBUG | image_detection:_filter_small_areas:213 | 过滤了小区域，过滤面积: 37565.0像素 (1.812%)，保留区域数: 15
2026-01-29 10:51:52 | INFO | camera_monitor:_monitor_loop:300 | 摄像头 一层室内较小库房摄像头1 检测到变化...
2026-01-29 10:51:52 | DEBUG | image_detection:_calculate_background_subtraction:136 | 检测到前景 (13.932%)，暂停背景学习，避免前景被学习成背景
2026-01-29 10:51:52 | INFO | camera_monitor:_monitor_loop:300 | 摄像头 一层贵重物品区摄像头1 检测到变化...
2026-01-29 10:51:52 | DEBUG | image_detection:_calculate_background_subtraction:136 | 检测到前景 (16.318%)，暂停背景学习，避免前景被学习成背景
2026-01-29 10:51:52 | INFO | camera_monitor:_monitor_loop:300 | 摄像头 一层室外大件物品区摄像头1 检测到变化...
2026-01-29 10:51:52 | INFO | input_shaper:_log_stats_periodically:217 | [一层贵重物品区摄像头1] InputShaper 统计 - 拉取: 751帧, 输出: 59帧, 丢弃: 0帧, 溢出: 0次, 空读: 0次, 重复: 0次, 缓冲区: 6/30
2026-01-29 10:51:53 | DEBUG | image_detection:_calculate_background_subtraction:136 | 检测到前景 (19.358%)，暂停背景学习，避免前景被学习成背景
2026-01-29 10:51:53 | INFO | camera_monitor:_monitor_loop:300 | 摄像头 一层恒温大件物品区摄像头1 检测到变化...
2026-01-29 10:51:53 | DEBUG | image_detection:_calculate_background_subtraction:136 | 检测到前景 (21.768%)，暂停背景学习，避免前景被学习成背景
2026-01-29 10:51:53 | INFO | camera_monitor:_monitor_loop:300 | 摄像头 一层室内较小库房摄像头1 检测到变化...
2026-01-29 10:51:53 | DEBUG | image_detection:_calculate_background_subtraction:136 | 检测到前景 (12.567%)，暂停背景学习，避免前景被学习成背景
2026-01-29 10:51:53 | INFO | camera_monitor:_monitor_loop:300 | 摄像头 一层贵重物品区摄像头1 检测到变化...
2026-01-29 10:51:53 | DEBUG | image_detection:_calculate_background_subtraction:136 | 检测到前景 (16.968%)，暂停背景学习，避免前景被学习成背景
2026-01-29 10:51:53 | INFO | camera_monitor:_monitor_loop:300 | 摄像头 一层室外大件物品区摄像头1 检测到变化...
2026-01-29 10:51:54 | DEBUG | image_detection:_calculate_background_subtraction:136 | 检测到前景 (24.464%)，暂停背景学习，避免前景被学习成背景
2026-01-29 10:51:54 | INFO | input_shaper:_log_stats_periodically:217 | [一层室外大件物品区摄像头1] InputShaper 统计 - 拉取: 750帧, 输出: 59帧, 丢弃: 0帧, 溢出: 0次, 空读: 0次, 重复: 0次, 缓冲区: 10/30
2026-01-29 10:51:54 | INFO | camera_monitor:_monitor_loop:300 | 摄像头 一层恒温大件物品区摄像头1 检测到变化...
2026-01-29 10:51:54 | DEBUG | image_detection:_calculate_background_subtraction:136 | 检测到前景 (21.501%)，暂停背景学习，避免前景被学习成背景
2026-01-29 10:51:54 | INFO | camera_monitor:_monitor_loop:300 | 摄像头 一层室内较小库房摄像头1 检测到变化...
2026-01-29 10:51:54 | DEBUG | image_detection:_calculate_background_subtraction:136 | 检测到前景 (13.194%)，暂停背景学习，避免前景被学习成背景
2026-01-29 10:51:54 | INFO | camera_monitor:_monitor_loop:300 | 摄像头 一层贵重物品区摄像头1 检测到变化...
2026-01-29 10:51:54 | DEBUG | image_detection:_calculate_background_subtraction:136 | 检测到前景 (16.427%)，暂停背景学习，避免前景被学习成背景
2026-01-29 10:51:54 | INFO | camera_monitor:_monitor_loop:300 | 摄像头 一层室外大件物品区摄像头1 检测到变化...
2026-01-29 10:51:55 | DEBUG | image_detection:_calculate_background_subtraction:136 | 检测到前景 (21.094%)，暂停背景学习，避免前景被学习成背景
2026-01-29 10:51:55 | INFO | camera_monitor:_monitor_loop:300 | 摄像头 一层恒温大件物品区摄像头1 检测到变化...
2026-01-29 10:51:55 | INFO | input_shaper:_log_stats_periodically:217 | [一层恒温大件物品区摄像头1] InputShaper 统计 - 拉取: 750帧, 输出: 59帧, 丢弃: 0帧, 溢出: 0次, 空读: 0次, 重复: 0次, 缓冲区: 5/30
2026-01-29 10:51:55 | DEBUG | image_detection:_calculate_background_subtraction:136 | 检测到前景 (22.374%)，暂停背景学习，避免前景被学习成背景
2026-01-29 10:51:55 | INFO | camera_monitor:_monitor_loop:300 | 摄像头 一层室内较小库房摄像头1 检测到变化...
2026-01-29 10:51:55 | ERROR | camera_monitor:_connect_rtsp:498 | RTSP连接失败
2026-01-29 10:51:55 | WARNING | camera_monitor:_monitor_loop:212 | 摄像头 一层车库区摄像头2 连接失败，5秒后重试 (尝试 2/3)
2026-01-29 10:51:55 | DEBUG | image_detection:_calculate_background_subtraction:136 | 检测到前景 (12.358%)，暂停背景学习，避免前景被学习成背景
2026-01-29 10:51:55 | INFO | camera_monitor:_monitor_loop:300 | 摄像头 一层贵重物品区摄像头1 检测到变化...
2026-01-29 10:51:55 | DEBUG | image_detection:_calculate_background_subtraction:136 | 检测到前景 (16.926%)，暂停背景学习，避免前景被学习成背景
2026-01-29 10:51:55 | INFO | camera_monitor:_monitor_loop:300 | 摄像头 一层室外大件物品区摄像头1 检测到变化...
2026-01-29 10:51:56 | DEBUG | image_detection:_calculate_background_subtraction:136 | 检测到前景 (21.486%)，暂停背景学习，避免前景被学习成背景
2026-01-29 10:51:56 | INFO | camera_monitor:_monitor_loop:300 | 摄像头 一层恒温大件物品区摄像头1 检测到变化...
2026-01-29 10:51:56 | DEBUG | image_detection:_calculate_background_subtraction:136 | 检测到前景 (21.303%)，暂停背景学习，避免前景被学习成背景
2026-01-29 10:51:56 | INFO | camera_monitor:_monitor_loop:300 | 摄像头 一层室内较小库房摄像头1 检测到变化...
2026-01-29 10:51:56 | DEBUG | image_detection:_calculate_background_subtraction:136 | 检测到前景 (12.928%)，暂停背景学习，避免前景被学习成背景
2026-01-29 10:51:56 | INFO | camera_monitor:_monitor_loop:300 | 摄像头 一层贵重物品区摄像头1 检测到变化...
2026-01-29 10:51:56 | DEBUG | image_detection:_calculate_background_subtraction:136 | 检测到前景 (16.284%)，暂停背景学习，避免前景被学习成背景
2026-01-29 10:51:56 | INFO | camera_monitor:_monitor_loop:300 | 摄像头 一层室外大件物品区摄像头1 检测到变化...
2026-01-29 10:51:57 | DEBUG | image_detection:_calculate_background_subtraction:136 | 检测到前景 (21.526%)，暂停背景学习，避免前景被学习成背景
2026-01-29 10:51:57 | INFO | camera_monitor:_monitor_loop:300 | 摄像头 一层恒温大件物品区摄像头1 检测到变化...
2026-01-29 10:51:57 | DEBUG | image_detection:_calculate_background_subtraction:136 | 检测到前景 (22.905%)，暂停背景学习，避免前景被学习成背景
2026-01-29 10:51:57 | INFO | camera_monitor:_monitor_loop:300 | 摄像头 一层室内较小库房摄像头1 检测到变化...
2026-01-29 10:51:57 | DEBUG | image_detection:_calculate_background_subtraction:136 | 检测到前景 (12.000%)，暂停背景学习，避免前景被学习成背景
2026-01-29 10:51:57 | DEBUG | image_detection:_calculate_background_subtraction:136 | 检测到前景 (16.659%)，暂停背景学习，避免前景被学习成背景
2026-01-29 10:51:57 | INFO | camera_monitor:_monitor_loop:300 | 摄像头 一层贵重物品区摄像头1 检测到变化...
2026-01-29 10:51:57 | INFO | camera_monitor:_monitor_loop:300 | 摄像头 一层室外大件物品区摄像头1 检测到变化...
2026-01-29 10:51:58 | DEBUG | image_detection:_calculate_background_subtraction:136 | 检测到前景 (21.559%)，暂停背景学习，避免前景被学习成背景
2026-01-29 10:51:58 | INFO | camera_monitor:_monitor_loop:300 | 摄像头 一层恒温大件物品区摄像头1 检测到变化...
2026-01-29 10:51:58 | DEBUG | image_detection:_calculate_background_subtraction:136 | 检测到前景 (22.335%)，暂停背景学习，避免前景被学习成背景
2026-01-29 10:51:58 | INFO | camera_monitor:_monitor_loop:300 | 摄像头 一层室内较小库房摄像头1 检测到变化...
2026-01-29 10:51:58 | DEBUG | image_detection:_calculate_background_subtraction:136 | 检测到前景 (16.494%)，暂停背景学习，避免前景被学习成背景
2026-01-29 10:51:58 | DEBUG | image_detection:_calculate_background_subtraction:136 | 检测到前景 (16.303%)，暂停背景学习，避免前景被学习成背景
2026-01-29 10:51:58 | INFO | camera_monitor:_monitor_loop:300 | 摄像头 一层贵重物品区摄像头1 检测到变化...
2026-01-29 10:51:58 | INFO | camera_monitor:_monitor_loop:300 | 摄像头 一层室外大件物品区摄像头1 检测到变化...
2026-01-29 10:51:59 | DEBUG | image_detection:_calculate_background_subtraction:136 | 检测到前景 (21.436%)，暂停背景学习，避免前景被学习成背景
2026-01-29 10:51:59 | INFO | camera_monitor:_monitor_loop:300 | 摄像头 一层恒温大件物品区摄像头1 检测到变化...
2026-01-29 10:51:59 | DEBUG | image_detection:_calculate_background_subtraction:136 | 检测到前景 (22.688%)，暂停背景学习，避免前景被学习成背景
2026-01-29 10:51:59 | INFO | camera_monitor:_monitor_loop:300 | 摄像头 一层室内较小库房摄像头1 检测到变化...
2026-01-29 10:51:59 | DEBUG | image_detection:_calculate_background_subtraction:136 | 检测到前景 (17.234%)，暂停背景学习，避免前景被学习成背景
2026-01-29 10:51:59 | DEBUG | image_detection:_calculate_background_subtraction:136 | 检测到前景 (16.720%)，暂停背景学习，避免前景被学习成背景
2026-01-29 10:51:59 | INFO | camera_monitor:_monitor_loop:300 | 摄像头 一层贵重物品区摄像头1 检测到变化...
2026-01-29 10:51:59 | DEBUG | image_detection:_filter_small_areas:213 | 过滤了小区域，过滤面积: 28320.5像素 (1.366%)，保留区域数: 14
2026-01-29 10:51:59 | INFO | camera_monitor:_monitor_loop:300 | 摄像头 一层室外大件物品区摄像头1 检测到变化...
2026-01-29 10:52:00 | DEBUG | image_detection:_calculate_background_subtraction:136 | 检测到前景 (21.166%)，暂停背景学习，避免前景被学习成背景
2026-01-29 10:52:00 | INFO | camera_monitor:_monitor_loop:300 | 摄像头 一层恒温大件物品区摄像头1 检测到变化...
2026-01-29 10:52:00 | INFO | camera_monitor:_connect_rtsp:447 | 正在连接RTSP流: rtsp://admin:khjy%40123@192.168.100.109:554/cam/realmonitor?channel=1&subtype=1
2026-01-29 10:52:00 | DEBUG | image_detection:_calculate_background_subtraction:136 | 检测到前景 (22.460%)，暂停背景学习，避免前景被学习成背景
2026-01-29 10:52:00 | DEBUG | image_detection:_filter_small_areas:213 | 过滤了小区域，过滤面积: 35206.5像素 (1.698%)，保留区域数: 17
2026-01-29 10:52:00 | INFO | camera_monitor:_monitor_loop:300 | 摄像头 一层室内较小库房摄像头1 检测到变化...
2026-01-29 10:52:00 | DEBUG | image_detection:_calculate_background_subtraction:136 | 检测到前景 (16.426%)，暂停背景学习，避免前景被学习成背景
2026-01-29 10:52:00 | INFO | camera_monitor:_monitor_loop:300 | 摄像头 一层室外大件物品区摄像头1 检测到变化...
2026-01-29 10:52:00 | DEBUG | image_detection:_calculate_background_subtraction:136 | 检测到前景 (19.451%)，暂停背景学习，避免前景被学习成背景
2026-01-29 10:52:00 | INFO | camera_monitor:_monitor_loop:300 | 摄像头 一层贵重物品区摄像头1 检测到变化...
2026-01-29 10:52:01 | DEBUG | image_detection:_calculate_background_subtraction:136 | 检测到前景 (20.996%)，暂停背景学习，避免前景被学习成背景
2026-01-29 10:52:01 | INFO | camera_monitor:_monitor_loop:300 | 摄像头 一层恒温大件物品区摄像头1 检测到变化...
2026-01-29 10:52:01 | DEBUG | image_detection:_calculate_background_subtraction:136 | 检测到前景 (22.746%)，暂停背景学习，避免前景被学习成背景
2026-01-29 10:52:01 | INFO | camera_monitor:_monitor_loop:300 | 摄像头 一层室内较小库房摄像头1 检测到变化...
2026-01-29 10:52:01 | DEBUG | image_detection:_calculate_background_subtraction:136 | 检测到前景 (16.696%)，暂停背景学习，避免前景被学习成背景
2026-01-29 10:52:01 | DEBUG | image_detection:_calculate_background_subtraction:136 | 检测到前景 (11.729%)，暂停背景学习，避免前景被学习成背景
2026-01-29 10:52:01 | INFO | camera_monitor:_monitor_loop:300 | 摄像头 一层室外大件物品区摄像头1 检测到变化...
2026-01-29 10:52:01 | INFO | camera_monitor:_monitor_loop:300 | 摄像头 一层贵重物品区摄像头1 检测到变化...
2026-01-29 10:52:02 | DEBUG | image_detection:_calculate_background_subtraction:136 | 检测到前景 (21.068%)，暂停背景学习，避免前景被学习成背景
2026-01-29 10:52:02 | INFO | camera_monitor:_monitor_loop:300 | 摄像头 一层恒温大件物品区摄像头1 检测到变化...
2026-01-29 10:52:02 | DEBUG | image_detection:_calculate_background_subtraction:136 | 检测到前景 (22.640%)，暂停背景学习，避免前景被学习成背景
2026-01-29 10:52:02 | INFO | camera_monitor:_monitor_loop:300 | 摄像头 一层室内较小库房摄像头1 检测到变化...
2026-01-29 10:52:02 | DEBUG | image_detection:_calculate_background_subtraction:136 | 检测到前景 (16.352%)，暂停背景学习，避免前景被学习成背景
2026-01-29 10:52:02 | DEBUG | image_detection:_calculate_background_subtraction:136 | 检测到前景 (13.737%)，暂停背景学习，避免前景被学习成背景
2026-01-29 10:52:02 | INFO | camera_monitor:_monitor_loop:300 | 摄像头 一层室外大件物品区摄像头1 检测到变化...
2026-01-29 10:52:02 | INFO | camera_monitor:_monitor_loop:300 | 摄像头 一层贵重物品区摄像头1 检测到变化...
2026-01-29 10:52:03 | DEBUG | image_detection:_calculate_background_subtraction:136 | 检测到前景 (20.912%)，暂停背景学习，避免前景被学习成背景
2026-01-29 10:52:03 | INFO | camera_monitor:_monitor_loop:300 | 摄像头 一层恒温大件物品区摄像头1 检测到变化...
2026-01-29 10:52:03 | DEBUG | image_detection:_calculate_background_subtraction:136 | 检测到前景 (23.199%)，暂停背景学习，避免前景被学习成背景
2026-01-29 10:52:03 | INFO | camera_monitor:_monitor_loop:300 | 摄像头 一层室内较小库房摄像头1 检测到变化...
2026-01-29 10:52:03 | DEBUG | image_detection:_calculate_background_subtraction:136 | 检测到前景 (16.822%)，暂停背景学习，避免前景被学习成背景
2026-01-29 10:52:03 | DEBUG | image_detection:_calculate_background_subtraction:136 | 检测到前景 (12.811%)，暂停背景学习，避免前景被学习成背景
2026-01-29 10:52:03 | INFO | camera_monitor:_monitor_loop:300 | 摄像头 一层室外大件物品区摄像头1 检测到变化...
2026-01-29 10:52:03 | INFO | camera_monitor:_monitor_loop:300 | 摄像头 一层贵重物品区摄像头1 检测到变化...
2026-01-29 10:52:04 | DEBUG | image_detection:_calculate_background_subtraction:136 | 检测到前景 (21.063%)，暂停背景学习，避免前景被学习成背景
2026-01-29 10:52:04 | INFO | camera_monitor:_monitor_loop:300 | 摄像头 一层恒温大件物品区摄像头1 检测到变化...
2026-01-29 10:52:04 | DEBUG | image_detection:_calculate_background_subtraction:136 | 检测到前景 (22.872%)，暂停背景学习，避免前景被学习成背景
2026-01-29 10:52:04 | INFO | camera_monitor:_monitor_loop:300 | 摄像头 一层室内较小库房摄像头1 检测到变化...
2026-01-29 10:52:04 | DEBUG | image_detection:_calculate_background_subtraction:136 | 检测到前景 (16.483%)，暂停背景学习，避免前景被学习成背景
2026-01-29 10:52:04 | DEBUG | image_detection:_calculate_background_subtraction:136 | 检测到前景 (14.544%)，暂停背景学习，避免前景被学习成背景
2026-01-29 10:52:04 | INFO | camera_monitor:_monitor_loop:300 | 摄像头 一层室外大件物品区摄像头1 检测到变化...
2026-01-29 10:52:04 | INFO | camera_monitor:_monitor_loop:300 | 摄像头 一层贵重物品区摄像头1 检测到变化...
2026-01-29 10:52:05 | DEBUG | image_detection:_calculate_background_subtraction:136 | 检测到前景 (20.763%)，暂停背景学习，避免前景被学习成背景
2026-01-29 10:52:05 | INFO | camera_monitor:_monitor_loop:300 | 摄像头 一层恒温大件物品区摄像头1 检测到变化...
2026-01-29 10:52:05 | DEBUG | image_detection:_calculate_background_subtraction:136 | 检测到前景 (23.344%)，暂停背景学习，避免前景被学习成背景
2026-01-29 10:52:05 | INFO | camera_monitor:_monitor_loop:300 | 摄像头 一层室内较小库房摄像头1 检测到变化...
2026-01-29 10:52:05 | DEBUG | image_detection:_calculate_background_subtraction:136 | 检测到前景 (16.807%)，暂停背景学习，避免前景被学习成背景
2026-01-29 10:52:05 | DEBUG | image_detection:_calculate_background_subtraction:136 | 检测到前景 (14.124%)，暂停背景学习，避免前景被学习成背景
2026-01-29 10:52:05 | INFO | camera_monitor:_monitor_loop:300 | 摄像头 一层室外大件物品区摄像头1 检测到变化...
2026-01-29 10:52:05 | INFO | camera_monitor:_monitor_loop:300 | 摄像头 一层贵重物品区摄像头1 检测到变化...
2026-01-29 10:52:06 | DEBUG | image_detection:_calculate_background_subtraction:136 | 检测到前景 (20.818%)，暂停背景学习，避免前景被学习成背景
2026-01-29 10:52:06 | DEBUG | image_detection:_filter_small_areas:213 | 过滤了小区域，过滤面积: 54377.5像素 (2.622%)，保留区域数: 24
2026-01-29 10:52:06 | INFO | camera_monitor:_monitor_loop:300 | 摄像头 一层恒温大件物品区摄像头1 检测到变化...
2026-01-29 10:52:06 | DEBUG | image_detection:_calculate_background_subtraction:136 | 检测到前景 (22.871%)，暂停背景学习，避免前景被学习成背景
2026-01-29 10:52:06 | INFO | camera_monitor:_monitor_loop:300 | 摄像头 一层室内较小库房摄像头1 检测到变化...
2026-01-29 10:52:06 | DEBUG | image_detection:_calculate_background_subtraction:136 | 检测到前景 (16.395%)，暂停背景学习，避免前景被学习成背景
2026-01-29 10:52:06 | DEBUG | image_detection:_calculate_background_subtraction:136 | 检测到前景 (12.498%)，暂停背景学习，避免前景被学习成背景
2026-01-29 10:52:07 | INFO | camera_monitor:_monitor_loop:300 | 摄像头 一层室外大件物品区摄像头1 检测到变化...
2026-01-29 10:52:07 | INFO | camera_monitor:_monitor_loop:300 | 摄像头 一层贵重物品区摄像头1 检测到变化...
2026-01-29 10:52:07 | DEBUG | image_detection:_calculate_background_subtraction:136 | 检测到前景 (20.876%)，暂停背景学习，避免前景被学习成背景
2026-01-29 10:52:07 | DEBUG | image_detection:_filter_small_areas:213 | 过滤了小区域，过滤面积: 55226.5像素 (2.663%)，保留区域数: 21
2026-01-29 10:52:07 | INFO | camera_monitor:_monitor_loop:300 | 摄像头 一层恒温大件物品区摄像头1 检测到变化...
2026-01-29 10:52:07 | DEBUG | image_detection:_calculate_background_subtraction:136 | 检测到前景 (23.132%)，暂停背景学习，避免前景被学习成背景
2026-01-29 10:52:07 | DEBUG | image_detection:_filter_small_areas:213 | 过滤了小区域，过滤面积: 34680.5像素 (1.672%)，保留区域数: 16
2026-01-29 10:52:07 | INFO | camera_monitor:_monitor_loop:300 | 摄像头 一层室内较小库房摄像头1 检测到变化...
2026-01-29 10:52:07 | DEBUG | image_detection:_calculate_background_subtraction:136 | 检测到前景 (16.854%)，暂停背景学习，避免前景被学习成背景
2026-01-29 10:52:08 | DEBUG | image_detection:_calculate_background_subtraction:136 | 检测到前景 (11.901%)，暂停背景学习，避免前景被学习成背景
2026-01-29 10:52:08 | INFO | camera_monitor:_monitor_loop:300 | 摄像头 一层室外大件物品区摄像头1 检测到变化...
2026-01-29 10:52:08 | INFO | camera_monitor:_monitor_loop:300 | 摄像头 一层贵重物品区摄像头1 检测到变化...
2026-01-29 10:52:08 | DEBUG | image_detection:_calculate_background_subtraction:136 | 检测到前景 (20.711%)，暂停背景学习，避免前景被学习成背景
2026-01-29 10:52:08 | INFO | camera_monitor:_monitor_loop:300 | 摄像头 一层恒温大件物品区摄像头1 检测到变化...
2026-01-29 10:52:08 | DEBUG | image_detection:_calculate_background_subtraction:136 | 检测到前景 (22.722%)，暂停背景学习，避免前景被学习成背景
2026-01-29 10:52:08 | INFO | camera_monitor:_monitor_loop:300 | 摄像头 一层室内较小库房摄像头1 检测到变化...
2026-01-29 10:52:09 | DEBUG | image_detection:_calculate_background_subtraction:136 | 检测到前景 (16.626%)，暂停背景学习，避免前景被学习成背景
2026-01-29 10:52:09 | DEBUG | image_detection:_calculate_background_subtraction:136 | 检测到前景 (13.122%)，暂停背景学习，避免前景被学习成背景
2026-01-29 10:52:09 | DEBUG | image_detection:_filter_small_areas:213 | 过滤了小区域，过滤面积: 29606.5像素 (1.428%)，保留区域数: 14
2026-01-29 10:52:09 | INFO | camera_monitor:_monitor_loop:300 | 摄像头 一层室外大件物品区摄像头1 检测到变化...
2026-01-29 10:52:09 | INFO | camera_monitor:_monitor_loop:300 | 摄像头 一层贵重物品区摄像头1 检测到变化...
2026-01-29 10:52:09 | DEBUG | image_detection:_calculate_background_subtraction:136 | 检测到前景 (20.660%)，暂停背景学习，避免前景被学习成背景
2026-01-29 10:52:09 | INFO | camera_monitor:_monitor_loop:300 | 摄像头 一层恒温大件物品区摄像头1 检测到变化...
2026-01-29 10:52:09 | DEBUG | image_detection:_calculate_background_subtraction:136 | 检测到前景 (22.846%)，暂停背景学习，避免前景被学习成背景
2026-01-29 10:52:09 | INFO | camera_monitor:_monitor_loop:300 | 摄像头 一层室内较小库房摄像头1 检测到变化...
2026-01-29 10:52:10 | DEBUG | image_detection:_calculate_background_subtraction:136 | 检测到前景 (16.940%)，暂停背景学习，避免前景被学习成背景
2026-01-29 10:52:10 | DEBUG | image_detection:_calculate_background_subtraction:136 | 检测到前景 (14.193%)，暂停背景学习，避免前景被学习成背景
2026-01-29 10:52:10 | INFO | camera_monitor:_monitor_loop:300 | 摄像头 一层室外大件物品区摄像头1 检测到变化...
2026-01-29 10:52:10 | INFO | camera_monitor:_monitor_loop:300 | 摄像头 一层贵重物品区摄像头1 检测到变化...
2026-01-29 10:52:10 | DEBUG | image_detection:_calculate_background_subtraction:136 | 检测到前景 (20.709%)，暂停背景学习，避免前景被学习成背景
2026-01-29 10:52:10 | INFO | camera_monitor:_monitor_loop:300 | 摄像头 一层恒温大件物品区摄像头1 检测到变化...
2026-01-29 10:52:10 | DEBUG | image_detection:_calculate_background_subtraction:136 | 检测到前景 (23.023%)，暂停背景学习，避免前景被学习成背景
2026-01-29 10:52:10 | INFO | camera_monitor:_monitor_loop:300 | 摄像头 一层室内较小库房摄像头1 检测到变化...
2026-01-29 10:52:11 | DEBUG | image_detection:_calculate_background_subtraction:136 | 检测到前景 (16.703%)，暂停背景学习，避免前景被学习成背景
2026-01-29 10:52:11 | DEBUG | image_detection:_calculate_background_subtraction:136 | 检测到前景 (13.970%)，暂停背景学习，避免前景被学习成背景
2026-01-29 10:52:11 | INFO | camera_monitor:_monitor_loop:300 | 摄像头 一层室外大件物品区摄像头1 检测到变化...
2026-01-29 10:52:11 | INFO | camera_monitor:_monitor_loop:300 | 摄像头 一层贵重物品区摄像头1 检测到变化...
2026-01-29 10:52:11 | DEBUG | image_detection:_calculate_background_subtraction:136 | 检测到前景 (20.293%)，暂停背景学习，避免前景被学习成背景
2026-01-29 10:52:11 | INFO | camera_monitor:_monitor_loop:300 | 摄像头 一层恒温大件物品区摄像头1 检测到变化...
2026-01-29 10:52:11 | DEBUG | image_detection:_calculate_background_subtraction:136 | 检测到前景 (20.915%)，暂停背景学习，避免前景被学习成背景
2026-01-29 10:52:11 | INFO | camera_monitor:_monitor_loop:300 | 摄像头 一层室内较小库房摄像头1 检测到变化...
2026-01-29 10:52:12 | DEBUG | image_detection:_calculate_background_subtraction:136 | 检测到前景 (17.095%)，暂停背景学习，避免前景被学习成背景
2026-01-29 10:52:12 | DEBUG | image_detection:_calculate_background_subtraction:136 | 检测到前景 (14.503%)，暂停背景学习，避免前景被学习成背景
2026-01-29 10:52:12 | INFO | camera_monitor:_monitor_loop:300 | 摄像头 一层室外大件物品区摄像头1 检测到变化...
2026-01-29 10:52:12 | INFO | camera_monitor:_monitor_loop:300 | 摄像头 一层贵重物品区摄像头1 检测到变化...
2026-01-29 10:52:12 | DEBUG | image_detection:_calculate_background_subtraction:136 | 检测到前景 (20.664%)，暂停背景学习，避免前景被学习成背景
2026-01-29 10:52:12 | DEBUG | image_detection:_filter_small_areas:213 | 过滤了小区域，过滤面积: 55648.0像素 (2.684%)，保留区域数: 19
2026-01-29 10:52:12 | INFO | camera_monitor:_monitor_loop:300 | 摄像头 一层恒温大件物品区摄像头1 检测到变化...
2026-01-29 10:52:12 | DEBUG | image_detection:_calculate_background_subtraction:136 | 检测到前景 (23.109%)，暂停背景学习，避免前景被学习成背景
2026-01-29 10:52:12 | INFO | camera_monitor:_monitor_loop:300 | 摄像头 一层室内较小库房摄像头1 检测到变化...
2026-01-29 10:52:13 | DEBUG | image_detection:_calculate_background_subtraction:136 | 检测到前景 (16.904%)，暂停背景学习，避免前景被学习成背景
2026-01-29 10:52:13 | DEBUG | image_detection:_calculate_background_subtraction:136 | 检测到前景 (14.769%)，暂停背景学习，避免前景被学习成背景
2026-01-29 10:52:13 | INFO | camera_monitor:_monitor_loop:300 | 摄像头 一层室外大件物品区摄像头1 检测到变化...
2026-01-29 10:52:13 | INFO | camera_monitor:_monitor_loop:300 | 摄像头 一层贵重物品区摄像头1 检测到变化...
2026-01-29 10:52:13 | DEBUG | image_detection:_calculate_background_subtraction:136 | 检测到前景 (20.487%)，暂停背景学习，避免前景被学习成背景
2026-01-29 10:52:13 | INFO | camera_monitor:_monitor_loop:300 | 摄像头 一层恒温大件物品区摄像头1 检测到变化...
2026-01-29 10:52:13 | DEBUG | image_detection:_calculate_background_subtraction:136 | 检测到前景 (21.671%)，暂停背景学习，避免前景被学习成背景
2026-01-29 10:52:13 | INFO | camera_monitor:_monitor_loop:300 | 摄像头 一层室内较小库房摄像头1 检测到变化...
2026-01-29 10:52:14 | DEBUG | image_detection:_calculate_background_subtraction:136 | 检测到前景 (17.723%)，暂停背景学习，避免前景被学习成背景
2026-01-29 10:52:14 | DEBUG | image_detection:_calculate_background_subtraction:136 | 检测到前景 (14.800%)，暂停背景学习，避免前景被学习成背景
2026-01-29 10:52:14 | INFO | camera_monitor:_monitor_loop:300 | 摄像头 一层室外大件物品区摄像头1 检测到变化...
2026-01-29 10:52:14 | INFO | camera_monitor:_monitor_loop:300 | 摄像头 一层贵重物品区摄像头1 检测到变化...
2026-01-29 10:52:14 | DEBUG | image_detection:_calculate_background_subtraction:136 | 检测到前景 (20.226%)，暂停背景学习，避免前景被学习成背景
2026-01-29 10:52:14 | INFO | camera_monitor:_monitor_loop:300 | 摄像头 一层恒温大件物品区摄像头1 检测到变化...
2026-01-29 10:52:14 | DEBUG | image_detection:_calculate_background_subtraction:136 | 检测到前景 (23.626%)，暂停背景学习，避免前景被学习成背景
2026-01-29 10:52:14 | INFO | camera_monitor:_monitor_loop:300 | 摄像头 一层室内较小库房摄像头1 检测到变化...
2026-01-29 10:52:15 | DEBUG | image_detection:_calculate_background_subtraction:136 | 检测到前景 (17.288%)，暂停背景学习，避免前景被学习成背景
2026-01-29 10:52:15 | DEBUG | image_detection:_calculate_background_subtraction:136 | 检测到前景 (12.325%)，暂停背景学习，避免前景被学习成背景
2026-01-29 10:52:15 | INFO | camera_monitor:_monitor_loop:300 | 摄像头 一层室外大件物品区摄像头1 检测到变化...
2026-01-29 10:52:15 | INFO | camera_monitor:_monitor_loop:300 | 摄像头 一层贵重物品区摄像头1 检测到变化...
2026-01-29 10:52:15 | DEBUG | image_detection:_calculate_background_subtraction:136 | 检测到前景 (20.398%)，暂停背景学习，避免前景被学习成背景
2026-01-29 10:52:15 | INFO | camera_monitor:_monitor_loop:300 | 摄像头 一层恒温大件物品区摄像头1 检测到变化...
2026-01-29 10:52:15 | DEBUG | image_detection:_calculate_background_subtraction:136 | 检测到前景 (22.158%)，暂停背景学习，避免前景被学习成背景
2026-01-29 10:52:16 | INFO | camera_monitor:_monitor_loop:300 | 摄像头 一层室内较小库房摄像头1 检测到变化...
2026-01-29 10:52:16 | DEBUG | image_detection:_calculate_background_subtraction:136 | 检测到前景 (17.863%)，暂停背景学习，避免前景被学习成背景
2026-01-29 10:52:16 | DEBUG | image_detection:_calculate_background_subtraction:136 | 检测到前景 (14.426%)，暂停背景学习，避免前景被学习成背景
2026-01-29 10:52:16 | INFO | camera_monitor:_monitor_loop:300 | 摄像头 一层室外大件物品区摄像头1 检测到变化...
2026-01-29 10:52:16 | INFO | camera_monitor:_monitor_loop:300 | 摄像头 一层贵重物品区摄像头1 检测到变化...
2026-01-29 10:52:16 | ERROR | camera_monitor:_connect_rtsp:498 | RTSP连接失败
2026-01-29 10:52:16 | WARNING | camera_monitor:_monitor_loop:212 | 摄像头 一层车库区摄像头2 连接失败，5秒后重试 (尝试 1/3)
2026-01-29 10:52:16 | DEBUG | image_detection:_calculate_background_subtraction:136 | 检测到前景 (20.529%)，暂停背景学习，避免前景被学习成背景
2026-01-29 10:52:16 | INFO | camera_monitor:_monitor_loop:300 | 摄像头 一层恒温大件物品区摄像头1 检测到变化...
2026-01-29 10:52:16 | DEBUG | image_detection:_calculate_background_subtraction:136 | 检测到前景 (23.707%)，暂停背景学习，避免前景被学习成背景
2026-01-29 10:52:17 | INFO | camera_monitor:_monitor_loop:300 | 摄像头 一层室内较小库房摄像头1 检测到变化...
2026-01-29 10:52:17 | DEBUG | image_detection:_calculate_background_subtraction:136 | 检测到前景 (17.777%)，暂停背景学习，避免前景被学习成背景
2026-01-29 10:52:17 | DEBUG | image_detection:_calculate_background_subtraction:136 | 检测到前景 (12.198%)，暂停背景学习，避免前景被学习成背景
2026-01-29 10:52:17 | INFO | camera_monitor:_monitor_loop:300 | 摄像头 一层室外大件物品区摄像头1 检测到变化...
2026-01-29 10:52:17 | INFO | camera_monitor:_monitor_loop:300 | 摄像头 一层贵重物品区摄像头1 检测到变化...
2026-01-29 10:52:17 | DEBUG | image_detection:_calculate_background_subtraction:136 | 检测到前景 (20.647%)，暂停背景学习，避免前景被学习成背景
2026-01-29 10:52:17 | INFO | camera_monitor:_monitor_loop:300 | 摄像头 一层恒温大件物品区摄像头1 检测到变化...
2026-01-29 10:52:18 | DEBUG | image_detection:_calculate_background_subtraction:136 | 检测到前景 (22.575%)，暂停背景学习，避免前景被学习成背景
2026-01-29 10:52:18 | INFO | camera_monitor:_monitor_loop:300 | 摄像头 一层室内较小库房摄像头1 检测到变化...
2026-01-29 10:52:18 | DEBUG | image_detection:_calculate_background_subtraction:136 | 检测到前景 (17.773%)，暂停背景学习，避免前景被学习成背景
2026-01-29 10:52:18 | DEBUG | image_detection:_calculate_background_subtraction:136 | 检测到前景 (14.313%)，暂停背景学习，避免前景被学习成背景
2026-01-29 10:52:18 | DEBUG | image_detection:_filter_small_areas:213 | 过滤了小区域，过滤面积: 30597.0像素 (1.476%)，保留区域数: 17
2026-01-29 10:52:18 | INFO | camera_monitor:_monitor_loop:300 | 摄像头 一层室外大件物品区摄像头1 检测到变化...
2026-01-29 10:52:18 | INFO | camera_monitor:_monitor_loop:300 | 摄像头 一层贵重物品区摄像头1 检测到变化...
2026-01-29 10:52:18 | DEBUG | image_detection:_calculate_background_subtraction:136 | 检测到前景 (20.577%)，暂停背景学习，避免前景被学习成背景
2026-01-29 10:52:18 | INFO | camera_monitor:_monitor_loop:300 | 摄像头 一层恒温大件物品区摄像头1 检测到变化...
2026-01-29 10:52:19 | DEBUG | image_detection:_calculate_background_subtraction:136 | 检测到前景 (23.747%)，暂停背景学习，避免前景被学习成背景
2026-01-29 10:52:19 | INFO | camera_monitor:_monitor_loop:300 | 摄像头 一层室内较小库房摄像头1 检测到变化...
2026-01-29 10:52:19 | DEBUG | image_detection:_calculate_background_subtraction:136 | 检测到前景 (17.592%)，暂停背景学习，避免前景被学习成背景
2026-01-29 10:52:19 | INFO | camera_monitor:_monitor_loop:300 | 摄像头 一层室外大件物品区摄像头1 检测到变化...
2026-01-29 10:52:19 | DEBUG | image_detection:_calculate_background_subtraction:136 | 检测到前景 (12.856%)，暂停背景学习，避免前景被学习成背景
2026-01-29 10:52:19 | INFO | camera_monitor:_monitor_loop:300 | 摄像头 一层贵重物品区摄像头1 检测到变化...
2026-01-29 10:52:19 | DEBUG | image_detection:_calculate_background_subtraction:136 | 检测到前景 (20.633%)，暂停背景学习，避免前景被学习成背景
2026-01-29 10:52:19 | INFO | camera_monitor:_monitor_loop:300 | 摄像头 一层恒温大件物品区摄像头1 检测到变化...
2026-01-29 10:52:20 | DEBUG | image_detection:_calculate_background_subtraction:136 | 检测到前景 (22.792%)，暂停背景学习，避免前景被学习成背景
2026-01-29 10:52:20 | DEBUG | image_detection:_filter_small_areas:213 | 过滤了小区域，过滤面积: 38327.5像素 (1.848%)，保留区域数: 16
2026-01-29 10:52:20 | INFO | camera_monitor:_monitor_loop:300 | 摄像头 一层室内较小库房摄像头1 检测到变化...
2026-01-29 10:52:20 | DEBUG | image_detection:_calculate_background_subtraction:136 | 检测到前景 (17.925%)，暂停背景学习，避免前景被学习成背景
2026-01-29 10:52:20 | INFO | camera_monitor:_monitor_loop:300 | 摄像头 一层室外大件物品区摄像头1 检测到变化...
2026-01-29 10:52:20 | DEBUG | image_detection:_calculate_background_subtraction:136 | 检测到前景 (15.156%)，暂停背景学习，避免前景被学习成背景
2026-01-29 10:52:20 | INFO | camera_monitor:_monitor_loop:300 | 摄像头 一层贵重物品区摄像头1 检测到变化...
2026-01-29 10:52:20 | DEBUG | image_detection:_calculate_background_subtraction:136 | 检测到前景 (20.545%)，暂停背景学习，避免前景被学习成背景
2026-01-29 10:52:20 | INFO | camera_monitor:_monitor_loop:300 | 摄像头 一层恒温大件物品区摄像头1 检测到变化...
2026-01-29 10:52:21 | DEBUG | image_detection:_calculate_background_subtraction:136 | 检测到前景 (23.528%)，暂停背景学习，避免前景被学习成背景
2026-01-29 10:52:21 | INFO | camera_monitor:_monitor_loop:300 | 摄像头 一层室内较小库房摄像头1 检测到变化...
2026-01-29 10:52:21 | DEBUG | image_detection:_calculate_background_subtraction:136 | 检测到前景 (17.783%)，暂停背景学习，避免前景被学习成背景
2026-01-29 10:52:21 | INFO | camera_monitor:_monitor_loop:300 | 摄像头 一层室外大件物品区摄像头1 检测到变化...
2026-01-29 10:52:21 | DEBUG | image_detection:_calculate_background_subtraction:136 | 检测到前景 (13.038%)，暂停背景学习，避免前景被学习成背景
2026-01-29 10:52:21 | INFO | camera_monitor:_monitor_loop:300 | 摄像头 一层贵重物品区摄像头1 检测到变化...
2026-01-29 10:52:21 | INFO | camera_monitor:_connect_rtsp:447 | 正在连接RTSP流: rtsp://admin:khjy%40123@192.168.100.109:554/cam/realmonitor?channel=1&subtype=1
2026-01-29 10:52:21 | INFO | input_shaper:_log_stats_periodically:217 | [一层室内较小库房摄像头1] InputShaper 统计 - 拉取: 751帧, 输出: 59帧, 丢弃: 0帧, 溢出: 0次, 空读: 0次, 重复: 0次, 缓冲区: 1/30
2026-01-29 10:52:21 | DEBUG | image_detection:_calculate_background_subtraction:136 | 检测到前景 (20.787%)，暂停背景学习，避免前景被学习成背景
2026-01-29 10:52:21 | INFO | camera_monitor:_monitor_loop:300 | 摄像头 一层恒温大件物品区摄像头1 检测到变化...
2026-01-29 10:52:22 | DEBUG | image_detection:_calculate_background_subtraction:136 | 检测到前景 (22.791%)，暂停背景学习，避免前景被学习成背景
2026-01-29 10:52:22 | INFO | camera_monitor:_monitor_loop:300 | 摄像头 一层室内较小库房摄像头1 检测到变化...
2026-01-29 10:52:22 | DEBUG | image_detection:_calculate_background_subtraction:136 | 检测到前景 (18.150%)，暂停背景学习，避免前景被学习成背景
2026-01-29 10:52:22 | INFO | camera_monitor:_monitor_loop:300 | 摄像头 一层室外大件物品区摄像头1 检测到变化...
2026-01-29 10:52:22 | DEBUG | image_detection:_calculate_background_subtraction:136 | 检测到前景 (14.967%)，暂停背景学习，避免前景被学习成背景
2026-01-29 10:52:22 | INFO | camera_monitor:_monitor_loop:300 | 摄像头 一层贵重物品区摄像头1 检测到变化...
2026-01-29 10:52:22 | DEBUG | image_detection:_calculate_background_subtraction:136 | 检测到前景 (20.482%)，暂停背景学习，避免前景被学习成背景
2026-01-29 10:52:22 | INFO | camera_monitor:_monitor_loop:300 | 摄像头 一层恒温大件物品区摄像头1 检测到变化...
2026-01-29 10:52:22 | INFO | input_shaper:_log_stats_periodically:217 | [一层贵重物品区摄像头1] InputShaper 统计 - 拉取: 750帧, 输出: 59帧, 丢弃: 0帧, 溢出: 0次, 空读: 0次, 重复: 0次, 缓冲区: 2/30
2026-01-29 10:52:23 | DEBUG | image_detection:_calculate_background_subtraction:136 | 检测到前景 (23.517%)，暂停背景学习，避免前景被学习成背景
2026-01-29 10:52:23 | INFO | camera_monitor:_monitor_loop:300 | 摄像头 一层室内较小库房摄像头1 检测到变化...
2026-01-29 10:52:23 | DEBUG | image_detection:_calculate_background_subtraction:136 | 检测到前景 (18.122%)，暂停背景学习，避免前景被学习成背景
2026-01-29 10:52:23 | DEBUG | image_detection:_filter_small_areas:213 | 过滤了小区域，过滤面积: 27482.5像素 (1.325%)，保留区域数: 22
2026-01-29 10:52:23 | DEBUG | image_detection:_calculate_background_subtraction:136 | 检测到前景 (14.388%)，暂停背景学习，避免前景被学习成背景
2026-01-29 10:52:23 | INFO | camera_monitor:_monitor_loop:300 | 摄像头 一层室外大件物品区摄像头1 检测到变化...
2026-01-29 10:52:23 | INFO | camera_monitor:_monitor_loop:300 | 摄像头 一层贵重物品区摄像头1 检测到变化...
2026-01-29 10:52:23 | DEBUG | image_detection:_calculate_background_subtraction:136 | 检测到前景 (20.489%)，暂停背景学习，避免前景被学习成背景
2026-01-29 10:52:23 | INFO | camera_monitor:_monitor_loop:300 | 摄像头 一层恒温大件物品区摄像头1 检测到变化...
2026-01-29 10:52:24 | INFO | input_shaper:_log_stats_periodically:217 | [一层室外大件物品区摄像头1] InputShaper 统计 - 拉取: 751帧, 输出: 59帧, 丢弃: 0帧, 溢出: 0次, 空读: 0次, 重复: 0次, 缓冲区: 10/30
2026-01-29 10:52:24 | DEBUG | image_detection:_calculate_background_subtraction:136 | 检测到前景 (22.555%)，暂停背景学习，避免前景被学习成背景
2026-01-29 10:52:24 | INFO | camera_monitor:_monitor_loop:300 | 摄像头 一层室内较小库房摄像头1 检测到变化...
2026-01-29 10:52:24 | DEBUG | image_detection:_calculate_background_subtraction:136 | 检测到前景 (18.494%)，暂停背景学习，避免前景被学习成背景
2026-01-29 10:52:24 | DEBUG | image_detection:_calculate_background_subtraction:136 | 检测到前景 (15.680%)，暂停背景学习，避免前景被学习成背景
2026-01-29 10:52:24 | INFO | camera_monitor:_monitor_loop:300 | 摄像头 一层室外大件物品区摄像头1 检测到变化...
2026-01-29 10:52:24 | INFO | camera_monitor:_monitor_loop:300 | 摄像头 一层贵重物品区摄像头1 检测到变化...
2026-01-29 10:52:24 | DEBUG | image_detection:_calculate_background_subtraction:136 | 检测到前景 (20.772%)，暂停背景学习，避免前景被学习成背景
2026-01-29 10:52:24 | INFO | camera_monitor:_monitor_loop:300 | 摄像头 一层恒温大件物品区摄像头1 检测到变化...
2026-01-29 10:52:25 | DEBUG | image_detection:_calculate_background_subtraction:136 | 检测到前景 (23.431%)，暂停背景学习，避免前景被学习成背景
2026-01-29 10:52:25 | INFO | camera_monitor:_monitor_loop:300 | 摄像头 一层室内较小库房摄像头1 检测到变化...
2026-01-29 10:52:25 | INFO | input_shaper:_log_stats_periodically:217 | [一层恒温大件物品区摄像头1] InputShaper 统计 - 拉取: 751帧, 输出: 59帧, 丢弃: 0帧, 溢出: 0次, 空读: 0次, 重复: 0次, 缓冲区: 3/30
2026-01-29 10:52:25 | DEBUG | image_detection:_calculate_background_subtraction:136 | 检测到前景 (19.177%)，暂停背景学习，避免前景被学习成背景
2026-01-29 10:52:25 | DEBUG | image_detection:_calculate_background_subtraction:136 | 检测到前景 (13.873%)，暂停背景学习，避免前景被学习成背景
2026-01-29 10:52:25 | INFO | camera_monitor:_monitor_loop:300 | 摄像头 一层室外大件物品区摄像头1 检测到变化...
2026-01-29 10:52:25 | INFO | camera_monitor:_monitor_loop:300 | 摄像头 一层贵重物品区摄像头1 检测到变化...
2026-01-29 10:52:25 | ERROR | camera_monitor:_connect_rtsp:498 | RTSP连接失败
2026-01-29 10:52:25 | WARNING | camera_monitor:_monitor_loop:212 | 摄像头 大门区域摄像头1 连接失败，5秒后重试 (尝试 2/3)
2026-01-29 10:52:25 | DEBUG | image_detection:_calculate_background_subtraction:136 | 检测到前景 (21.193%)，暂停背景学习，避免前景被学习成背景
2026-01-29 10:52:25 | INFO | camera_monitor:_monitor_loop:300 | 摄像头 一层恒温大件物品区摄像头1 检测到变化...
2026-01-29 10:52:26 | DEBUG | image_detection:_calculate_background_subtraction:136 | 检测到前景 (23.006%)，暂停背景学习，避免前景被学习成背景
2026-01-29 10:52:26 | INFO | camera_monitor:_monitor_loop:300 | 摄像头 一层室内较小库房摄像头1 检测到变化...
2026-01-29 10:52:26 | DEBUG | image_detection:_calculate_background_subtraction:136 | 检测到前景 (19.375%)，暂停背景学习，避免前景被学习成背景
2026-01-29 10:52:26 | DEBUG | image_detection:_calculate_background_subtraction:136 | 检测到前景 (14.802%)，暂停背景学习，避免前景被学习成背景
2026-01-29 10:52:26 | INFO | camera_monitor:_monitor_loop:300 | 摄像头 一层室外大件物品区摄像头1 检测到变化...
2026-01-29 10:52:26 | INFO | camera_monitor:_monitor_loop:300 | 摄像头 一层贵重物品区摄像头1 检测到变化...
2026-01-29 10:52:26 | DEBUG | image_detection:_calculate_background_subtraction:136 | 检测到前景 (20.565%)，暂停背景学习，避免前景被学习成背景
2026-01-29 10:52:26 | INFO | camera_monitor:_monitor_loop:300 | 摄像头 一层恒温大件物品区摄像头1 检测到变化...
2026-01-29 10:52:27 | DEBUG | image_detection:_calculate_background_subtraction:136 | 检测到前景 (23.456%)，暂停背景学习，避免前景被学习成背景
2026-01-29 10:52:27 | INFO | camera_monitor:_monitor_loop:300 | 摄像头 一层室内较小库房摄像头1 检测到变化...
2026-01-29 10:52:27 | DEBUG | image_detection:_calculate_background_subtraction:136 | 检测到前景 (19.416%)，暂停背景学习，避免前景被学习成背景
2026-01-29 10:52:27 | DEBUG | image_detection:_calculate_background_subtraction:136 | 检测到前景 (13.495%)，暂停背景学习，避免前景被学习成背景
2026-01-29 10:52:27 | INFO | camera_monitor:_monitor_loop:300 | 摄像头 一层室外大件物品区摄像头1 检测到变化...
2026-01-29 10:52:27 | INFO | camera_monitor:_monitor_loop:300 | 摄像头 一层贵重物品区摄像头1 检测到变化...
2026-01-29 10:52:27 | DEBUG | image_detection:_calculate_background_subtraction:136 | 检测到前景 (19.963%)，暂停背景学习，避免前景被学习成背景
2026-01-29 10:52:27 | INFO | camera_monitor:_monitor_loop:300 | 摄像头 一层恒温大件物品区摄像头1 检测到变化...
2026-01-29 10:52:28 | DEBUG | image_detection:_calculate_background_subtraction:136 | 检测到前景 (23.147%)，暂停背景学习，避免前景被学习成背景
2026-01-29 10:52:28 | INFO | camera_monitor:_monitor_loop:300 | 摄像头 一层室内较小库房摄像头1 检测到变化...
2026-01-29 10:52:28 | DEBUG | image_detection:_calculate_background_subtraction:136 | 检测到前景 (19.779%)，暂停背景学习，避免前景被学习成背景
2026-01-29 10:52:28 | DEBUG | image_detection:_calculate_background_subtraction:136 | 检测到前景 (13.729%)，暂停背景学习，避免前景被学习成背景
2026-01-29 10:52:28 | INFO | camera_monitor:_monitor_loop:300 | 摄像头 一层贵重物品区摄像头1 检测到变化...
2026-01-29 10:52:28 | INFO | camera_monitor:_monitor_loop:300 | 摄像头 一层室外大件物品区摄像头1 检测到变化...
2026-01-29 10:52:28 | DEBUG | image_detection:_calculate_background_subtraction:136 | 检测到前景 (19.577%)，暂停背景学习，避免前景被学习成背景
2026-01-29 10:52:28 | INFO | camera_monitor:_monitor_loop:300 | 摄像头 一层恒温大件物品区摄像头1 检测到变化...
2026-01-29 10:52:29 | DEBUG | image_detection:_calculate_background_subtraction:136 | 检测到前景 (23.470%)，暂停背景学习，避免前景被学习成背景
2026-01-29 10:52:29 | INFO | camera_monitor:_monitor_loop:300 | 摄像头 一层室内较小库房摄像头1 检测到变化...
2026-01-29 10:52:29 | DEBUG | image_detection:_calculate_background_subtraction:136 | 检测到前景 (19.718%)，暂停背景学习，避免前景被学习成背景
2026-01-29 10:52:29 | DEBUG | image_detection:_calculate_background_subtraction:136 | 检测到前景 (13.115%)，暂停背景学习，避免前景被学习成背景
2026-01-29 10:52:29 | INFO | camera_monitor:_monitor_loop:300 | 摄像头 一层室外大件物品区摄像头1 检测到变化...
2026-01-29 10:52:29 | INFO | camera_monitor:_monitor_loop:300 | 摄像头 一层贵重物品区摄像头1 检测到变化...
2026-01-29 10:52:29 | DEBUG | image_detection:_calculate_background_subtraction:136 | 检测到前景 (20.565%)，暂停背景学习，避免前景被学习成背景
2026-01-29 10:52:29 | INFO | camera_monitor:_monitor_loop:300 | 摄像头 一层恒温大件物品区摄像头1 检测到变化...
2026-01-29 10:52:30 | DEBUG | image_detection:_calculate_background_subtraction:136 | 检测到前景 (23.293%)，暂停背景学习，避免前景被学习成背景
2026-01-29 10:52:30 | INFO | camera_monitor:_monitor_loop:300 | 摄像头 一层室内较小库房摄像头1 检测到变化...
2026-01-29 10:52:30 | DEBUG | image_detection:_calculate_background_subtraction:136 | 检测到前景 (17.342%)，暂停背景学习，避免前景被学习成背景
2026-01-29 10:52:30 | INFO | camera_monitor:_monitor_loop:300 | 摄像头 一层室外大件物品区摄像头1 检测到变化...
2026-01-29 10:52:30 | DEBUG | image_detection:_calculate_background_subtraction:136 | 检测到前景 (14.096%)，暂停背景学习，避免前景被学习成背景
2026-01-29 10:52:30 | INFO | camera_monitor:_monitor_loop:300 | 摄像头 一层贵重物品区摄像头1 检测到变化...
2026-01-29 10:52:30 | INFO | camera_monitor:_connect_rtsp:447 | 正在连接RTSP流: rtsp://admin:khjy%40123@192.168.100.109:554/Streaming/Channels/100
2026-01-29 10:52:30 | DEBUG | image_detection:_calculate_background_subtraction:136 | 检测到前景 (20.839%)，暂停背景学习，避免前景被学习成背景
2026-01-29 10:52:30 | INFO | camera_monitor:_monitor_loop:300 | 摄像头 一层恒温大件物品区摄像头1 检测到变化...
2026-01-29 10:52:31 | DEBUG | image_detection:_calculate_background_subtraction:136 | 检测到前景 (23.856%)，暂停背景学习，避免前景被学习成背景
2026-01-29 10:52:31 | INFO | camera_monitor:_monitor_loop:300 | 摄像头 一层室内较小库房摄像头1 检测到变化...
2026-01-29 10:52:31 | DEBUG | image_detection:_calculate_background_subtraction:136 | 检测到前景 (19.216%)，暂停背景学习，避免前景被学习成背景
2026-01-29 10:52:31 | DEBUG | image_detection:_filter_small_areas:213 | 过滤了小区域，过滤面积: 31442.5像素 (1.516%)，保留区域数: 18
2026-01-29 10:52:31 | INFO | camera_monitor:_monitor_loop:300 | 摄像头 一层室外大件物品区摄像头1 检测到变化...
2026-01-29 10:52:31 | DEBUG | image_detection:_calculate_background_subtraction:136 | 检测到前景 (13.447%)，暂停背景学习，避免前景被学习成背景
2026-01-29 10:52:31 | INFO | camera_monitor:_monitor_loop:300 | 摄像头 一层贵重物品区摄像头1 检测到变化...
2026-01-29 10:52:31 | DEBUG | image_detection:_calculate_background_subtraction:136 | 检测到前景 (21.236%)，暂停背景学习，避免前景被学习成背景
2026-01-29 10:52:31 | INFO | camera_monitor:_monitor_loop:300 | 摄像头 一层恒温大件物品区摄像头1 检测到变化...
2026-01-29 10:52:32 | DEBUG | image_detection:_calculate_background_subtraction:136 | 检测到前景 (23.801%)，暂停背景学习，避免前景被学习成背景
2026-01-29 10:52:32 | INFO | camera_monitor:_monitor_loop:300 | 摄像头 一层室内较小库房摄像头1 检测到变化...
2026-01-29 10:52:32 | DEBUG | image_detection:_calculate_background_subtraction:136 | 检测到前景 (17.648%)，暂停背景学习，避免前景被学习成背景
2026-01-29 10:52:32 | INFO | camera_monitor:_monitor_loop:300 | 摄像头 一层室外大件物品区摄像头1 检测到变化...
2026-01-29 10:52:32 | DEBUG | image_detection:_calculate_background_subtraction:136 | 检测到前景 (15.869%)，暂停背景学习，避免前景被学习成背景
2026-01-29 10:52:32 | INFO | camera_monitor:_monitor_loop:300 | 摄像头 一层贵重物品区摄像头1 检测到变化...
2026-01-29 10:52:32 | DEBUG | image_detection:_calculate_background_subtraction:136 | 检测到前景 (20.865%)，暂停背景学习，避免前景被学习成背景
2026-01-29 10:52:32 | INFO | camera_monitor:_monitor_loop:300 | 摄像头 一层恒温大件物品区摄像头1 检测到变化...
2026-01-29 10:52:33 | DEBUG | image_detection:_calculate_background_subtraction:136 | 检测到前景 (23.908%)，暂停背景学习，避免前景被学习成背景
2026-01-29 10:52:33 | DEBUG | image_detection:_filter_small_areas:213 | 过滤了小区域，过滤面积: 37185.5像素 (1.793%)，保留区域数: 18
2026-01-29 10:52:33 | INFO | camera_monitor:_monitor_loop:300 | 摄像头 一层室内较小库房摄像头1 检测到变化...
2026-01-29 10:52:33 | DEBUG | image_detection:_calculate_background_subtraction:136 | 检测到前景 (19.693%)，暂停背景学习，避免前景被学习成背景
2026-01-29 10:52:33 | INFO | camera_monitor:_monitor_loop:300 | 摄像头 一层室外大件物品区摄像头1 检测到变化...
2026-01-29 10:52:33 | DEBUG | image_detection:_calculate_background_subtraction:136 | 检测到前景 (15.143%)，暂停背景学习，避免前景被学习成背景
2026-01-29 10:52:33 | INFO | camera_monitor:_monitor_loop:300 | 摄像头 一层贵重物品区摄像头1 检测到变化...
2026-01-29 10:52:33 | DEBUG | image_detection:_calculate_background_subtraction:136 | 检测到前景 (21.197%)，暂停背景学习，避免前景被学习成背景
2026-01-29 10:52:33 | INFO | camera_monitor:_monitor_loop:300 | 摄像头 一层恒温大件物品区摄像头1 检测到变化...
2026-01-29 10:52:34 | DEBUG | image_detection:_calculate_background_subtraction:136 | 检测到前景 (23.808%)，暂停背景学习，避免前景被学习成背景
2026-01-29 10:52:34 | DEBUG | image_detection:_filter_small_areas:213 | 过滤了小区域，过滤面积: 39215.0像素 (1.891%)，保留区域数: 16
2026-01-29 10:52:34 | INFO | camera_monitor:_monitor_loop:300 | 摄像头 一层室内较小库房摄像头1 检测到变化...
2026-01-29 10:52:34 | DEBUG | image_detection:_calculate_background_subtraction:136 | 检测到前景 (18.451%)，暂停背景学习，避免前景被学习成背景
2026-01-29 10:52:34 | DEBUG | image_detection:_filter_small_areas:213 | 过滤了小区域，过滤面积: 33671.0像素 (1.624%)，保留区域数: 25
2026-01-29 10:52:34 | INFO | camera_monitor:_monitor_loop:300 | 摄像头 一层室外大件物品区摄像头1 检测到变化...
2026-01-29 10:52:34 | DEBUG | image_detection:_calculate_background_subtraction:136 | 检测到前景 (15.520%)，暂停背景学习，避免前景被学习成背景
2026-01-29 10:52:34 | INFO | camera_monitor:_monitor_loop:300 | 摄像头 一层贵重物品区摄像头1 检测到变化...
2026-01-29 10:52:34 | DEBUG | image_detection:_calculate_background_subtraction:136 | 检测到前景 (21.140%)，暂停背景学习，避免前景被学习成背景
2026-01-29 10:52:34 | INFO | camera_monitor:_monitor_loop:300 | 摄像头 一层恒温大件物品区摄像头1 检测到变化...
2026-01-29 10:52:35 | DEBUG | image_detection:_calculate_background_subtraction:136 | 检测到前景 (24.311%)，暂停背景学习，避免前景被学习成背景
2026-01-29 10:52:35 | INFO | camera_monitor:_monitor_loop:300 | 摄像头 一层室内较小库房摄像头1 检测到变化...
2026-01-29 10:52:35 | DEBUG | image_detection:_calculate_background_subtraction:136 | 检测到前景 (19.885%)，暂停背景学习，避免前景被学习成背景
2026-01-29 10:52:35 | INFO | camera_monitor:_monitor_loop:300 | 摄像头 一层室外大件物品区摄像头1 检测到变化...
2026-01-29 10:52:35 | DEBUG | image_detection:_calculate_background_subtraction:136 | 检测到前景 (15.056%)，暂停背景学习，避免前景被学习成背景
2026-01-29 10:52:35 | INFO | camera_monitor:_monitor_loop:300 | 摄像头 一层贵重物品区摄像头1 检测到变化...
2026-01-29 10:52:35 | DEBUG | image_detection:_calculate_background_subtraction:136 | 检测到前景 (21.196%)，暂停背景学习，避免前景被学习成背景
2026-01-29 10:52:36 | INFO | camera_monitor:_monitor_loop:300 | 摄像头 一层恒温大件物品区摄像头1 检测到变化...
2026-01-29 10:52:36 | DEBUG | image_detection:_calculate_background_subtraction:136 | 检测到前景 (24.072%)，暂停背景学习，避免前景被学习成背景
2026-01-29 10:52:36 | INFO | camera_monitor:_monitor_loop:300 | 摄像头 一层室内较小库房摄像头1 检测到变化...
2026-01-29 10:52:36 | DEBUG | image_detection:_calculate_background_subtraction:136 | 检测到前景 (18.810%)，暂停背景学习，避免前景被学习成背景
2026-01-29 10:52:36 | INFO | camera_monitor:_monitor_loop:300 | 摄像头 一层室外大件物品区摄像头1 检测到变化...
2026-01-29 10:52:36 | DEBUG | image_detection:_calculate_background_subtraction:136 | 检测到前景 (15.611%)，暂停背景学习，避免前景被学习成背景
2026-01-29 10:52:36 | INFO | camera_monitor:_monitor_loop:300 | 摄像头 一层贵重物品区摄像头1 检测到变化...
2026-01-29 10:52:37 | DEBUG | image_detection:_calculate_background_subtraction:136 | 检测到前景 (20.793%)，暂停背景学习，避免前景被学习成背景
2026-01-29 10:52:37 | INFO | camera_monitor:_monitor_loop:300 | 摄像头 一层恒温大件物品区摄像头1 检测到变化...
2026-01-29 10:52:37 | DEBUG | image_detection:_calculate_background_subtraction:136 | 检测到前景 (24.550%)，暂停背景学习，避免前景被学习成背景
2026-01-29 10:52:37 | INFO | camera_monitor:_monitor_loop:300 | 摄像头 一层室内较小库房摄像头1 检测到变化...
2026-01-29 10:52:37 | DEBUG | image_detection:_calculate_background_subtraction:136 | 检测到前景 (20.175%)，暂停背景学习，避免前景被学习成背景
2026-01-29 10:52:37 | INFO | camera_monitor:_monitor_loop:300 | 摄像头 一层室外大件物品区摄像头1 检测到变化...
2026-01-29 10:52:37 | DEBUG | image_detection:_calculate_background_subtraction:136 | 检测到前景 (14.508%)，暂停背景学习，避免前景被学习成背景
2026-01-29 10:52:37 | INFO | camera_monitor:_monitor_loop:300 | 摄像头 一层贵重物品区摄像头1 检测到变化...
2026-01-29 10:52:38 | DEBUG | image_detection:_calculate_background_subtraction:136 | 检测到前景 (21.205%)，暂停背景学习，避免前景被学习成背景
2026-01-29 10:52:38 | INFO | camera_monitor:_monitor_loop:300 | 摄像头 一层恒温大件物品区摄像头1 检测到变化...
2026-01-29 10:52:38 | DEBUG | image_detection:_calculate_background_subtraction:136 | 检测到前景 (24.396%)，暂停背景学习，避免前景被学习成背景
2026-01-29 10:52:38 | INFO | camera_monitor:_monitor_loop:300 | 摄像头 一层室内较小库房摄像头1 检测到变化...
2026-01-29 10:52:38 | DEBUG | image_detection:_calculate_background_subtraction:136 | 检测到前景 (19.375%)，暂停背景学习，避免前景被学习成背景
2026-01-29 10:52:38 | INFO | camera_monitor:_monitor_loop:300 | 摄像头 一层室外大件物品区摄像头1 检测到变化...
2026-01-29 10:52:38 | DEBUG | image_detection:_calculate_background_subtraction:136 | 检测到前景 (15.768%)，暂停背景学习，避免前景被学习成背景
2026-01-29 10:52:38 | INFO | camera_monitor:_monitor_loop:300 | 摄像头 一层贵重物品区摄像头1 检测到变化...
2026-01-29 10:52:39 | DEBUG | image_detection:_calculate_background_subtraction:136 | 检测到前景 (20.907%)，暂停背景学习，避免前景被学习成背景
2026-01-29 10:52:39 | INFO | camera_monitor:_monitor_loop:300 | 摄像头 一层恒温大件物品区摄像头1 检测到变化...
2026-01-29 10:52:39 | DEBUG | image_detection:_calculate_background_subtraction:136 | 检测到前景 (24.458%)，暂停背景学习，避免前景被学习成背景
2026-01-29 10:52:39 | INFO | camera_monitor:_monitor_loop:300 | 摄像头 一层室内较小库房摄像头1 检测到变化...
2026-01-29 10:52:39 | DEBUG | image_detection:_calculate_background_subtraction:136 | 检测到前景 (20.390%)，暂停背景学习，避免前景被学习成背景
2026-01-29 10:52:39 | INFO | camera_monitor:_monitor_loop:300 | 摄像头 一层室外大件物品区摄像头1 检测到变化...
2026-01-29 10:52:39 | DEBUG | image_detection:_calculate_background_subtraction:136 | 检测到前景 (14.797%)，暂停背景学习，避免前景被学习成背景
2026-01-29 10:52:39 | INFO | camera_monitor:_monitor_loop:300 | 摄像头 一层贵重物品区摄像头1 检测到变化...
2026-01-29 10:52:40 | DEBUG | image_detection:_calculate_background_subtraction:136 | 检测到前景 (20.517%)，暂停背景学习，避免前景被学习成背景
2026-01-29 10:52:40 | INFO | camera_monitor:_monitor_loop:300 | 摄像头 一层恒温大件物品区摄像头1 检测到变化...
2026-01-29 10:52:40 | DEBUG | image_detection:_calculate_background_subtraction:136 | 检测到前景 (24.361%)，暂停背景学习，避免前景被学习成背景
2026-01-29 10:52:40 | INFO | camera_monitor:_monitor_loop:300 | 摄像头 一层室内较小库房摄像头1 检测到变化...
2026-01-29 10:52:40 | DEBUG | image_detection:_calculate_background_subtraction:136 | 检测到前景 (19.970%)，暂停背景学习，避免前景被学习成背景
2026-01-29 10:52:40 | DEBUG | image_detection:_calculate_background_subtraction:136 | 检测到前景 (13.945%)，暂停背景学习，避免前景被学习成背景
2026-01-29 10:52:40 | INFO | camera_monitor:_monitor_loop:300 | 摄像头 一层室外大件物品区摄像头1 检测到变化...
2026-01-29 10:52:40 | INFO | camera_monitor:_monitor_loop:300 | 摄像头 一层贵重物品区摄像头1 检测到变化...
2026-01-29 10:52:41 | DEBUG | image_detection:_calculate_background_subtraction:136 | 检测到前景 (20.864%)，暂停背景学习，避免前景被学习成背景
2026-01-29 10:52:41 | INFO | camera_monitor:_monitor_loop:300 | 摄像头 一层恒温大件物品区摄像头1 检测到变化...
2026-01-29 10:52:41 | DEBUG | image_detection:_calculate_background_subtraction:136 | 检测到前景 (24.655%)，暂停背景学习，避免前景被学习成背景
2026-01-29 10:52:41 | INFO | camera_monitor:_monitor_loop:300 | 摄像头 一层室内较小库房摄像头1 检测到变化...
2026-01-29 10:52:41 | DEBUG | image_detection:_calculate_background_subtraction:136 | 检测到前景 (20.871%)，暂停背景学习，避免前景被学习成背景
2026-01-29 10:52:41 | INFO | camera_monitor:_monitor_loop:300 | 摄像头 一层室外大件物品区摄像头1 检测到变化...
2026-01-29 10:52:41 | DEBUG | image_detection:_calculate_background_subtraction:136 | 检测到前景 (14.703%)，暂停背景学习，避免前景被学习成背景
2026-01-29 10:52:41 | INFO | camera_monitor:_monitor_loop:300 | 摄像头 一层贵重物品区摄像头1 检测到变化...
2026-01-29 10:52:42 | DEBUG | image_detection:_calculate_background_subtraction:136 | 检测到前景 (20.895%)，暂停背景学习，避免前景被学习成背景
2026-01-29 10:52:42 | INFO | camera_monitor:_monitor_loop:300 | 摄像头 一层恒温大件物品区摄像头1 检测到变化...
2026-01-29 10:52:42 | DEBUG | image_detection:_calculate_background_subtraction:136 | 检测到前景 (24.906%)，暂停背景学习，避免前景被学习成背景
2026-01-29 10:52:42 | INFO | camera_monitor:_monitor_loop:300 | 摄像头 一层室内较小库房摄像头1 检测到变化...
2026-01-29 10:52:42 | DEBUG | image_detection:_calculate_background_subtraction:136 | 检测到前景 (20.300%)，暂停背景学习，避免前景被学习成背景
2026-01-29 10:52:42 | INFO | camera_monitor:_monitor_loop:300 | 摄像头 一层室外大件物品区摄像头1 检测到变化...
2026-01-29 10:52:42 | DEBUG | image_detection:_calculate_background_subtraction:136 | 检测到前景 (14.173%)，暂停背景学习，避免前景被学习成背景
2026-01-29 10:52:42 | INFO | camera_monitor:_monitor_loop:300 | 摄像头 一层贵重物品区摄像头1 检测到变化...
2026-01-29 10:52:43 | DEBUG | image_detection:_calculate_background_subtraction:136 | 检测到前景 (20.562%)，暂停背景学习，避免前景被学习成背景
2026-01-29 10:52:43 | INFO | camera_monitor:_monitor_loop:300 | 摄像头 一层恒温大件物品区摄像头1 检测到变化...
2026-01-29 10:52:43 | DEBUG | image_detection:_calculate_background_subtraction:136 | 检测到前景 (25.083%)，暂停背景学习，避免前景被学习成背景
2026-01-29 10:52:43 | DEBUG | image_detection:_filter_small_areas:213 | 过滤了小区域，过滤面积: 40063.0像素 (1.932%)，保留区域数: 15
2026-01-29 10:52:43 | INFO | camera_monitor:_monitor_loop:300 | 摄像头 一层室内较小库房摄像头1 检测到变化...
2026-01-29 10:52:43 | DEBUG | image_detection:_calculate_background_subtraction:136 | 检测到前景 (21.074%)，暂停背景学习，避免前景被学习成背景
2026-01-29 10:52:43 | DEBUG | image_detection:_calculate_background_subtraction:136 | 检测到前景 (13.495%)，暂停背景学习，避免前景被学习成背景
2026-01-29 10:52:43 | INFO | camera_monitor:_monitor_loop:300 | 摄像头 一层室外大件物品区摄像头1 检测到变化...
2026-01-29 10:52:43 | INFO | camera_monitor:_monitor_loop:300 | 摄像头 一层贵重物品区摄像头1 检测到变化...
2026-01-29 10:52:44 | DEBUG | image_detection:_calculate_background_subtraction:136 | 检测到前景 (20.971%)，暂停背景学习，避免前景被学习成背景
2026-01-29 10:52:44 | INFO | camera_monitor:_monitor_loop:300 | 摄像头 一层恒温大件物品区摄像头1 检测到变化...
2026-01-29 10:52:44 | DEBUG | image_detection:_calculate_background_subtraction:136 | 检测到前景 (24.941%)，暂停背景学习，避免前景被学习成背景
2026-01-29 10:52:44 | INFO | camera_monitor:_monitor_loop:300 | 摄像头 一层室内较小库房摄像头1 检测到变化...
2026-01-29 10:52:44 | DEBUG | image_detection:_calculate_background_subtraction:136 | 检测到前景 (20.767%)，暂停背景学习，避免前景被学习成背景
2026-01-29 10:52:44 | DEBUG | image_detection:_calculate_background_subtraction:136 | 检测到前景 (14.364%)，暂停背景学习，避免前景被学习成背景
2026-01-29 10:52:44 | INFO | camera_monitor:_monitor_loop:300 | 摄像头 一层室外大件物品区摄像头1 检测到变化...
2026-01-29 10:52:44 | INFO | camera_monitor:_monitor_loop:300 | 摄像头 一层贵重物品区摄像头1 检测到变化...
2026-01-29 10:52:45 | DEBUG | image_detection:_calculate_background_subtraction:136 | 检测到前景 (20.583%)，暂停背景学习，避免前景被学习成背景
2026-01-29 10:52:45 | INFO | camera_monitor:_monitor_loop:300 | 摄像头 一层恒温大件物品区摄像头1 检测到变化...
2026-01-29 10:52:45 | DEBUG | image_detection:_calculate_background_subtraction:136 | 检测到前景 (25.110%)，暂停背景学习，避免前景被学习成背景
2026-01-29 10:52:45 | INFO | camera_monitor:_monitor_loop:300 | 摄像头 一层室内较小库房摄像头1 检测到变化...
2026-01-29 10:52:45 | DEBUG | image_detection:_calculate_background_subtraction:136 | 检测到前景 (21.371%)，暂停背景学习，避免前景被学习成背景
2026-01-29 10:52:45 | DEBUG | image_detection:_calculate_background_subtraction:136 | 检测到前景 (14.043%)，暂停背景学习，避免前景被学习成背景
2026-01-29 10:52:45 | INFO | camera_monitor:_monitor_loop:300 | 摄像头 一层室外大件物品区摄像头1 检测到变化...
2026-01-29 10:52:45 | INFO | camera_monitor:_monitor_loop:300 | 摄像头 一层贵重物品区摄像头1 检测到变化...
2026-01-29 10:52:46 | DEBUG | image_detection:_calculate_background_subtraction:136 | 检测到前景 (20.740%)，暂停背景学习，避免前景被学习成背景
2026-01-29 10:52:46 | INFO | camera_monitor:_monitor_loop:300 | 摄像头 一层恒温大件物品区摄像头1 检测到变化...
2026-01-29 10:52:46 | ERROR | camera_monitor:_connect_rtsp:498 | RTSP连接失败
2026-01-29 10:52:46 | WARNING | camera_monitor:_monitor_loop:212 | 摄像头 一层贵重物品区摄像头1 连接失败，5秒后重试 (尝试 1/3)
2026-01-29 10:52:46 | DEBUG | image_detection:_calculate_background_subtraction:136 | 检测到前景 (24.629%)，暂停背景学习，避免前景被学习成背景
2026-01-29 10:52:46 | INFO | camera_monitor:_monitor_loop:300 | 摄像头 一层室内较小库房摄像头1 检测到变化...
2026-01-29 10:52:46 | DEBUG | image_detection:_calculate_background_subtraction:136 | 检测到前景 (20.424%)，暂停背景学习，避免前景被学习成背景
2026-01-29 10:52:46 | INFO | camera_monitor:_monitor_loop:300 | 摄像头 一层室外大件物品区摄像头1 检测到变化...
2026-01-29 10:52:46 | DEBUG | image_detection:_calculate_background_subtraction:136 | 检测到前景 (14.080%)，暂停背景学习，避免前景被学习成背景
2026-01-29 10:52:46 | INFO | camera_monitor:_monitor_loop:300 | 摄像头 一层贵重物品区摄像头1 检测到变化...
2026-01-29 10:52:47 | DEBUG | image_detection:_calculate_background_subtraction:136 | 检测到前景 (20.540%)，暂停背景学习，避免前景被学习成背景
2026-01-29 10:52:47 | INFO | camera_monitor:_monitor_loop:300 | 摄像头 一层恒温大件物品区摄像头1 检测到变化...
2026-01-29 10:52:47 | DEBUG | image_detection:_calculate_background_subtraction:136 | 检测到前景 (24.868%)，暂停背景学习，避免前景被学习成背景
2026-01-29 10:52:47 | INFO | camera_monitor:_monitor_loop:300 | 摄像头 一层室内较小库房摄像头1 检测到变化...
2026-01-29 10:52:47 | INFO | camera_monitor:_connect_rtsp:465 | RTSP连接成功
2026-01-29 10:52:47 | INFO | video_stream_reader:__init__:53 | [一层室内较小库房摄像头1] VideoStreamReader: 使用已有VideoCapture对象
2026-01-29 10:52:47 | DEBUG | video_stream_reader:_update_loop:105 | [一层室内较小库房摄像头1] VideoStreamReader 更新线程已启动
2026-01-29 10:52:47 | DEBUG | image_detection:_calculate_background_subtraction:136 | 检测到前景 (20.788%)，暂停背景学习，避免前景被学习成背景
2026-01-29 10:52:47 | DEBUG | video_stream_reader:_wait_for_first_frame:97 | [一层室内较小库房摄像头1] VideoStreamReader: 首帧已就绪
2026-01-29 10:52:47 | INFO | video_stream_reader:__init__:82 | ✓ [一层室内较小库房摄像头1] VideoStreamReader 已启动 - 独立线程将持续读取最新帧，彻底解决缓冲区积压
2026-01-29 10:52:47 | INFO | camera_monitor:_monitor_loop:223 | 摄像头 一层室内较小库房摄像头1 正在初始化，快速跳过前3帧...
2026-01-29 10:52:47 | DEBUG | image_detection:_calculate_background_subtraction:136 | 检测到前景 (12.024%)，暂停背景学习，避免前景被学习成背景
2026-01-29 10:52:47 | INFO | camera_monitor:_monitor_loop:300 | 摄像头 一层室外大件物品区摄像头1 检测到变化...
2026-01-29 10:52:47 | INFO | camera_monitor:_monitor_loop:233 | 摄像头 一层室内较小库房摄像头1 背景建模学习中，请等待30秒...
2026-01-29 10:52:47 | INFO | camera_monitor:_monitor_loop:300 | 摄像头 一层贵重物品区摄像头1 检测到变化...
2026-01-29 10:52:48 | DEBUG | image_detection:_calculate_background_subtraction:136 | 检测到前景 (20.731%)，暂停背景学习，避免前景被学习成背景
2026-01-29 10:52:48 | INFO | camera_monitor:_monitor_loop:300 | 摄像头 一层恒温大件物品区摄像头1 检测到变化...
2026-01-29 10:52:48 | DEBUG | image_detection:_calculate_background_subtraction:136 | 检测到前景 (24.533%)，暂停背景学习，避免前景被学习成背景
2026-01-29 10:52:48 | INFO | camera_monitor:_monitor_loop:300 | 摄像头 一层室内较小库房摄像头1 检测到变化...
2026-01-29 10:52:48 | DEBUG | image_detection:_calculate_background_subtraction:136 | 检测到前景 (20.560%)，暂停背景学习，避免前景被学习成背景
2026-01-29 10:52:48 | INFO | camera_monitor:_monitor_loop:300 | 摄像头 一层室外大件物品区摄像头1 检测到变化...
2026-01-29 10:52:48 | DEBUG | image_detection:_calculate_background_subtraction:136 | 检测到前景 (14.531%)，暂停背景学习，避免前景被学习成背景
2026-01-29 10:52:48 | INFO | camera_monitor:_monitor_loop:300 | 摄像头 一层贵重物品区摄像头1 检测到变化...
2026-01-29 10:52:49 | INFO | camera_monitor:_connect_rtsp:465 | RTSP连接成功
2026-01-29 10:52:49 | INFO | video_stream_reader:__init__:53 | [一层贵重物品区摄像头1] VideoStreamReader: 使用已有VideoCapture对象
2026-01-29 10:52:49 | DEBUG | video_stream_reader:_update_loop:105 | [一层贵重物品区摄像头1] VideoStreamReader 更新线程已启动
2026-01-29 10:52:49 | DEBUG | image_detection:_calculate_background_subtraction:136 | 检测到前景 (20.718%)，暂停背景学习，避免前景被学习成背景
2026-01-29 10:52:49 | DEBUG | video_stream_reader:_wait_for_first_frame:97 | [一层贵重物品区摄像头1] VideoStreamReader: 首帧已就绪
2026-01-29 10:52:49 | INFO | video_stream_reader:__init__:82 | ✓ [一层贵重物品区摄像头1] VideoStreamReader 已启动 - 独立线程将持续读取最新帧，彻底解决缓冲区积压
2026-01-29 10:52:49 | INFO | camera_monitor:_monitor_loop:300 | 摄像头 一层恒温大件物品区摄像头1 检测到变化...
2026-01-29 10:52:49 | INFO | camera_monitor:_monitor_loop:223 | 摄像头 一层贵重物品区摄像头1 正在初始化，快速跳过前3帧...
2026-01-29 10:52:49 | INFO | camera_monitor:_monitor_loop:233 | 摄像头 一层贵重物品区摄像头1 背景建模学习中，请等待30秒...
2026-01-29 10:52:49 | DEBUG | image_detection:_calculate_background_subtraction:136 | 检测到前景 (25.250%)，暂停背景学习，避免前景被学习成背景
2026-01-29 10:52:49 | INFO | camera_monitor:_monitor_loop:300 | 摄像头 一层室内较小库房摄像头1 检测到变化...
2026-01-29 10:52:49 | DEBUG | image_detection:_calculate_background_subtraction:136 | 检测到前景 (20.632%)，暂停背景学习，避免前景被学习成背景
2026-01-29 10:52:49 | DEBUG | image_detection:_calculate_background_subtraction:136 | 检测到前景 (12.892%)，暂停背景学习，避免前景被学习成背景
2026-01-29 10:52:49 | INFO | camera_monitor:_monitor_loop:300 | 摄像头 一层室外大件物品区摄像头1 检测到变化...
2026-01-29 10:52:49 | INFO | camera_monitor:_monitor_loop:300 | 摄像头 一层贵重物品区摄像头1 检测到变化...
2026-01-29 10:52:50 | DEBUG | image_detection:_calculate_background_subtraction:136 | 检测到前景 (20.645%)，暂停背景学习，避免前景被学习成背景
2026-01-29 10:52:50 | INFO | camera_monitor:_monitor_loop:300 | 摄像头 一层恒温大件物品区摄像头1 检测到变化...
2026-01-29 10:52:50 | DEBUG | image_detection:_calculate_background_subtraction:136 | 检测到前景 (22.926%)，暂停背景学习，避免前景被学习成背景
2026-01-29 10:52:50 | INFO | camera_monitor:_monitor_loop:300 | 摄像头 一层室内较小库房摄像头1 检测到变化...
2026-01-29 10:52:50 | DEBUG | image_detection:_calculate_background_subtraction:136 | 检测到前景 (21.337%)，暂停背景学习，避免前景被学习成背景
2026-01-29 10:52:50 | DEBUG | image_detection:_calculate_background_subtraction:136 | 检测到前景 (15.364%)，暂停背景学习，避免前景被学习成背景
2026-01-29 10:52:50 | INFO | camera_monitor:_monitor_loop:300 | 摄像头 一层室外大件物品区摄像头1 检测到变化...
2026-01-29 10:52:51 | INFO | camera_monitor:_monitor_loop:300 | 摄像头 一层贵重物品区摄像头1 检测到变化...
2026-01-29 10:52:51 | INFO | camera_monitor:_connect_rtsp:465 | RTSP连接成功
2026-01-29 10:52:51 | INFO | video_stream_reader:__init__:53 | [一层室外大件物品区摄像头1] VideoStreamReader: 使用已有VideoCapture对象
2026-01-29 10:52:51 | DEBUG | image_detection:_calculate_background_subtraction:136 | 检测到前景 (20.525%)，暂停背景学习，避免前景被学习成背景
2026-01-29 10:52:51 | INFO | camera_monitor:_monitor_loop:300 | 摄像头 一层恒温大件物品区摄像头1 检测到变化...
2026-01-29 10:52:51 | DEBUG | video_stream_reader:_update_loop:105 | [一层室外大件物品区摄像头1] VideoStreamReader 更新线程已启动
2026-01-29 10:52:51 | DEBUG | video_stream_reader:_wait_for_first_frame:97 | [一层室外大件物品区摄像头1] VideoStreamReader: 首帧已就绪
2026-01-29 10:52:51 | INFO | video_stream_reader:__init__:82 | ✓ [一层室外大件物品区摄像头1] VideoStreamReader 已启动 - 独立线程将持续读取最新帧，彻底解决缓冲区积压
2026-01-29 10:52:51 | INFO | camera_monitor:_monitor_loop:223 | 摄像头 一层室外大件物品区摄像头1 正在初始化，快速跳过前3帧...
2026-01-29 10:52:51 | INFO | camera_monitor:_connect_rtsp:447 | 正在连接RTSP流: rtsp://admin:khjy%40321@192.168.100.110:554/cam/realmonitor?channel=1&subtype=1
2026-01-29 10:52:51 | INFO | input_shaper:_log_stats_periodically:217 | [一层室内较小库房摄像头1] InputShaper 统计 - 拉取: 742帧, 输出: 58帧, 丢弃: 0帧, 溢出: 0次, 空读: 0次, 重复: 0次, 缓冲区: 10/30
2026-01-29 10:52:51 | INFO | camera_monitor:_monitor_loop:233 | 摄像头 一层室外大件物品区摄像头1 背景建模学习中，请等待30秒...
2026-01-29 10:52:51 | DEBUG | image_detection:_calculate_background_subtraction:136 | 检测到前景 (25.520%)，暂停背景学习，避免前景被学习成背景
2026-01-29 10:52:51 | INFO | camera_monitor:_monitor_loop:300 | 摄像头 一层室内较小库房摄像头1 检测到变化...
2026-01-29 10:52:51 | DEBUG | image_detection:_calculate_background_subtraction:136 | 检测到前景 (21.016%)，暂停背景学习，避免前景被学习成背景
2026-01-29 10:52:51 | DEBUG | image_detection:_calculate_background_subtraction:136 | 检测到前景 (14.463%)，暂停背景学习，避免前景被学习成背景
2026-01-29 10:52:52 | INFO | camera_monitor:_monitor_loop:300 | 摄像头 一层室外大件物品区摄像头1 检测到变化...
2026-01-29 10:52:52 | INFO | camera_monitor:_monitor_loop:300 | 摄像头 一层贵重物品区摄像头1 检测到变化...
2026-01-29 10:52:52 | DEBUG | image_detection:_calculate_background_subtraction:136 | 检测到前景 (20.841%)，暂停背景学习，避免前景被学习成背景
2026-01-29 10:52:52 | INFO | camera_monitor:_monitor_loop:300 | 摄像头 一层恒温大件物品区摄像头1 检测到变化...
2026-01-29 10:52:52 | DEBUG | image_detection:_calculate_background_subtraction:136 | 检测到前景 (25.817%)，暂停背景学习，避免前景被学习成背景
2026-01-29 10:52:52 | INFO | input_shaper:_log_stats_periodically:217 | [一层贵重物品区摄像头1] InputShaper 统计 - 拉取: 736帧, 输出: 58帧, 丢弃: 0帧, 溢出: 0次, 空读: 0次, 重复: 0次, 缓冲区: 7/30
2026-01-29 10:52:52 | DEBUG | image_detection:_calculate_background_subtraction:136 | 检测到前景 (21.279%)，暂停背景学习，避免前景被学习成背景
2026-01-29 10:52:53 | INFO | camera_monitor:_monitor_loop:300 | 摄像头 一层室内较小库房摄像头1 检测到变化...
2026-01-29 10:52:53 | DEBUG | image_detection:_calculate_background_subtraction:136 | 检测到前景 (15.905%)，暂停背景学习，避免前景被学习成背景
2026-01-29 10:52:53 | DEBUG | image_detection:_filter_small_areas:213 | 过滤了小区域，过滤面积: 32507.5像素 (1.568%)，保留区域数: 19
2026-01-29 10:52:53 | INFO | camera_monitor:_monitor_loop:300 | 摄像头 一层室外大件物品区摄像头1 检测到变化...
2026-01-29 10:52:53 | INFO | camera_monitor:_monitor_loop:300 | 摄像头 一层贵重物品区摄像头1 检测到变化...
2026-01-29 10:52:53 | DEBUG | image_detection:_calculate_background_subtraction:136 | 检测到前景 (20.760%)，暂停背景学习，避免前景被学习成背景
2026-01-29 10:52:53 | INFO | camera_monitor:_monitor_loop:300 | 摄像头 一层恒温大件物品区摄像头1 检测到变化...
2026-01-29 10:52:53 | DEBUG | video_stream_reader:_update_loop:163 | [一层室内较小库房摄像头1] VideoStreamReader: 读取帧失败 (连续失败1次)
2026-01-29 10:52:53 | DEBUG | image_detection:_calculate_background_subtraction:136 | 检测到前景 (25.093%)，暂停背景学习，避免前景被学习成背景
2026-01-29 10:52:54 | DEBUG | image_detection:_calculate_background_subtraction:136 | 检测到前景 (20.595%)，暂停背景学习，避免前景被学习成背景
2026-01-29 10:52:54 | DEBUG | image_detection:_filter_small_areas:213 | 过滤了小区域，过滤面积: 39575.0像素 (1.909%)，保留区域数: 14
2026-01-29 10:52:54 | INFO | camera_monitor:_connect_rtsp:465 | RTSP连接成功
2026-01-29 10:52:54 | DEBUG | image_detection:_calculate_background_subtraction:136 | 检测到前景 (15.884%)，暂停背景学习，避免前景被学习成背景
2026-01-29 10:52:54 | INFO | video_stream_reader:__init__:53 | [一层恒温大件物品区摄像头1] VideoStreamReader: 使用已有VideoCapture对象
2026-01-29 10:52:54 | INFO | camera_monitor:_monitor_loop:300 | 摄像头 一层室外大件物品区摄像头1 检测到变化...
2026-01-29 10:52:54 | INFO | camera_monitor:_monitor_loop:300 | 摄像头 一层室内较小库房摄像头1 检测到变化...
2026-01-29 10:52:54 | INFO | input_shaper:_log_stats_periodically:217 | [一层室外大件物品区摄像头1] InputShaper 统计 - 拉取: 739帧, 输出: 59帧, 丢弃: 0帧, 溢出: 0次, 空读: 0次, 重复: 0次, 缓冲区: 4/30
2026-01-29 10:52:54 | DEBUG | video_stream_reader:_update_loop:105 | [一层恒温大件物品区摄像头1] VideoStreamReader 更新线程已启动
2026-01-29 10:52:54 | INFO | camera_monitor:_monitor_loop:300 | 摄像头 一层贵重物品区摄像头1 检测到变化...
2026-01-29 10:52:54 | DEBUG | video_stream_reader:_wait_for_first_frame:97 | [一层恒温大件物品区摄像头1] VideoStreamReader: 首帧已就绪
2026-01-29 10:52:54 | INFO | video_stream_reader:__init__:82 | ✓ [一层恒温大件物品区摄像头1] VideoStreamReader 已启动 - 独立线程将持续读取最新帧，彻底解决缓冲区积压
2026-01-29 10:52:54 | INFO | camera_monitor:_monitor_loop:223 | 摄像头 一层恒温大件物品区摄像头1 正在初始化，快速跳过前3帧...
2026-01-29 10:52:54 | INFO | camera_monitor:_monitor_loop:233 | 摄像头 一层恒温大件物品区摄像头1 背景建模学习中，请等待30秒...
2026-01-29 10:52:54 | DEBUG | image_detection:_calculate_background_subtraction:136 | 检测到前景 (20.627%)，暂停背景学习，避免前景被学习成背景
2026-01-29 10:52:54 | INFO | camera_monitor:_monitor_loop:300 | 摄像头 一层恒温大件物品区摄像头1 检测到变化...
2026-01-29 10:52:54 | DEBUG | image_detection:_calculate_background_subtraction:136 | 检测到前景 (25.418%)，暂停背景学习，避免前景被学习成背景
2026-01-29 10:52:55 | DEBUG | image_detection:_calculate_background_subtraction:136 | 检测到前景 (21.264%)，暂停背景学习，避免前景被学习成背景
2026-01-29 10:52:55 | INFO | camera_monitor:_monitor_loop:300 | 摄像头 一层室内较小库房摄像头1 检测到变化...
2026-01-29 10:52:55 | DEBUG | image_detection:_calculate_background_subtraction:136 | 检测到前景 (13.813%)，暂停背景学习，避免前景被学习成背景
2026-01-29 10:52:55 | INFO | camera_monitor:_monitor_loop:300 | 摄像头 一层室外大件物品区摄像头1 检测到变化...
2026-01-29 10:52:55 | INFO | camera_monitor:_monitor_loop:300 | 摄像头 一层贵重物品区摄像头1 检测到变化...
2026-01-29 10:52:55 | INFO | input_shaper:_log_stats_periodically:217 | [一层恒温大件物品区摄像头1] InputShaper 统计 - 拉取: 723帧, 输出: 59帧, 丢弃: 0帧, 溢出: 0次, 空读: 0次, 重复: 0次, 缓冲区: 1/30
2026-01-29 10:52:55 | DEBUG | image_detection:_calculate_background_subtraction:136 | 检测到前景 (21.923%)，暂停背景学习，避免前景被学习成背景
2026-01-29 10:52:55 | INFO | camera_monitor:_monitor_loop:300 | 摄像头 一层恒温大件物品区摄像头1 检测到变化...
2026-01-29 10:52:55 | ERROR | camera_monitor:_connect_rtsp:498 | RTSP连接失败
2026-01-29 10:52:55 | WARNING | camera_monitor:_monitor_loop:212 | 摄像头 一层贵重物品区摄像头1 连接失败，5秒后重试 (尝试 2/3)
2026-01-29 10:52:55 | DEBUG | image_detection:_calculate_background_subtraction:136 | 检测到前景 (30.569%)，暂停背景学习，避免前景被学习成背景
2026-01-29 10:52:56 | DEBUG | image_detection:_calculate_background_subtraction:136 | 检测到前景 (21.494%)，暂停背景学习，避免前景被学习成背景
2026-01-29 10:52:56 | DEBUG | image_detection:_calculate_background_subtraction:136 | 检测到前景 (20.106%)，暂停背景学习，避免前景被学习成背景
2026-01-29 10:52:56 | INFO | camera_monitor:_monitor_loop:300 | 摄像头 一层室内较小库房摄像头1 检测到变化...
2026-01-29 10:52:56 | INFO | camera_monitor:_monitor_loop:300 | 摄像头 一层室外大件物品区摄像头1 检测到变化...
2026-01-29 10:52:56 | INFO | camera_monitor:_monitor_loop:300 | 摄像头 一层贵重物品区摄像头1 检测到变化...
2026-01-29 10:52:56 | DEBUG | image_detection:_calculate_background_subtraction:136 | 检测到前景 (20.780%)，暂停背景学习，避免前景被学习成背景
2026-01-29 10:52:56 | DEBUG | image_detection:_filter_small_areas:213 | 过滤了小区域，过滤面积: 55144.5像素 (2.659%)，保留区域数: 16
2026-01-29 10:52:56 | INFO | camera_monitor:_monitor_loop:300 | 摄像头 一层恒温大件物品区摄像头1 检测到变化...
2026-01-29 10:52:56 | DEBUG | image_detection:_calculate_background_subtraction:136 | 检测到前景 (30.449%)，暂停背景学习，避免前景被学习成背景
2026-01-29 10:52:57 | DEBUG | image_detection:_calculate_background_subtraction:136 | 检测到前景 (21.412%)，暂停背景学习，避免前景被学习成背景
2026-01-29 10:52:57 | DEBUG | image_detection:_calculate_background_subtraction:136 | 检测到前景 (15.875%)，暂停背景学习，避免前景被学习成背景
2026-01-29 10:52:57 | INFO | camera_monitor:_monitor_loop:300 | 摄像头 一层室内较小库房摄像头1 检测到变化...
2026-01-29 10:52:57 | INFO | camera_monitor:_monitor_loop:300 | 摄像头 一层室外大件物品区摄像头1 检测到变化...
2026-01-29 10:52:57 | INFO | camera_monitor:_monitor_loop:300 | 摄像头 一层贵重物品区摄像头1 检测到变化...
2026-01-29 10:52:57 | DEBUG | image_detection:_calculate_background_subtraction:136 | 检测到前景 (20.992%)，暂停背景学习，避免前景被学习成背景
2026-01-29 10:52:57 | INFO | camera_monitor:_monitor_loop:300 | 摄像头 一层恒温大件物品区摄像头1 检测到变化...
2026-01-29 10:52:58 | DEBUG | image_detection:_calculate_background_subtraction:136 | 检测到前景 (30.178%)，暂停背景学习，避免前景被学习成背景
2026-01-29 10:52:58 | DEBUG | image_detection:_calculate_background_subtraction:136 | 检测到前景 (21.708%)，暂停背景学习，避免前景被学习成背景
2026-01-29 10:52:58 | DEBUG | image_detection:_calculate_background_subtraction:136 | 检测到前景 (17.446%)，暂停背景学习，避免前景被学习成背景
2026-01-29 10:52:58 | INFO | camera_monitor:_monitor_loop:300 | 摄像头 一层室内较小库房摄像头1 检测到变化...
2026-01-29 10:52:58 | INFO | camera_monitor:_monitor_loop:300 | 摄像头 一层室外大件物品区摄像头1 检测到变化...
2026-01-29 10:52:58 | INFO | camera_monitor:_monitor_loop:300 | 摄像头 一层贵重物品区摄像头1 检测到变化...
2026-01-29 10:52:58 | DEBUG | image_detection:_calculate_background_subtraction:136 | 检测到前景 (21.027%)，暂停背景学习，避免前景被学习成背景
2026-01-29 10:52:58 | INFO | camera_monitor:_monitor_loop:300 | 摄像头 一层恒温大件物品区摄像头1 检测到变化...
2026-01-29 10:52:59 | DEBUG | image_detection:_calculate_background_subtraction:136 | 检测到前景 (32.098%)，暂停背景学习，避免前景被学习成背景
2026-01-29 10:52:59 | DEBUG | image_detection:_calculate_background_subtraction:136 | 检测到前景 (29.793%)，暂停背景学习，避免前景被学习成背景
2026-01-29 10:52:59 | DEBUG | image_detection:_calculate_background_subtraction:136 | 检测到前景 (17.713%)，暂停背景学习，避免前景被学习成背景
2026-01-29 10:52:59 | INFO | camera_monitor:_monitor_loop:300 | 摄像头 一层室内较小库房摄像头1 检测到变化...
2026-01-29 10:52:59 | INFO | camera_monitor:_monitor_loop:300 | 摄像头 一层贵重物品区摄像头1 检测到变化...
2026-01-29 10:52:59 | INFO | camera_monitor:_monitor_loop:300 | 摄像头 一层室外大件物品区摄像头1 检测到变化...
2026-01-29 10:52:59 | DEBUG | image_detection:_calculate_background_subtraction:136 | 检测到前景 (98.204%)，暂停背景学习，避免前景被学习成背景
2026-01-29 10:52:59 | INFO | camera_monitor:_monitor_loop:300 | 摄像头 一层恒温大件物品区摄像头1 检测到变化...
2026-01-29 10:53:00 | DEBUG | image_detection:_calculate_background_subtraction:136 | 检测到前景 (25.637%)，暂停背景学习，避免前景被学习成背景
2026-01-29 10:53:00 | DEBUG | image_detection:_calculate_background_subtraction:136 | 检测到前景 (30.498%)，暂停背景学习，避免前景被学习成背景
2026-01-29 10:53:00 | DEBUG | image_detection:_calculate_background_subtraction:136 | 检测到前景 (15.269%)，暂停背景学习，避免前景被学习成背景
2026-01-29 10:53:00 | INFO | camera_monitor:_monitor_loop:300 | 摄像头 一层室内较小库房摄像头1 检测到变化...
2026-01-29 10:53:00 | INFO | camera_monitor:_monitor_loop:300 | 摄像头 一层室外大件物品区摄像头1 检测到变化...
2026-01-29 10:53:00 | INFO | camera_monitor:_monitor_loop:300 | 摄像头 一层贵重物品区摄像头1 检测到变化...
2026-01-29 10:53:00 | DEBUG | image_detection:_calculate_background_subtraction:136 | 检测到前景 (98.177%)，暂停背景学习，避免前景被学习成背景
2026-01-29 10:53:00 | INFO | camera_monitor:_connect_rtsp:447 | 正在连接RTSP流: rtsp://admin:khjy%40321@192.168.100.110:554/cam/realmonitor?channel=1&subtype=1
2026-01-29 10:53:00 | INFO | camera_monitor:_monitor_loop:300 | 摄像头 一层恒温大件物品区摄像头1 检测到变化...
2026-01-29 10:53:01 | DEBUG | image_detection:_calculate_background_subtraction:136 | 检测到前景 (28.967%)，暂停背景学习，避免前景被学习成背景
2026-01-29 10:53:01 | DEBUG | image_detection:_calculate_background_subtraction:136 | 检测到前景 (20.162%)，暂停背景学习，避免前景被学习成背景
2026-01-29 10:53:01 | DEBUG | image_detection:_calculate_background_subtraction:136 | 检测到前景 (21.514%)，暂停背景学习，避免前景被学习成背景
2026-01-29 10:53:01 | INFO | camera_monitor:_monitor_loop:300 | 摄像头 一层室外大件物品区摄像头1 检测到变化...
2026-01-29 10:53:01 | INFO | camera_monitor:_monitor_loop:300 | 摄像头 一层室内较小库房摄像头1 检测到变化...
2026-01-29 10:53:01 | INFO | camera_monitor:_monitor_loop:300 | 摄像头 一层贵重物品区摄像头1 检测到变化...
2026-01-29 10:53:01 | DEBUG | image_detection:_calculate_background_subtraction:136 | 检测到前景 (98.181%)，暂停背景学习，避免前景被学习成背景
2026-01-29 10:53:01 | INFO | camera_monitor:_monitor_loop:300 | 摄像头 一层恒温大件物品区摄像头1 检测到变化...
2026-01-29 10:53:02 | DEBUG | image_detection:_calculate_background_subtraction:136 | 检测到前景 (26.549%)，暂停背景学习，避免前景被学习成背景
2026-01-29 10:53:02 | DEBUG | image_detection:_calculate_background_subtraction:136 | 检测到前景 (26.321%)，暂停背景学习，避免前景被学习成背景
2026-01-29 10:53:02 | DEBUG | image_detection:_calculate_background_subtraction:136 | 检测到前景 (23.655%)，暂停背景学习，避免前景被学习成背景
2026-01-29 10:53:02 | INFO | camera_monitor:_monitor_loop:300 | 摄像头 一层室内较小库房摄像头1 检测到变化...
2026-01-29 10:53:02 | DEBUG | image_detection:_filter_small_areas:213 | 过滤了小区域，过滤面积: 45133.5像素 (2.177%)，保留区域数: 19
2026-01-29 10:53:02 | INFO | camera_monitor:_monitor_loop:300 | 摄像头 一层贵重物品区摄像头1 检测到变化...
2026-01-29 10:53:02 | INFO | camera_monitor:_monitor_loop:300 | 摄像头 一层室外大件物品区摄像头1 检测到变化...
2026-01-29 10:53:02 | DEBUG | image_detection:_calculate_background_subtraction:136 | 检测到前景 (98.165%)，暂停背景学习，避免前景被学习成背景
2026-01-29 10:53:02 | INFO | camera_monitor:_monitor_loop:300 | 摄像头 一层恒温大件物品区摄像头1 检测到变化...
2026-01-29 10:53:03 | DEBUG | image_detection:_calculate_background_subtraction:136 | 检测到前景 (26.709%)，暂停背景学习，避免前景被学习成背景
2026-01-29 10:53:03 | DEBUG | image_detection:_calculate_background_subtraction:136 | 检测到前景 (20.955%)，暂停背景学习，避免前景被学习成背景
2026-01-29 10:53:03 | DEBUG | image_detection:_calculate_background_subtraction:136 | 检测到前景 (23.484%)，暂停背景学习，避免前景被学习成背景
2026-01-29 10:53:03 | INFO | camera_monitor:_monitor_loop:300 | 摄像头 一层室外大件物品区摄像头1 检测到变化...
2026-01-29 10:53:03 | INFO | camera_monitor:_monitor_loop:300 | 摄像头 一层室内较小库房摄像头1 检测到变化...
2026-01-29 10:53:03 | INFO | camera_monitor:_monitor_loop:300 | 摄像头 一层贵重物品区摄像头1 检测到变化...
2026-01-29 10:53:03 | DEBUG | image_detection:_calculate_background_subtraction:136 | 检测到前景 (20.944%)，暂停背景学习，避免前景被学习成背景
2026-01-29 10:53:03 | DEBUG | image_detection:_filter_small_areas:213 | 过滤了小区域，过滤面积: 53876.0像素 (2.598%)，保留区域数: 17
2026-01-29 10:53:03 | INFO | camera_monitor:_monitor_loop:300 | 摄像头 一层恒温大件物品区摄像头1 检测到变化...
2026-01-29 10:53:04 | DEBUG | image_detection:_calculate_background_subtraction:136 | 检测到前景 (26.784%)，暂停背景学习，避免前景被学习成背景
2026-01-29 10:53:04 | DEBUG | image_detection:_calculate_background_subtraction:136 | 检测到前景 (21.747%)，暂停背景学习，避免前景被学习成背景
2026-01-29 10:53:04 | DEBUG | image_detection:_calculate_background_subtraction:136 | 检测到前景 (29.928%)，暂停背景学习，避免前景被学习成背景
2026-01-29 10:53:04 | INFO | camera_monitor:_monitor_loop:300 | 摄像头 一层室外大件物品区摄像头1 检测到变化...
2026-01-29 10:53:04 | INFO | camera_monitor:_monitor_loop:300 | 摄像头 一层室内较小库房摄像头1 检测到变化...
2026-01-29 10:53:04 | INFO | camera_monitor:_monitor_loop:300 | 摄像头 一层贵重物品区摄像头1 检测到变化...
2026-01-29 10:53:04 | DEBUG | image_detection:_calculate_background_subtraction:136 | 检测到前景 (20.710%)，暂停背景学习，避免前景被学习成背景
2026-01-29 10:53:05 | INFO | camera_monitor:_monitor_loop:300 | 摄像头 一层恒温大件物品区摄像头1 检测到变化...
2026-01-29 10:53:05 | DEBUG | image_detection:_calculate_background_subtraction:136 | 检测到前景 (32.362%)，暂停背景学习，避免前景被学习成背景
2026-01-29 10:53:05 | DEBUG | image_detection:_calculate_background_subtraction:136 | 检测到前景 (26.487%)，暂停背景学习，避免前景被学习成背景
2026-01-29 10:53:05 | DEBUG | image_detection:_calculate_background_subtraction:136 | 检测到前景 (30.905%)，暂停背景学习，避免前景被学习成背景
2026-01-29 10:53:05 | INFO | camera_monitor:_monitor_loop:300 | 摄像头 一层室外大件物品区摄像头1 检测到变化...
2026-01-29 10:53:05 | INFO | camera_monitor:_monitor_loop:300 | 摄像头 一层室内较小库房摄像头1 检测到变化...
2026-01-29 10:53:05 | DEBUG | image_detection:_calculate_background_subtraction:136 | 检测到前景 (20.742%)，暂停背景学习，避免前景被学习成背景
2026-01-29 10:53:06 | INFO | camera_monitor:_monitor_loop:300 | 摄像头 一层贵重物品区摄像头1 检测到变化...
2026-01-29 10:53:06 | INFO | camera_monitor:_monitor_loop:300 | 摄像头 一层恒温大件物品区摄像头1 检测到变化...
2026-01-29 10:53:06 | DEBUG | image_detection:_calculate_background_subtraction:136 | 检测到前景 (27.588%)，暂停背景学习，避免前景被学习成背景
2026-01-29 10:53:06 | DEBUG | image_detection:_calculate_background_subtraction:136 | 检测到前景 (12.991%)，暂停背景学习，避免前景被学习成背景
2026-01-29 10:53:06 | INFO | camera_monitor:_monitor_loop:300 | 摄像头 一层室外大件物品区摄像头1 检测到变化...
2026-01-29 10:53:06 | INFO | camera_monitor:_monitor_loop:300 | 摄像头 一层贵重物品区摄像头1 检测到变化...
2026-01-29 10:53:07 | DEBUG | image_detection:_calculate_background_subtraction:136 | 检测到前景 (32.138%)，暂停背景学习，避免前景被学习成背景
2026-01-29 10:53:07 | DEBUG | image_detection:_calculate_background_subtraction:136 | 检测到前景 (20.780%)，暂停背景学习，避免前景被学习成背景
2026-01-29 10:53:07 | DEBUG | image_detection:_filter_small_areas:213 | 过滤了小区域，过滤面积: 58946.5像素 (2.843%)，保留区域数: 13
2026-01-29 10:53:07 | INFO | camera_monitor:_monitor_loop:300 | 摄像头 一层恒温大件物品区摄像头1 检测到变化...
2026-01-29 10:53:07 | DEBUG | image_detection:_calculate_background_subtraction:136 | 检测到前景 (27.731%)，暂停背景学习，避免前景被学习成背景
2026-01-29 10:53:07 | INFO | camera_monitor:_monitor_loop:300 | 摄像头 一层室内较小库房摄像头1 检测到变化...
2026-01-29 10:53:08 | DEBUG | image_detection:_calculate_background_subtraction:136 | 检测到前景 (35.583%)，暂停背景学习，避免前景被学习成背景
2026-01-29 10:53:08 | DEBUG | image_detection:_calculate_background_subtraction:136 | 检测到前景 (13.942%)，暂停背景学习，避免前景被学习成背景
2026-01-29 10:53:08 | INFO | camera_monitor:_monitor_loop:300 | 摄像头 一层室外大件物品区摄像头1 检测到变化...
2026-01-29 10:53:08 | INFO | camera_monitor:_monitor_loop:300 | 摄像头 一层贵重物品区摄像头1 检测到变化...
2026-01-29 10:53:08 | DEBUG | image_detection:_calculate_background_subtraction:136 | 检测到前景 (20.935%)，暂停背景学习，避免前景被学习成背景
2026-01-29 10:53:08 | DEBUG | image_detection:_filter_small_areas:213 | 过滤了小区域，过滤面积: 97077.5像素 (4.682%)，保留区域数: 22
2026-01-29 10:53:08 | DEBUG | image_detection:_calculate_background_subtraction:136 | 检测到前景 (20.869%)，暂停背景学习，避免前景被学习成背景
2026-01-29 10:53:08 | INFO | camera_monitor:_monitor_loop:300 | 摄像头 一层恒温大件物品区摄像头1 检测到变化...
2026-01-29 10:53:09 | INFO | camera_monitor:_monitor_loop:300 | 摄像头 一层室内较小库房摄像头1 检测到变化...
2026-01-29 10:53:09 | DEBUG | image_detection:_calculate_background_subtraction:136 | 检测到前景 (22.639%)，暂停背景学习，避免前景被学习成背景
2026-01-29 10:53:09 | DEBUG | image_detection:_calculate_background_subtraction:136 | 检测到前景 (35.926%)，暂停背景学习，避免前景被学习成背景
2026-01-29 10:53:09 | INFO | camera_monitor:_monitor_loop:300 | 摄像头 一层室外大件物品区摄像头1 检测到变化...
2026-01-29 10:53:09 | INFO | camera_monitor:_monitor_loop:300 | 摄像头 一层贵重物品区摄像头1 检测到变化...
2026-01-29 10:53:09 | DEBUG | image_detection:_calculate_background_subtraction:136 | 检测到前景 (98.190%)，暂停背景学习，避免前景被学习成背景
2026-01-29 10:53:09 | INFO | camera_monitor:_monitor_loop:300 | 摄像头 一层恒温大件物品区摄像头1 检测到变化...
2026-01-29 10:53:10 | DEBUG | image_detection:_calculate_background_subtraction:136 | 检测到前景 (22.056%)，暂停背景学习，避免前景被学习成背景
2026-01-29 10:53:10 | INFO | camera_monitor:_monitor_loop:300 | 摄像头 一层室内较小库房摄像头1 检测到变化...
2026-01-29 10:53:10 | DEBUG | image_detection:_calculate_background_subtraction:136 | 检测到前景 (15.818%)，暂停背景学习，避免前景被学习成背景
2026-01-29 10:53:10 | DEBUG | image_detection:_filter_small_areas:213 | 过滤了小区域，过滤面积: 32671.5像素 (1.576%)，保留区域数: 17
2026-01-29 10:53:10 | DEBUG | image_detection:_calculate_background_subtraction:136 | 检测到前景 (33.177%)，暂停背景学习，避免前景被学习成背景
2026-01-29 10:53:10 | INFO | camera_monitor:_monitor_loop:300 | 摄像头 一层贵重物品区摄像头1 检测到变化...
2026-01-29 10:53:10 | INFO | camera_monitor:_monitor_loop:300 | 摄像头 一层室外大件物品区摄像头1 检测到变化...
2026-01-29 10:53:10 | DEBUG | image_detection:_calculate_background_subtraction:136 | 检测到前景 (98.210%)，暂停背景学习，避免前景被学习成背景
2026-01-29 10:53:10 | INFO | camera_monitor:_monitor_loop:300 | 摄像头 一层恒温大件物品区摄像头1 检测到变化...
2026-01-29 10:53:11 | INFO | camera_monitor:_monitor_loop:300 | 摄像头 一层室内较小库房摄像头1 检测到变化...
2026-01-29 10:53:11 | DEBUG | image_detection:_calculate_background_subtraction:136 | 检测到前景 (23.472%)，暂停背景学习，避免前景被学习成背景
2026-01-29 10:53:11 | DEBUG | image_detection:_calculate_background_subtraction:136 | 检测到前景 (23.778%)，暂停背景学习，避免前景被学习成背景
2026-01-29 10:53:11 | INFO | camera_monitor:_monitor_loop:300 | 摄像头 一层贵重物品区摄像头1 检测到变化...
2026-01-29 10:53:11 | DEBUG | image_detection:_calculate_background_subtraction:136 | 检测到前景 (98.182%)，暂停背景学习，避免前景被学习成背景
2026-01-29 10:53:11 | INFO | camera_monitor:_monitor_loop:300 | 摄像头 一层室外大件物品区摄像头1 检测到变化...
2026-01-29 10:53:11 | DEBUG | image_detection:_calculate_background_subtraction:136 | 检测到前景 (31.600%)，暂停背景学习，避免前景被学习成背景
2026-01-29 10:53:11 | INFO | camera_monitor:_monitor_loop:300 | 摄像头 一层恒温大件物品区摄像头1 检测到变化...
2026-01-29 10:53:12 | DEBUG | image_detection:_calculate_background_subtraction:136 | 检测到前景 (13.318%)，暂停背景学习，避免前景被学习成背景
2026-01-29 10:53:12 | INFO | camera_monitor:_monitor_loop:300 | 摄像头 一层室内较小库房摄像头1 检测到变化...
2026-01-29 10:53:12 | INFO | camera_monitor:_monitor_loop:300 | 摄像头 一层贵重物品区摄像头1 检测到变化...
2026-01-29 10:53:12 | DEBUG | image_detection:_calculate_background_subtraction:136 | 检测到前景 (21.643%)，暂停背景学习，避免前景被学习成背景
2026-01-29 10:53:12 | DEBUG | image_detection:_calculate_background_subtraction:136 | 检测到前景 (98.227%)，暂停背景学习，避免前景被学习成背景
2026-01-29 10:53:12 | DEBUG | image_detection:_filter_small_areas:213 | 过滤了小区域，过滤面积: 32300.0像素 (1.558%)，保留区域数: 17
2026-01-29 10:53:13 | INFO | camera_monitor:_monitor_loop:300 | 摄像头 一层恒温大件物品区摄像头1 检测到变化...
2026-01-29 10:53:13 | INFO | camera_monitor:_monitor_loop:300 | 摄像头 一层室外大件物品区摄像头1 检测到变化...
2026-01-29 10:53:13 | DEBUG | image_detection:_calculate_background_subtraction:136 | 检测到前景 (25.698%)，暂停背景学习，避免前景被学习成背景
2026-01-29 10:53:13 | DEBUG | image_detection:_calculate_background_subtraction:136 | 检测到前景 (13.619%)，暂停背景学习，避免前景被学习成背景
2026-01-29 10:53:13 | INFO | camera_monitor:_monitor_loop:300 | 摄像头 一层室内较小库房摄像头1 检测到变化...
2026-01-29 10:53:13 | INFO | camera_monitor:_monitor_loop:300 | 摄像头 一层贵重物品区摄像头1 检测到变化...
2026-01-29 10:53:13 | DEBUG | image_detection:_calculate_background_subtraction:136 | 检测到前景 (21.780%)，暂停背景学习，避免前景被学习成背景
2026-01-29 10:53:13 | DEBUG | image_detection:_calculate_background_subtraction:136 | 检测到前景 (98.168%)，暂停背景学习，避免前景被学习成背景
2026-01-29 10:53:14 | INFO | camera_monitor:_monitor_loop:300 | 摄像头 一层恒温大件物品区摄像头1 检测到变化...
2026-01-29 10:53:14 | INFO | camera_monitor:_monitor_loop:300 | 摄像头 一层室外大件物品区摄像头1 检测到变化...
2026-01-29 10:53:14 | DEBUG | image_detection:_calculate_background_subtraction:136 | 检测到前景 (26.167%)，暂停背景学习，避免前景被学习成背景
2026-01-29 10:53:14 | DEBUG | image_detection:_calculate_background_subtraction:136 | 检测到前景 (13.608%)，暂停背景学习，避免前景被学习成背景
2026-01-29 10:53:14 | INFO | camera_monitor:_monitor_loop:300 | 摄像头 一层贵重物品区摄像头1 检测到变化...
2026-01-29 10:53:14 | INFO | camera_monitor:_monitor_loop:300 | 摄像头 一层室内较小库房摄像头1 检测到变化...
2026-01-29 10:53:14 | DEBUG | image_detection:_calculate_background_subtraction:136 | 检测到前景 (27.081%)，暂停背景学习，避免前景被学习成背景
2026-01-29 10:53:14 | DEBUG | image_detection:_calculate_background_subtraction:136 | 检测到前景 (98.230%)，暂停背景学习，避免前景被学习成背景
2026-01-29 10:53:15 | INFO | camera_monitor:_monitor_loop:300 | 摄像头 一层恒温大件物品区摄像头1 检测到变化...
2026-01-29 10:53:15 | INFO | camera_monitor:_monitor_loop:300 | 摄像头 一层室外大件物品区摄像头1 检测到变化...
2026-01-29 10:53:15 | DEBUG | image_detection:_calculate_background_subtraction:136 | 检测到前景 (26.222%)，暂停背景学习，避免前景被学习成背景
2026-01-29 10:53:15 | DEBUG | image_detection:_calculate_background_subtraction:136 | 检测到前景 (15.095%)，暂停背景学习，避免前景被学习成背景
2026-01-29 10:53:15 | DEBUG | video_stream_reader:_update_loop:163 | [一层室内较小库房摄像头1] VideoStreamReader: 读取帧失败 (连续失败1次)
2026-01-29 10:53:15 | INFO | camera_monitor:_monitor_loop:300 | 摄像头 一层贵重物品区摄像头1 检测到变化...
2026-01-29 10:53:15 | INFO | camera_monitor:_monitor_loop:300 | 摄像头 一层室内较小库房摄像头1 检测到变化...
2026-01-29 10:53:16 | DEBUG | image_detection:_calculate_background_subtraction:136 | 检测到前景 (98.184%)，暂停背景学习，避免前景被学习成背景
2026-01-29 10:53:16 | INFO | camera_monitor:_monitor_loop:300 | 摄像头 一层恒温大件物品区摄像头1 检测到变化...
2026-01-29 10:53:16 | WARNING | camera_monitor:_monitor_loop:274 | 摄像头 一层贵重物品区摄像头1 获取帧失败，尝试重连
2026-01-29 10:53:16 | INFO | input_shaper:release:316 | [一层贵重物品区摄像头1] InputShaper: 正在停止...
2026-01-29 10:53:16 | DEBUG | image_detection:_calculate_background_subtraction:136 | 检测到前景 (31.315%)，暂停背景学习，避免前景被学习成背景
2026-01-29 10:53:16 | DEBUG | image_detection:_calculate_background_subtraction:136 | 检测到前景 (27.712%)，暂停背景学习，避免前景被学习成背景
2026-01-29 10:53:16 | DEBUG | image_detection:_filter_small_areas:213 | 过滤了小区域，过滤面积: 50670.5像素 (2.444%)，保留区域数: 18
2026-01-29 10:53:16 | DEBUG | image_detection:_filter_small_areas:213 | 过滤了小区域，过滤面积: 71363.0像素 (3.442%)，保留区域数: 18
2026-01-29 10:53:16 | DEBUG | video_stream_reader:_update_loop:163 | [一层恒温大件物品区摄像头1] VideoStreamReader: 读取帧失败 (连续失败1次)
2026-01-29 10:53:17 | DEBUG | video_stream_reader:_update_loop:163 | [一层恒温大件物品区摄像头1] VideoStreamReader: 读取帧失败 (连续失败2次)
2026-01-29 10:53:17 | INFO | camera_monitor:_monitor_loop:300 | 摄像头 一层室外大件物品区摄像头1 检测到变化...
2026-01-29 10:53:17 | DEBUG | video_stream_reader:_update_loop:163 | [一层恒温大件物品区摄像头1] VideoStreamReader: 读取帧失败 (连续失败3次)
2026-01-29 10:53:17 | DEBUG | video_stream_reader:_update_loop:163 | [一层恒温大件物品区摄像头1] VideoStreamReader: 读取帧失败 (连续失败4次)
2026-01-29 10:53:17 | DEBUG | image_detection:_calculate_background_subtraction:136 | 检测到前景 (98.240%)，暂停背景学习，避免前景被学习成背景
2026-01-29 10:53:17 | INFO | camera_monitor:_monitor_loop:300 | 摄像头 一层室内较小库房摄像头1 检测到变化...
2026-01-29 10:53:17 | DEBUG | video_stream_reader:_update_loop:163 | [一层恒温大件物品区摄像头1] VideoStreamReader: 读取帧失败 (连续失败5次)
2026-01-29 10:53:17 | DEBUG | image_detection:_calculate_background_subtraction:136 | 检测到前景 (32.020%)，暂停背景学习，避免前景被学习成背景
2026-01-29 10:53:17 | DEBUG | video_stream_reader:_update_loop:163 | [一层恒温大件物品区摄像头1] VideoStreamReader: 读取帧失败 (连续失败6次)
2026-01-29 10:53:17 | DEBUG | video_stream_reader:_update_loop:163 | [一层恒温大件物品区摄像头1] VideoStreamReader: 读取帧失败 (连续失败7次)
2026-01-29 10:53:17 | INFO | camera_monitor:_monitor_loop:300 | 摄像头 一层恒温大件物品区摄像头1 检测到变化...
2026-01-29 10:53:17 | DEBUG | video_stream_reader:_update_loop:163 | [一层恒温大件物品区摄像头1] VideoStreamReader: 读取帧失败 (连续失败8次)
2026-01-29 10:53:17 | DEBUG | video_stream_reader:_update_loop:163 | [一层恒温大件物品区摄像头1] VideoStreamReader: 读取帧失败 (连续失败9次)
2026-01-29 10:53:17 | DEBUG | video_stream_reader:_update_loop:163 | [一层恒温大件物品区摄像头1] VideoStreamReader: 读取帧失败 (连续失败10次)
2026-01-29 10:53:17 | ERROR | video_stream_reader:_update_loop:169 | [一层恒温大件物品区摄像头1] VideoStreamReader: 连续失败10次，停止线程
2026-01-29 10:53:17 | INFO | video_stream_reader:_update_loop:188 | [一层恒温大件物品区摄像头1] VideoStreamReader 更新线程已停止
2026-01-29 10:53:17 | INFO | camera_monitor:_monitor_loop:300 | 摄像头 一层室外大件物品区摄像头1 检测到变化...
2026-01-29 10:53:17 | INFO | video_stream_reader:_update_loop:149 | [一层室内较小库房摄像头1] VideoStreamReader 统计 - 总读取: 379帧, 总丢弃: 378帧 (99.7%), 说明主线程使用了 0.3% 的帧
2026-01-29 10:53:17 | DEBUG | image_detection:_calculate_background_subtraction:136 | 检测到前景 (25.520%)，暂停背景学习，避免前景被学习成背景
2026-01-29 10:53:17 | INFO | camera_monitor:_monitor_loop:253 | 摄像头 一层室内较小库房摄像头1 开始正常监测...
2026-01-29 10:53:18 | DEBUG | image_detection:_calculate_background_subtraction:136 | 检测到前景 (21.144%)，暂停背景学习，避免前景被学习成背景
2026-01-29 10:53:18 | INFO | camera_monitor:_monitor_loop:300 | 摄像头 一层室内较小库房摄像头1 检测到变化...
2026-01-29 10:53:18 | DEBUG | image_detection:_calculate_background_subtraction:136 | 检测到前景 (35.469%)，暂停背景学习，避免前景被学习成背景
2026-01-29 10:53:18 | INFO | camera_monitor:_monitor_loop:300 | 摄像头 一层恒温大件物品区摄像头1 检测到变化...
2026-01-29 10:53:18 | INFO | camera_monitor:_monitor_loop:300 | 摄像头 一层室外大件物品区摄像头1 检测到变化...
2026-01-29 10:53:18 | INFO | input_shaper:_pull_loop:202 | [一层贵重物品区摄像头1] InputShaper 拉流线程已停止
2026-01-29 10:53:18 | INFO | input_shaper:release:340 | [一层贵重物品区摄像头1] InputShaper: 已释放
2026-01-29 10:53:18 | INFO | input_shaper:release:316 | [一层贵重物品区摄像头1] InputShaper: 正在停止...
2026-01-29 10:53:18 | INFO | input_shaper:release:340 | [一层贵重物品区摄像头1] InputShaper: 已释放
2026-01-29 10:53:18 | INFO | camera_monitor:_connect_rtsp:447 | 正在连接RTSP流: rtsp://admin:khjy%40123@192.168.100.107:554/cam/realmonitor?channel=1&subtype=1
2026-01-29 10:53:19 | WARNING | image_detection:_calculate_background_subtraction:168 | ⚠️  过滤可能过于激进：原始前景 1.64% -> 处理后 0.069%（形态学操作: 1, 最小区域: 50）建议：降低min_change_area或减小形态学核大小
2026-01-29 10:53:19 | DEBUG | image_detection:_calculate_background_subtraction:136 | 检测到前景 (21.570%)，暂停背景学习，避免前景被学习成背景
2026-01-29 10:53:19 | INFO | camera_monitor:_monitor_loop:300 | 摄像头 一层恒温大件物品区摄像头1 检测到变化...
2026-01-29 10:53:19 | INFO | video_stream_reader:_update_loop:149 | [一层贵重物品区摄像头1] VideoStreamReader 统计 - 总读取: 401帧, 总丢弃: 400帧 (99.8%), 说明主线程使用了 0.2% 的帧
2026-01-29 10:53:19 | DEBUG | image_detection:_calculate_background_subtraction:136 | 检测到前景 (27.033%)，暂停背景学习，避免前景被学习成背景
2026-01-29 10:53:19 | INFO | camera_monitor:_monitor_loop:300 | 摄像头 一层室内较小库房摄像头1 检测到变化...
2026-01-29 10:53:19 | INFO | camera_monitor:_monitor_loop:253 | 摄像头 一层贵重物品区摄像头1 开始正常监测...
2026-01-29 10:53:19 | DEBUG | image_detection:_calculate_background_subtraction:136 | 检测到前景 (37.007%)，暂停背景学习，避免前景被学习成背景
2026-01-29 10:53:19 | DEBUG | image_detection:_calculate_background_subtraction:136 | 检测到前景 (3.681%)，暂停背景学习，避免前景被学习成背景
2026-01-29 10:53:19 | INFO | camera_monitor:_monitor_loop:300 | 摄像头 一层室外大件物品区摄像头1 检测到变化...
2026-01-29 10:53:20 | DEBUG | image_detection:_calculate_background_subtraction:136 | 检测到前景 (2.056%)，暂停背景学习，避免前景被学习成背景
2026-01-29 10:53:20 | DEBUG | image_detection:_calculate_background_subtraction:136 | 检测到前景 (20.894%)，暂停背景学习，避免前景被学习成背景
2026-01-29 10:53:20 | DEBUG | image_detection:_filter_small_areas:213 | 过滤了小区域，过滤面积: 55813.0像素 (2.692%)，保留区域数: 15
2026-01-29 10:53:20 | INFO | camera_monitor:_monitor_loop:300 | 摄像头 一层恒温大件物品区摄像头1 检测到变化...
2026-01-29 10:53:20 | DEBUG | image_detection:_calculate_background_subtraction:136 | 检测到前景 (49.263%)，暂停背景学习，避免前景被学习成背景
2026-01-29 10:53:20 | DEBUG | image_detection:_calculate_background_subtraction:136 | 检测到前景 (43.495%)，暂停背景学习，避免前景被学习成背景
2026-01-29 10:53:20 | INFO | camera_monitor:_monitor_loop:300 | 摄像头 一层室外大件物品区摄像头1 检测到变化...
2026-01-29 10:53:20 | INFO | camera_monitor:_monitor_loop:300 | 摄像头 一层室内较小库房摄像头1 检测到变化...
2026-01-29 10:53:20 | DEBUG | image_detection:_calculate_background_subtraction:136 | 检测到前景 (6.330%)，暂停背景学习，避免前景被学习成背景
2026-01-29 10:53:21 | DEBUG | image_detection:_calculate_background_subtraction:136 | 检测到前景 (20.999%)，暂停背景学习，避免前景被学习成背景
2026-01-29 10:53:21 | INFO | camera_monitor:_monitor_loop:300 | 摄像头 一层恒温大件物品区摄像头1 检测到变化...
2026-01-29 10:53:21 | INFO | video_stream_reader:_update_loop:149 | [一层室外大件物品区摄像头1] VideoStreamReader 统计 - 总读取: 462帧, 总丢弃: 461帧 (99.8%), 说明主线程使用了 0.2% 的帧
2026-01-29 10:53:21 | DEBUG | image_detection:_calculate_background_subtraction:136 | 检测到前景 (49.604%)，暂停背景学习，避免前景被学习成背景
2026-01-29 10:53:21 | DEBUG | image_detection:_calculate_background_subtraction:136 | 检测到前景 (22.450%)，暂停背景学习，避免前景被学习成背景
2026-01-29 10:53:21 | INFO | camera_monitor:_monitor_loop:300 | 摄像头 一层室外大件物品区摄像头1 检测到变化...
2026-01-29 10:53:21 | DEBUG | image_detection:_calculate_background_subtraction:136 | 检测到前景 (6.194%)，暂停背景学习，避免前景被学习成背景
2026-01-29 10:53:21 | INFO | camera_monitor:_monitor_loop:300 | 摄像头 一层室内较小库房摄像头1 检测到变化...
2026-01-29 10:53:21 | INFO | camera_monitor:_monitor_loop:300 | 摄像头 一层贵重物品区摄像头1 检测到变化...
2026-01-29 10:53:21 | INFO | input_shaper:_log_stats_periodically:217 | [一层室内较小库房摄像头1] InputShaper 统计 - 拉取: 405帧, 输出: 51帧, 丢弃: 0帧, 溢出: 0次, 空读: 0次, 重复: 0次, 缓冲区: 9/30
2026-01-29 10:53:21 | INFO | camera_monitor:_monitor_loop:253 | 摄像头 一层室外大件物品区摄像头1 开始正常监测...
2026-01-29 10:53:21 | DEBUG | image_detection:_calculate_background_subtraction:163 | 背景建模 - 原始: 1636/2073600 (0.079%), 处理后: 0/2073600 (0.000%)
2026-01-29 10:53:22 | DEBUG | image_detection:_calculate_background_subtraction:136 | 检测到前景 (23.745%)，暂停背景学习，避免前景被学习成背景
2026-01-29 10:53:22 | INFO | camera_monitor:_monitor_loop:300 | 摄像头 一层恒温大件物品区摄像头1 检测到变化...
2026-01-29 10:53:22 | DEBUG | image_detection:_calculate_background_subtraction:136 | 检测到前景 (29.393%)，暂停背景学习，避免前景被学习成背景
2026-01-29 10:53:22 | DEBUG | image_detection:_calculate_background_subtraction:136 | 检测到前景 (23.136%)，暂停背景学习，避免前景被学习成背景
2026-01-29 10:53:22 | DEBUG | image_detection:_calculate_background_subtraction:136 | 检测到前景 (6.834%)，暂停背景学习，避免前景被学习成背景
2026-01-29 10:53:22 | INFO | camera_monitor:_monitor_loop:300 | 摄像头 一层室外大件物品区摄像头1 检测到变化...
2026-01-29 10:53:22 | INFO | camera_monitor:_monitor_loop:300 | 摄像头 一层室内较小库房摄像头1 检测到变化...
2026-01-29 10:53:22 | INFO | camera_monitor:_monitor_loop:300 | 摄像头 一层贵重物品区摄像头1 检测到变化...
2026-01-29 10:53:22 | DEBUG | image_detection:_calculate_background_subtraction:136 | 检测到前景 (2.657%)，暂停背景学习，避免前景被学习成背景
2026-01-29 10:53:22 | WARNING | image_detection:_calculate_background_subtraction:168 | ⚠️  过滤可能过于激进：原始前景 2.66% -> 处理后 0.030%（形态学操作: 1, 最小区域: 50）建议：降低min_change_area或减小形态学核大小
2026-01-29 10:53:23 | DEBUG | image_detection:_calculate_background_subtraction:163 | 背景建模 - 原始: 16707/2073600 (0.806%), 处理后: 144/2073600 (0.007%)
2026-01-29 10:53:23 | DEBUG | image_detection:_calculate_background_subtraction:136 | 检测到前景 (40.937%)，暂停背景学习，避免前景被学习成背景
2026-01-29 10:53:23 | INFO | camera_monitor:_monitor_loop:300 | 摄像头 一层恒温大件物品区摄像头1 检测到变化...
2026-01-29 10:53:23 | DEBUG | image_detection:_calculate_background_subtraction:136 | 检测到前景 (29.788%)，暂停背景学习，避免前景被学习成背景
2026-01-29 10:53:23 | DEBUG | image_detection:_calculate_background_subtraction:136 | 检测到前景 (23.186%)，暂停背景学习，避免前景被学习成背景
2026-01-29 10:53:23 | INFO | camera_monitor:_monitor_loop:300 | 摄像头 一层室外大件物品区摄像头1 检测到变化...
2026-01-29 10:53:23 | INFO | camera_monitor:_monitor_loop:300 | 摄像头 一层室内较小库房摄像头1 检测到变化...
2026-01-29 10:53:23 | DEBUG | image_detection:_calculate_background_subtraction:136 | 检测到前景 (6.975%)，暂停背景学习，避免前景被学习成背景
2026-01-29 10:53:23 | INFO | camera_monitor:_monitor_loop:300 | 摄像头 一层贵重物品区摄像头1 检测到变化...
2026-01-29 10:53:23 | DEBUG | image_detection:_calculate_background_subtraction:136 | 检测到前景 (2.848%)，暂停背景学习，避免前景被学习成背景
2026-01-29 10:53:23 | WARNING | image_detection:_calculate_background_subtraction:168 | ⚠️  过滤可能过于激进：原始前景 2.85% -> 处理后 0.015%（形态学操作: 1, 最小区域: 50）建议：降低min_change_area或减小形态学核大小
2026-01-29 10:53:24 | ERROR | camera_monitor:_connect_rtsp:498 | RTSP连接失败
2026-01-29 10:53:24 | WARNING | camera_monitor:_monitor_loop:212 | 摄像头 一层车库区摄像头2 连接失败，5秒后重试 (尝试 2/3)
2026-01-29 10:53:24 | INFO | input_shaper:_log_stats_periodically:217 | [一层室外大件物品区摄像头1] InputShaper 统计 - 拉取: 442帧, 输出: 54帧, 丢弃: 0帧, 溢出: 0次, 空读: 0次, 重复: 0次, 缓冲区: 8/30
2026-01-29 10:53:24 | DEBUG | image_detection:_calculate_background_subtraction:136 | 检测到前景 (98.341%)，暂停背景学习，避免前景被学习成背景
2026-01-29 10:53:24 | INFO | camera_monitor:_monitor_loop:300 | 摄像头 一层恒温大件物品区摄像头1 检测到变化...
2026-01-29 10:53:24 | INFO | camera_monitor:_monitor_loop:253 | 摄像头 一层恒温大件物品区摄像头1 开始正常监测...
2026-01-29 10:53:24 | DEBUG | image_detection:_calculate_background_subtraction:163 | 背景建模 - 原始: 0/2073600 (0.000%), 处理后: 0/2073600 (0.000%)
2026-01-29 10:53:24 | DEBUG | image_detection:_calculate_background_subtraction:136 | 检测到前景 (29.713%)，暂停背景学习，避免前景被学习成背景
2026-01-29 10:53:24 | DEBUG | image_detection:_calculate_background_subtraction:136 | 检测到前景 (22.304%)，暂停背景学习，避免前景被学习成背景
2026-01-29 10:53:24 | INFO | camera_monitor:_monitor_loop:300 | 摄像头 一层室内较小库房摄像头1 检测到变化...
2026-01-29 10:53:24 | INFO | camera_monitor:_monitor_loop:300 | 摄像头 一层室外大件物品区摄像头1 检测到变化...
2026-01-29 10:53:24 | DEBUG | image_detection:_calculate_background_subtraction:136 | 检测到前景 (10.643%)，暂停背景学习，避免前景被学习成背景
2026-01-29 10:53:24 | INFO | camera_monitor:_monitor_loop:300 | 摄像头 一层贵重物品区摄像头1 检测到变化...
2026-01-29 10:53:24 | DEBUG | image_detection:_calculate_background_subtraction:136 | 检测到前景 (2.698%)，暂停背景学习，避免前景被学习成背景
2026-01-29 10:53:24 | WARNING | image_detection:_calculate_background_subtraction:168 | ⚠️  过滤可能过于激进：原始前景 2.70% -> 处理后 0.040%（形态学操作: 1, 最小区域: 50）建议：降低min_change_area或减小形态学核大小
2026-01-29 10:53:25 | DEBUG | image_detection:_calculate_background_subtraction:163 | 背景建模 - 原始: 17425/2073600 (0.840%), 处理后: 142/2073600 (0.007%)
2026-01-29 10:53:25 | DEBUG | image_detection:_calculate_background_subtraction:136 | 检测到前景 (75.291%)，暂停背景学习，避免前景被学习成背景
2026-01-29 10:53:25 | DEBUG | image_detection:_filter_small_areas:213 | 过滤了小区域，过滤面积: 50387.5像素 (2.430%)，保留区域数: 12
2026-01-29 10:53:25 | INFO | camera_monitor:_monitor_loop:300 | 摄像头 一层恒温大件物品区摄像头1 检测到变化...
2026-01-29 10:53:25 | DEBUG | image_detection:_calculate_background_subtraction:136 | 检测到前景 (29.302%)，暂停背景学习，避免前景被学习成背景
2026-01-29 10:53:25 | DEBUG | image_detection:_calculate_background_subtraction:136 | 检测到前景 (23.193%)，暂停背景学习，避免前景被学习成背景
2026-01-29 10:53:25 | INFO | input_shaper:_log_stats_periodically:217 | [一层恒温大件物品区摄像头1] InputShaper 统计 - 拉取: 474帧, 输出: 56帧, 丢弃: 0帧, 溢出: 0次, 空读: 0次, 重复: 0次, 缓冲区: 6/30
2026-01-29 10:53:25 | INFO | camera_monitor:_monitor_loop:300 | 摄像头 一层室内较小库房摄像头1 检测到变化...
2026-01-29 10:53:25 | INFO | camera_monitor:_monitor_loop:300 | 摄像头 一层室外大件物品区摄像头1 检测到变化...
2026-01-29 10:53:25 | DEBUG | image_detection:_calculate_background_subtraction:136 | 检测到前景 (6.729%)，暂停背景学习，避免前景被学习成背景
2026-01-29 10:53:25 | INFO | camera_monitor:_monitor_loop:300 | 摄像头 一层贵重物品区摄像头1 检测到变化...
2026-01-29 10:53:25 | DEBUG | image_detection:_calculate_background_subtraction:136 | 检测到前景 (2.823%)，暂停背景学习，避免前景被学习成背景
2026-01-29 10:53:25 | ERROR | camera_monitor:_connect_rtsp:498 | RTSP连接失败
2026-01-29 10:53:25 | WARNING | image_detection:_calculate_background_subtraction:168 | ⚠️  过滤可能过于激进：原始前景 2.82% -> 处理后 0.049%（形态学操作: 1, 最小区域: 50）建议：降低min_change_area或减小形态学核大小
2026-01-29 10:53:25 | INFO | camera_monitor:_worker_process:202 | 后台工作线程已停止 - 摄像头: 一层车库区摄像头2
2026-01-29 10:53:26 | DEBUG | image_detection:_calculate_background_subtraction:136 | 检测到前景 (75.943%)，暂停背景学习，避免前景被学习成背景
2026-01-29 10:53:26 | INFO | camera_monitor:_monitor_loop:300 | 摄像头 一层恒温大件物品区摄像头1 检测到变化...
2026-01-29 10:53:26 | DEBUG | image_detection:_calculate_background_subtraction:136 | 检测到前景 (29.509%)，暂停背景学习，避免前景被学习成背景
2026-01-29 10:53:26 | DEBUG | image_detection:_calculate_background_subtraction:136 | 检测到前景 (23.040%)，暂停背景学习，避免前景被学习成背景
2026-01-29 10:53:26 | INFO | camera_monitor:_monitor_loop:300 | 摄像头 一层室内较小库房摄像头1 检测到变化...
2026-01-29 10:53:26 | INFO | camera_monitor:_monitor_loop:300 | 摄像头 一层室外大件物品区摄像头1 检测到变化...
2026-01-29 10:53:26 | DEBUG | image_detection:_calculate_background_subtraction:136 | 检测到前景 (7.531%)，暂停背景学习，避免前景被学习成背景
2026-01-29 10:53:26 | INFO | camera_monitor:_monitor_loop:300 | 摄像头 一层贵重物品区摄像头1 检测到变化...
2026-01-29 10:53:26 | DEBUG | image_detection:_calculate_background_subtraction:136 | 检测到前景 (12.725%)，暂停背景学习，避免前景被学习成背景
2026-01-29 10:53:27 | DEBUG | image_detection:_calculate_background_subtraction:136 | 检测到前景 (76.154%)，暂停背景学习，避免前景被学习成背景
2026-01-29 10:53:27 | INFO | camera_monitor:_monitor_loop:300 | 摄像头 一层恒温大件物品区摄像头1 检测到变化...
2026-01-29 10:53:27 | DEBUG | image_detection:_calculate_background_subtraction:136 | 检测到前景 (29.103%)，暂停背景学习，避免前景被学习成背景
2026-01-29 10:53:27 | DEBUG | image_detection:_calculate_background_subtraction:136 | 检测到前景 (23.215%)，暂停背景学习，避免前景被学习成背景
2026-01-29 10:53:27 | INFO | camera_monitor:_monitor_loop:300 | 摄像头 一层室内较小库房摄像头1 检测到变化...
2026-01-29 10:53:27 | INFO | camera_monitor:_monitor_loop:300 | 摄像头 一层室外大件物品区摄像头1 检测到变化...
2026-01-29 10:53:27 | DEBUG | image_detection:_calculate_background_subtraction:136 | 检测到前景 (11.405%)，暂停背景学习，避免前景被学习成背景
2026-01-29 10:53:27 | INFO | camera_monitor:_monitor_loop:300 | 摄像头 一层贵重物品区摄像头1 检测到变化...
2026-01-29 10:53:27 | DEBUG | image_detection:_calculate_background_subtraction:136 | 检测到前景 (3.261%)，暂停背景学习，避免前景被学习成背景
2026-01-29 10:53:27 | WARNING | image_detection:_calculate_background_subtraction:168 | ⚠️  过滤可能过于激进：原始前景 3.26% -> 处理后 0.092%（形态学操作: 1, 最小区域: 50）建议：降低min_change_area或减小形态学核大小
2026-01-29 10:53:28 | DEBUG | image_detection:_calculate_background_subtraction:136 | 检测到前景 (76.482%)，暂停背景学习，避免前景被学习成背景
2026-01-29 10:53:28 | INFO | camera_monitor:_monitor_loop:300 | 摄像头 一层恒温大件物品区摄像头1 检测到变化...
2026-01-29 10:53:28 | DEBUG | image_detection:_calculate_background_subtraction:136 | 检测到前景 (29.194%)，暂停背景学习，避免前景被学习成背景
2026-01-29 10:53:28 | DEBUG | image_detection:_calculate_background_subtraction:136 | 检测到前景 (22.747%)，暂停背景学习，避免前景被学习成背景
2026-01-29 10:53:28 | INFO | camera_monitor:_monitor_loop:300 | 摄像头 一层室内较小库房摄像头1 检测到变化...
2026-01-29 10:53:28 | DEBUG | image_detection:_calculate_background_subtraction:136 | 检测到前景 (12.344%)，暂停背景学习，避免前景被学习成背景
2026-01-29 10:53:28 | INFO | camera_monitor:_monitor_loop:300 | 摄像头 一层室外大件物品区摄像头1 检测到变化...
2026-01-29 10:53:28 | INFO | camera_monitor:_monitor_loop:300 | 摄像头 一层贵重物品区摄像头1 检测到变化...
2026-01-29 10:53:28 | DEBUG | image_detection:_calculate_background_subtraction:136 | 检测到前景 (3.094%)，暂停背景学习，避免前景被学习成背景
2026-01-29 10:53:28 | WARNING | image_detection:_calculate_background_subtraction:168 | ⚠️  过滤可能过于激进：原始前景 3.09% -> 处理后 0.056%（形态学操作: 1, 最小区域: 50）建议：降低min_change_area或减小形态学核大小
2026-01-29 10:53:29 | INFO | camera_monitor:_connect_rtsp:447 | 正在连接RTSP流: rtsp://admin:khjy%40123@192.168.100.109:554/cam/realmonitor?channel=1&subtype=1
2026-01-29 10:53:29 | DEBUG | image_detection:_calculate_background_subtraction:136 | 检测到前景 (76.151%)，暂停背景学习，避免前景被学习成背景
2026-01-29 10:53:29 | INFO | camera_monitor:_monitor_loop:300 | 摄像头 一层恒温大件物品区摄像头1 检测到变化...
2026-01-29 10:53:29 | DEBUG | image_detection:_calculate_background_subtraction:163 | 背景建模 - 原始: 0/2073600 (0.000%), 处理后: 0/2073600 (0.000%)
2026-01-29 10:53:29 | DEBUG | image_detection:_calculate_background_subtraction:136 | 检测到前景 (28.853%)，暂停背景学习，避免前景被学习成背景
2026-01-29 10:53:29 | DEBUG | image_detection:_calculate_background_subtraction:136 | 检测到前景 (23.142%)，暂停背景学习，避免前景被学习成背景
2026-01-29 10:53:29 | INFO | camera_monitor:_monitor_loop:300 | 摄像头 一层室内较小库房摄像头1 检测到变化...
2026-01-29 10:53:29 | INFO | camera_monitor:_monitor_loop:300 | 摄像头 一层室外大件物品区摄像头1 检测到变化...
2026-01-29 10:53:29 | DEBUG | image_detection:_calculate_background_subtraction:136 | 检测到前景 (6.768%)，暂停背景学习，避免前景被学习成背景
2026-01-29 10:53:29 | INFO | camera_monitor:_monitor_loop:300 | 摄像头 一层贵重物品区摄像头1 检测到变化...
2026-01-29 10:53:29 | DEBUG | image_detection:_calculate_background_subtraction:136 | 检测到前景 (2.842%)，暂停背景学习，避免前景被学习成背景
2026-01-29 10:53:29 | WARNING | image_detection:_calculate_background_subtraction:168 | ⚠️  过滤可能过于激进：原始前景 2.84% -> 处理后 0.056%（形态学操作: 1, 最小区域: 50）建议：降低min_change_area或减小形态学核大小
2026-01-29 10:53:30 | DEBUG | image_detection:_calculate_background_subtraction:136 | 检测到前景 (75.371%)，暂停背景学习，避免前景被学习成背景
2026-01-29 10:53:30 | INFO | camera_monitor:_monitor_loop:300 | 摄像头 一层恒温大件物品区摄像头1 检测到变化...
2026-01-29 10:53:30 | DEBUG | image_detection:_calculate_background_subtraction:163 | 背景建模 - 原始: 0/2073600 (0.000%), 处理后: 0/2073600 (0.000%)
2026-01-29 10:53:30 | DEBUG | image_detection:_calculate_background_subtraction:136 | 检测到前景 (29.171%)，暂停背景学习，避免前景被学习成背景
2026-01-29 10:53:30 | DEBUG | image_detection:_calculate_background_subtraction:136 | 检测到前景 (22.512%)，暂停背景学习，避免前景被学习成背景
2026-01-29 10:53:30 | INFO | camera_monitor:_monitor_loop:300 | 摄像头 一层室内较小库房摄像头1 检测到变化...
2026-01-29 10:53:30 | DEBUG | image_detection:_calculate_background_subtraction:136 | 检测到前景 (6.992%)，暂停背景学习，避免前景被学习成背景
2026-01-29 10:53:30 | INFO | camera_monitor:_monitor_loop:300 | 摄像头 一层室外大件物品区摄像头1 检测到变化...
2026-01-29 10:53:30 | INFO | camera_monitor:_monitor_loop:300 | 摄像头 一层贵重物品区摄像头1 检测到变化...
2026-01-29 10:53:30 | DEBUG | image_detection:_calculate_background_subtraction:136 | 检测到前景 (2.960%)，暂停背景学习，避免前景被学习成背景
2026-01-29 10:53:30 | WARNING | image_detection:_calculate_background_subtraction:168 | ⚠️  过滤可能过于激进：原始前景 2.96% -> 处理后 0.090%（形态学操作: 1, 最小区域: 50）建议：降低min_change_area或减小形态学核大小
2026-01-29 10:53:31 | WARNING | __main__:restart_monitor:219 | 摄像头 2 (一层车库区摄像头2) 监测已停止，尝试重启 (2/10)
2026-01-29 10:53:31 | INFO | camera_monitor:stop:150 | 停止监测摄像头: 一层车库区摄像头2 (ID: 2)
2026-01-29 10:53:31 | INFO | camera_monitor:__init__:43 | 摄像头 一层车库区摄像头2 (ID: 2) RTSP URL: rtsp://admin:khjy%40123@192.168.100.109:554/cam/realmonitor?channel=1&subtype=1
2026-01-29 10:53:31 | INFO | image_detection:__init__:32 | 初始化背景建模检测器
2026-01-29 10:53:31 | INFO | image_storage:__init__:37 | 图片保存目录: D:\appdata\uploadPath\caseapp
2026-01-29 10:53:31 | INFO | camera_monitor:__init__:58 | 摄像头 一层车库区摄像头2 将创建独立YOLO实例
2026-01-29 10:53:31 | INFO | camera_monitor:_worker_process:156 | 后台工作线程开始运行 - 摄像头: 一层车库区摄像头2
2026-01-29 10:53:31 | INFO | camera_monitor:start:118 | 后台工作线程已启动: 一层车库区摄像头2 (ID: 2)
2026-01-29 10:53:31 | INFO | camera_monitor:_connect_rtsp:447 | 正在连接RTSP流: rtsp://admin:khjy%40123@192.168.100.109:554/cam/realmonitor?channel=1&subtype=1
2026-01-29 10:53:31 | INFO | camera_monitor:start:127 | 开始监测摄像头: 一层车库区摄像头2 (ID: 2)
2026-01-29 10:53:31 | INFO | __main__:restart_monitor:244 | 摄像头 2 (一层车库区摄像头2) 重启成功
2026-01-29 10:53:31 | DEBUG | image_detection:_calculate_background_subtraction:136 | 检测到前景 (74.437%)，暂停背景学习，避免前景被学习成背景
2026-01-29 10:53:31 | INFO | camera_monitor:_monitor_loop:300 | 摄像头 一层恒温大件物品区摄像头1 检测到变化...
: 0.0000%，可能原因：1)学习阶段画面中有运动物体 2)方差阈值太高 3)背景模型未正确建立
2026-01-29 10:53:31 | DEBUG | image_detection:_calculate_background_subtraction:136 | 检测到前景 (28.478%)，暂停背景学习，避免前景被学习成背景
2026-01-29 10:53:31 | DEBUG | image_detection:_calculate_background_subtraction:136 | 检测到前景 (22.723%)，暂停背景学习，避免前景被学习成背景
2026-01-29 10:53:31 | DEBUG | image_detection:_calculate_background_subtraction:136 | 检测到前景 (6.571%)，暂停背景学习，避免前景被学习成背景
2026-01-29 10:53:31 | INFO | camera_monitor:_monitor_loop:300 | 摄像头 一层室内较小库房摄像头1 检测到变化...
2026-01-29 10:53:31 | INFO | camera_monitor:_monitor_loop:300 | 摄像头 一层室外大件物品区摄像头1 检测到变化...
2026-01-29 10:53:31 | INFO | camera_monitor:_monitor_loop:300 | 摄像头 一层贵重物品区摄像头1 检测到变化...
2026-01-29 10:53:31 | DEBUG | image_detection:_calculate_background_subtraction:136 | 检测到前景 (2.898%)，暂停背景学习，避免前景被学习成背景
2026-01-29 10:53:32 | DEBUG | image_detection:_calculate_background_subtraction:136 | 检测到前景 (98.222%)，暂停背景学习，避免前景被学习成背景
2026-01-29 10:53:32 | INFO | camera_monitor:_monitor_loop:300 | 摄像头 一层恒温大件物品区摄像头1 检测到变化...
2026-01-29 10:53:32 | DEBUG | image_detection:_calculate_background_subtraction:136 | 检测到前景 (28.245%)，暂停背景学习，避免前景被学习成背景
2026-01-29 10:53:32 | DEBUG | image_detection:_calculate_background_subtraction:136 | 检测到前景 (21.762%)，暂停背景学习，避免前景被学习成背景
2026-01-29 10:53:32 | DEBUG | image_detection:_calculate_background_subtraction:136 | 检测到前景 (6.748%)，暂停背景学习，避免前景被学习成背景
2026-01-29 10:53:32 | INFO | camera_monitor:_monitor_loop:300 | 摄像头 一层贵重物品区摄像头1 检测到变化...
2026-01-29 10:53:32 | INFO | camera_monitor:_monitor_loop:300 | 摄像头 一层室内较小库房摄像头1 检测到变化...
2026-01-29 10:53:32 | INFO | camera_monitor:_monitor_loop:300 | 摄像头 一层室外大件物品区摄像头1 检测到变化...
2026-01-29 10:53:32 | DEBUG | image_detection:_calculate_background_subtraction:136 | 检测到前景 (3.048%)，暂停背景学习，避免前景被学习成背景
2026-01-29 10:53:33 | DEBUG | image_detection:_calculate_background_subtraction:163 | 背景建模 - 原始: 16778/2073600 (0.809%), 处理后: 0/2073600 (0.000%)
2026-01-29 10:53:33 | DEBUG | image_detection:_calculate_background_subtraction:136 | 检测到前景 (75.156%)，暂停背景学习，避免前景被学习成背景
2026-01-29 10:53:33 | DEBUG | image_detection:_filter_small_areas:213 | 过滤了小区域，过滤面积: 42469.5像素 (2.048%)，保留区域数: 26
2026-01-29 10:53:33 | INFO | camera_monitor:_monitor_loop:300 | 摄像头 一层恒温大件物品区摄像头1 检测到变化...
2026-01-29 10:53:33 | DEBUG | image_detection:_calculate_background_subtraction:136 | 检测到前景 (27.429%)，暂停背景学习，避免前景被学习成背景
2026-01-29 10:53:33 | DEBUG | image_detection:_calculate_background_subtraction:136 | 检测到前景 (22.423%)，暂停背景学习，避免前景被学习成背景
2026-01-29 10:53:33 | DEBUG | image_detection:_calculate_background_subtraction:136 | 检测到前景 (11.007%)，暂停背景学习，避免前景被学习成背景
2026-01-29 10:53:33 | INFO | camera_monitor:_monitor_loop:300 | 摄像头 一层室内较小库房摄像头1 检测到变化...
2026-01-29 10:53:33 | INFO | camera_monitor:_monitor_loop:300 | 摄像头 一层贵重物品区摄像头1 检测到变化...
2026-01-29 10:53:33 | INFO | camera_monitor:_monitor_loop:300 | 摄像头 一层室外大件物品区摄像头1 检测到变化...
2026-01-29 10:53:33 | DEBUG | image_detection:_calculate_background_subtraction:136 | 检测到前景 (3.011%)，暂停背景学习，避免前景被学习成背景
2026-01-29 10:53:34 | DEBUG | image_detection:_calculate_background_subtraction:136 | 检测到前景 (76.739%)，暂停背景学习，避免前景被学习成背景
2026-01-29 10:53:34 | INFO | camera_monitor:_monitor_loop:300 | 摄像头 一层恒温大件物品区摄像头1 检测到变化...
2026-01-29 10:53:34 | DEBUG | image_detection:_calculate_background_subtraction:136 | 检测到前景 (27.875%)，暂停背景学习，避免前景被学习成背景
2026-01-29 10:53:34 | DEBUG | image_detection:_calculate_background_subtraction:136 | 检测到前景 (21.921%)，暂停背景学习，避免前景被学习成背景
2026-01-29 10:53:34 | DEBUG | image_detection:_calculate_background_subtraction:136 | 检测到前景 (12.491%)，暂停背景学习，避免前景被学习成背景
2026-01-29 10:53:34 | INFO | camera_monitor:_monitor_loop:300 | 摄像头 一层室内较小库房摄像头1 检测到变化...
2026-01-29 10:53:34 | INFO | camera_monitor:_monitor_loop:300 | 摄像头 一层贵重物品区摄像头1 检测到变化...
2026-01-29 10:53:34 | INFO | camera_monitor:_monitor_loop:300 | 摄像头 一层室外大件物品区摄像头1 检测到变化...
2026-01-29 10:53:34 | DEBUG | image_detection:_calculate_background_subtraction:136 | 检测到前景 (3.048%)，暂停背景学习，避免前景被学习成背景
2026-01-29 10:53:35 | DEBUG | image_detection:_calculate_background_subtraction:136 | 检测到前景 (78.109%)，暂停背景学习，避免前景被学习成背景
2026-01-29 10:53:35 | WARNING | image_detection:_calculate_background_subtraction:149 | ⚠️  背景建模原始前景比例极低: 0.0000%，可能原因：1)学习阶段画面中有运动物体 2)方差阈值太高 3)背景模型未正确建立
2026-01-29 10:53:35 | INFO | camera_monitor:_monitor_loop:300 | 摄像头 一层恒温大件物品区摄像头1 检测到变化...
2026-01-29 10:53:35 | DEBUG | image_detection:_calculate_background_subtraction:136 | 检测到前景 (26.069%)，暂停背景学习，避免前景被学习成背景
2026-01-29 10:53:35 | DEBUG | image_detection:_calculate_background_subtraction:136 | 检测到前景 (6.603%)，暂停背景学习，避免前景被学习成背景
2026-01-29 10:53:35 | DEBUG | image_detection:_calculate_background_subtraction:136 | 检测到前景 (22.193%)，暂停背景学习，避免前景被学习成背景
2026-01-29 10:53:35 | INFO | camera_monitor:_monitor_loop:300 | 摄像头 一层室内较小库房摄像头1 检测到变化...
2026-01-29 10:53:35 | INFO | camera_monitor:_monitor_loop:300 | 摄像头 一层贵重物品区摄像头1 检测到变化...
2026-01-29 10:53:35 | INFO | camera_monitor:_monitor_loop:300 | 摄像头 一层室外大件物品区摄像头1 检测到变化...
2026-01-29 10:53:35 | DEBUG | image_detection:_calculate_background_subtraction:136 | 检测到前景 (2.886%)，暂停背景学习，避免前景被学习成背景
2026-01-29 10:53:36 | DEBUG | image_detection:_calculate_background_subtraction:163 | 背景建模 - 原始: 0/2073600 (0.000%), 处理后: 0/2073600 (0.000%)
2026-01-29 10:53:36 | DEBUG | image_detection:_calculate_background_subtraction:136 | 检测到前景 (77.796%)，暂停背景学习，避免前景被学习成背景
2026-01-29 10:53:36 | INFO | camera_monitor:_monitor_loop:300 | 摄像头 一层恒温大件物品区摄像头1 检测到变化...
2026-01-29 10:53:36 | DEBUG | image_detection:_calculate_background_subtraction:136 | 检测到前景 (27.323%)，暂停背景学习，避免前景被学习成背景
2026-01-29 10:53:36 | DEBUG | image_detection:_calculate_background_subtraction:136 | 检测到前景 (6.801%)，暂停背景学习，避免前景被学习成背景
2026-01-29 10:53:36 | DEBUG | image_detection:_filter_small_areas:213 | 过滤了小区域，过滤面积: 50083.5像素 (2.415%)，保留区域数: 18
2026-01-29 10:53:36 | INFO | camera_monitor:_monitor_loop:300 | 摄像头 一层贵重物品区摄像头1 检测到变化...
2026-01-29 10:53:36 | INFO | camera_monitor:_monitor_loop:300 | 摄像头 一层室内较小库房摄像头1 检测到变化...
2026-01-29 10:53:36 | DEBUG | image_detection:_calculate_background_subtraction:136 | 检测到前景 (21.557%)，暂停背景学习，避免前景被学习成背景
2026-01-29 10:53:36 | INFO | camera_monitor:_monitor_loop:300 | 摄像头 一层室外大件物品区摄像头1 检测到变化...
2026-01-29 10:53:36 | DEBUG | image_detection:_calculate_background_subtraction:136 | 检测到前景 (3.074%)，暂停背景学习，避免前景被学习成背景
2026-01-29 10:53:37 | DEBUG | image_detection:_calculate_background_subtraction:136 | 检测到前景 (78.462%)，暂停背景学习，避免前景被学习成背景
2026-01-29 10:53:37 | INFO | camera_monitor:_monitor_loop:300 | 摄像头 一层恒温大件物品区摄像头1 检测到变化...
2026-01-29 10:53:37 | DEBUG | image_detection:_calculate_background_subtraction:136 | 检测到前景 (27.105%)，暂停背景学习，避免前景被学习成背景
2026-01-29 10:53:37 | DEBUG | image_detection:_calculate_background_subtraction:136 | 检测到前景 (6.143%)，暂停背景学习，避免前景被学习成背景
2026-01-29 10:53:37 | INFO | camera_monitor:_monitor_loop:300 | 摄像头 一层贵重物品区摄像头1 检测到变化...
2026-01-29 10:53:37 | DEBUG | image_detection:_calculate_background_subtraction:136 | 检测到前景 (21.717%)，暂停背景学习，避免前景被学习成背景
2026-01-29 10:53:37 | INFO | camera_monitor:_monitor_loop:300 | 摄像头 一层室内较小库房摄像头1 检测到变化...
2026-01-29 10:53:37 | INFO | camera_monitor:_monitor_loop:300 | 摄像头 一层室外大件物品区摄像头1 检测到变化...
2026-01-29 10:53:37 | DEBUG | image_detection:_calculate_background_subtraction:136 | 检测到前景 (3.033%)，暂停背景学习，避免前景被学习成背景
2026-01-29 10:53:38 | DEBUG | image_detection:_calculate_background_subtraction:136 | 检测到前景 (40.959%)，暂停背景学习，避免前景被学习成背景
2026-01-29 10:53:38 | INFO | camera_monitor:_monitor_loop:300 | 摄像头 一层恒温大件物品区摄像头1 检测到变化...
2026-01-29 10:53:38 | DEBUG | image_detection:_calculate_background_subtraction:136 | 检测到前景 (10.994%)，暂停背景学习，避免前景被学习成背景
2026-01-29 10:53:38 | DEBUG | image_detection:_calculate_background_subtraction:136 | 检测到前景 (26.403%)，暂停背景学习，避免前景被学习成背景
2026-01-29 10:53:38 | INFO | camera_monitor:_monitor_loop:300 | 摄像头 一层贵重物品区摄像头1 检测到变化...
2026-01-29 10:53:38 | DEBUG | image_detection:_calculate_background_subtraction:136 | 检测到前景 (21.128%)，暂停背景学习，避免前景被学习成背景
2026-01-29 10:53:38 | INFO | camera_monitor:_monitor_loop:300 | 摄像头 一层室内较小库房摄像头1 检测到变化...
2026-01-29 10:53:38 | INFO | camera_monitor:_monitor_loop:300 | 摄像头 一层室外大件物品区摄像头1 检测到变化...
2026-01-29 10:53:38 | DEBUG | image_detection:_calculate_background_subtraction:136 | 检测到前景 (3.204%)，暂停背景学习，避免前景被学习成背景
2026-01-29 10:53:39 | DEBUG | image_detection:_calculate_background_subtraction:163 | 背景建模 - 原始: 0/2073600 (0.000%), 处理后: 0/2073600 (0.000%)
2026-01-29 10:53:39 | DEBUG | image_detection:_calculate_background_subtraction:136 | 检测到前景 (41.583%)，暂停背景学习，避免前景被学习成背景
2026-01-29 10:53:39 | DEBUG | image_detection:_filter_small_areas:213 | 过滤了小区域，过滤面积: 65792.0像素 (3.173%)，保留区域数: 24
2026-01-29 10:53:39 | INFO | camera_monitor:_monitor_loop:300 | 摄像头 一层恒温大件物品区摄像头1 检测到变化...
2026-01-29 10:53:39 | DEBUG | image_detection:_calculate_background_subtraction:136 | 检测到前景 (6.712%)，暂停背景学习，避免前景被学习成背景
2026-01-29 10:53:39 | DEBUG | image_detection:_calculate_background_subtraction:136 | 检测到前景 (31.350%)，暂停背景学习，避免前景被学习成背景
2026-01-29 10:53:39 | INFO | camera_monitor:_monitor_loop:300 | 摄像头 一层贵重物品区摄像头1 检测到变化...
2026-01-29 10:53:39 | DEBUG | image_detection:_calculate_background_subtraction:136 | 检测到前景 (21.358%)，暂停背景学习，避免前景被学习成背景
2026-01-29 10:53:39 | INFO | camera_monitor:_monitor_loop:300 | 摄像头 一层室内较小库房摄像头1 检测到变化...
2026-01-29 10:53:39 | INFO | camera_monitor:_monitor_loop:300 | 摄像头 一层室外大件物品区摄像头1 检测到变化...
2026-01-29 10:53:39 | DEBUG | image_detection:_calculate_background_subtraction:136 | 检测到前景 (3.247%)，暂停背景学习，避免前景被学习成背景
2026-01-29 10:53:40 | DEBUG | image_detection:_calculate_background_subtraction:136 | 检测到前景 (46.258%)，暂停背景学习，避免前景被学习成背景
2026-01-29 10:53:40 | DEBUG | image_detection:_calculate_background_subtraction:136 | 检测到前景 (6.839%)，暂停背景学习，避免前景被学习成背景
2026-01-29 10:53:40 | DEBUG | image_detection:_calculate_background_subtraction:136 | 检测到前景 (30.322%)，暂停背景学习，避免前景被学习成背景
2026-01-29 10:53:40 | DEBUG | image_detection:_calculate_background_subtraction:136 | 检测到前景 (21.209%)，暂停背景学习，避免前景被学习成背景
2026-01-29 10:53:40 | INFO | camera_monitor:_monitor_loop:300 | 摄像头 一层贵重物品区摄像头1 检测到变化...
2026-01-29 10:53:40 | DEBUG | image_detection:_calculate_background_subtraction:136 | 检测到前景 (3.184%)，暂停背景学习，避免前景被学习成背景
2026-01-29 10:53:40 | INFO | camera_monitor:_monitor_loop:300 | 摄像头 一层恒温大件物品区摄像头1 检测到变化...
2026-01-29 10:53:41 | INFO | camera_monitor:_monitor_loop:300 | 摄像头 一层室外大件物品区摄像头1 检测到变化...
2026-01-29 10:53:41 | INFO | camera_monitor:_monitor_loop:300 | 摄像头 一层室内较小库房摄像头1 检测到变化...
2026-01-29 10:53:41 | DEBUG | image_detection:_calculate_background_subtraction:136 | 检测到前景 (47.673%)，暂停背景学习，避免前景被学习成背景
2026-01-29 10:53:41 | DEBUG | image_detection:_calculate_background_subtraction:163 | 背景建模 - 原始: 0/2073600 (0.000%), 处理后: 0/2073600 (0.000%)
2026-01-29 10:53:41 | DEBUG | image_detection:_calculate_background_subtraction:136 | 检测到前景 (6.435%)，暂停背景学习，避免前景被学习成背景
2026-01-29 10:53:41 | DEBUG | image_detection:_calculate_background_subtraction:136 | 检测到前景 (22.676%)，暂停背景学习，避免前景被学习成背景
2026-01-29 10:53:41 | DEBUG | image_detection:_calculate_background_subtraction:136 | 检测到前景 (20.792%)，暂停背景学习，避免前景被学习成背景
2026-01-29 10:53:41 | DEBUG | image_detection:_calculate_background_subtraction:136 | 检测到前景 (3.254%)，暂停背景学习，避免前景被学习成背景
2026-01-29 10:53:41 | INFO | camera_monitor:_monitor_loop:300 | 摄像头 一层贵重物品区摄像头1 检测到变化...
2026-01-29 10:53:42 | INFO | camera_monitor:_monitor_loop:300 | 摄像头 一层恒温大件物品区摄像头1 检测到变化...
2026-01-29 10:53:42 | INFO | camera_monitor:_monitor_loop:300 | 摄像头 一层室内较小库房摄像头1 检测到变化...
2026-01-29 10:53:42 | INFO | camera_monitor:_monitor_loop:300 | 摄像头 一层室外大件物品区摄像头1 检测到变化...
2026-01-29 10:53:42 | DEBUG | image_detection:_calculate_background_subtraction:136 | 检测到前景 (21.207%)，暂停背景学习，避免前景被学习成背景
2026-01-29 10:53:42 | DEBUG | image_detection:_calculate_background_subtraction:136 | 检测到前景 (6.722%)，暂停背景学习，避免前景被学习成背景
2026-01-29 10:53:42 | DEBUG | image_detection:_calculate_background_subtraction:136 | 检测到前景 (23.426%)，暂停背景学习，避免前景被学习成背景
2026-01-29 10:53:42 | INFO | camera_monitor:_monitor_loop:300 | 摄像头 一层贵重物品区摄像头1 检测到变化...
2026-01-29 10:53:42 | DEBUG | image_detection:_calculate_background_subtraction:136 | 检测到前景 (3.095%)，暂停背景学习，避免前景被学习成背景
2026-01-29 10:53:42 | INFO | camera_monitor:_monitor_loop:300 | 摄像头 一层恒温大件物品区摄像头1 检测到变化...
2026-01-29 10:53:43 | DEBUG | image_detection:_filter_small_areas:213 | 过滤了小区域，过滤面积: 38687.0像素 (1.866%)，保留区域数: 18
2026-01-29 10:53:43 | INFO | camera_monitor:_monitor_loop:300 | 摄像头 一层室内较小库房摄像头1 检测到变化...
2026-01-29 10:53:43 | DEBUG | image_detection:_calculate_background_subtraction:136 | 检测到前景 (20.918%)，暂停背景学习，避免前景被学习成背景
2026-01-29 10:53:43 | INFO | camera_monitor:_monitor_loop:300 | 摄像头 一层室外大件物品区摄像头1 检测到变化...
2026-01-29 10:53:43 | DEBUG | image_detection:_calculate_background_subtraction:136 | 检测到前景 (21.314%)，暂停背景学习，避免前景被学习成背景
2026-01-29 10:53:43 | DEBUG | image_detection:_calculate_background_subtraction:136 | 检测到前景 (6.872%)，暂停背景学习，避免前景被学习成背景
2026-01-29 10:53:43 | INFO | camera_monitor:_monitor_loop:300 | 摄像头 一层贵重物品区摄像头1 检测到变化...
2026-01-29 10:53:43 | DEBUG | image_detection:_calculate_background_subtraction:136 | 检测到前景 (22.121%)，暂停背景学习，避免前景被学习成背景
2026-01-29 10:53:43 | INFO | camera_monitor:_monitor_loop:300 | 摄像头 一层恒温大件物品区摄像头1 检测到变化...
2026-01-29 10:53:43 | DEBUG | image_detection:_calculate_background_subtraction:136 | 检测到前景 (3.216%)，暂停背景学习，避免前景被学习成背景
2026-01-29 10:53:44 | DEBUG | image_detection:_calculate_background_subtraction:136 | 检测到前景 (26.741%)，暂停背景学习，避免前景被学习成背景
2026-01-29 10:53:44 | INFO | camera_monitor:_monitor_loop:300 | 摄像头 一层室内较小库房摄像头1 检测到变化...
2026-01-29 10:53:44 | INFO | camera_monitor:_monitor_loop:300 | 摄像头 一层室外大件物品区摄像头1 检测到变化...
2026-01-29 10:53:44 | DEBUG | image_detection:_calculate_background_subtraction:136 | 检测到前景 (20.589%)，暂停背景学习，避免前景被学习成背景
2026-01-29 10:53:44 | DEBUG | image_detection:_calculate_background_subtraction:136 | 检测到前景 (10.841%)，暂停背景学习，避免前景被学习成背景
2026-01-29 10:53:44 | INFO | camera_monitor:_monitor_loop:300 | 摄像头 一层贵重物品区摄像头1 检测到变化...
2026-01-29 10:53:44 | INFO | camera_monitor:_monitor_loop:300 | 摄像头 一层恒温大件物品区摄像头1 检测到变化...
2026-01-29 10:53:45 | DEBUG | image_detection:_calculate_background_subtraction:136 | 检测到前景 (23.289%)，暂停背景学习，避免前景被学习成背景
2026-01-29 10:53:45 | DEBUG | image_detection:_calculate_background_subtraction:136 | 检测到前景 (3.270%)，暂停背景学习，避免前景被学习成背景
2026-01-29 10:53:45 | DEBUG | image_detection:_calculate_background_subtraction:136 | 检测到前景 (26.725%)，暂停背景学习，避免前景被学习成背景
2026-01-29 10:53:45 | INFO | camera_monitor:_monitor_loop:300 | 摄像头 一层室内较小库房摄像头1 检测到变化...
2026-01-29 10:53:45 | INFO | camera_monitor:_monitor_loop:300 | 摄像头 一层室外大件物品区摄像头1 检测到变化...
2026-01-29 10:53:45 | DEBUG | image_detection:_calculate_background_subtraction:136 | 检测到前景 (19.806%)，暂停背景学习，避免前景被学习成背景
2026-01-29 10:53:45 | DEBUG | image_detection:_calculate_background_subtraction:136 | 检测到前景 (12.170%)，暂停背景学习，避免前景被学习成背景
2026-01-29 10:53:45 | DEBUG | image_detection:_filter_small_areas:213 | 过滤了小区域，过滤面积: 39866.0像素 (1.923%)，保留区域数: 14
2026-01-29 10:53:45 | INFO | camera_monitor:_monitor_loop:300 | 摄像头 一层贵重物品区摄像头1 检测到变化...
2026-01-29 10:53:46 | DEBUG | image_detection:_calculate_background_subtraction:136 | 检测到前景 (11.310%)，暂停背景学习，避免前景被学习成背景
2026-01-29 10:53:46 | INFO | camera_monitor:_monitor_loop:300 | 摄像头 一层恒温大件物品区摄像头1 检测到变化...
2026-01-29 10:53:46 | DEBUG | image_detection:_calculate_background_subtraction:136 | 检测到前景 (23.911%)，暂停背景学习，避免前景被学习成背景
2026-01-29 10:53:46 | DEBUG | image_detection:_calculate_background_subtraction:136 | 检测到前景 (19.674%)，暂停背景学习，避免前景被学习成背景
2026-01-29 10:53:46 | DEBUG | image_detection:_filter_small_areas:213 | 过滤了小区域，过滤面积: 40777.0像素 (1.966%)，保留区域数: 19
2026-01-29 10:53:46 | INFO | camera_monitor:_monitor_loop:300 | 摄像头 一层室内较小库房摄像头1 检测到变化...
2026-01-29 10:53:46 | DEBUG | image_detection:_filter_small_areas:213 | 过滤了小区域，过滤面积: 33844.5像素 (1.632%)，保留区域数: 17
2026-01-29 10:53:46 | INFO | camera_monitor:_monitor_loop:300 | 摄像头 一层室外大件物品区摄像头1 检测到变化...
2026-01-29 10:53:46 | DEBUG | image_detection:_calculate_background_subtraction:136 | 检测到前景 (8.588%)，暂停背景学习，避免前景被学习成背景
2026-01-29 10:53:46 | DEBUG | image_detection:_calculate_background_subtraction:136 | 检测到前景 (20.997%)，暂停背景学习，避免前景被学习成背景
2026-01-29 10:53:47 | INFO | camera_monitor:_monitor_loop:300 | 摄像头 一层贵重物品区摄像头1 检测到变化...
2026-01-29 10:53:47 | DEBUG | image_detection:_calculate_background_subtraction:136 | 检测到前景 (3.352%)，暂停背景学习，避免前景被学习成背景
2026-01-29 10:53:47 | DEBUG | image_detection:_calculate_background_subtraction:136 | 检测到前景 (23.892%)，暂停背景学习，避免前景被学习成背景
2026-01-29 10:53:47 | DEBUG | image_detection:_calculate_background_subtraction:136 | 检测到前景 (19.886%)，暂停背景学习，避免前景被学习成背景
2026-01-29 10:53:47 | INFO | camera_monitor:_monitor_loop:300 | 摄像头 一层恒温大件物品区摄像头1 检测到变化...
2026-01-29 10:53:47 | INFO | camera_monitor:_monitor_loop:300 | 摄像头 一层室内较小库房摄像头1 检测到变化...
2026-01-29 10:53:47 | INFO | camera_monitor:_monitor_loop:300 | 摄像头 一层室外大件物品区摄像头1 检测到变化...
2026-01-29 10:53:47 | DEBUG | image_detection:_calculate_background_subtraction:136 | 检测到前景 (10.961%)，暂停背景学习，避免前景被学习成背景
2026-01-29 10:53:47 | INFO | video_stream_reader:_update_loop:149 | [一层室内较小库房摄像头1] VideoStreamReader 统计 - 总读取: 631帧, 总丢弃: 631帧 (100.0%), 说明主线程使用了 0.0% 的帧
2026-01-29 10:53:47 | DEBUG | image_detection:_calculate_background_subtraction:136 | 检测到前景 (22.285%)，暂停背景学习，避免前景被学习成背景
2026-01-29 10:53:47 | INFO | camera_monitor:_monitor_loop:300 | 摄像头 一层贵重物品区摄像头1 检测到变化...
2026-01-29 10:53:48 | DEBUG | image_detection:_calculate_background_subtraction:136 | 检测到前景 (3.436%)，暂停背景学习，避免前景被学习成背景
2026-01-29 10:53:48 | DEBUG | image_detection:_calculate_background_subtraction:136 | 检测到前景 (28.179%)，暂停背景学习，避免前景被学习成背景
2026-01-29 10:53:48 | INFO | camera_monitor:_monitor_loop:300 | 摄像头 一层恒温大件物品区摄像头1 检测到变化...
2026-01-29 10:53:48 | DEBUG | image_detection:_calculate_background_subtraction:136 | 检测到前景 (19.819%)，暂停背景学习，避免前景被学习成背景
2026-01-29 10:53:48 | INFO | camera_monitor:_monitor_loop:300 | 摄像头 一层室外大件物品区摄像头1 检测到变化...
2026-01-29 10:53:48 | INFO | camera_monitor:_monitor_loop:300 | 摄像头 一层室内较小库房摄像头1 检测到变化...
2026-01-29 10:53:48 | DEBUG | image_detection:_calculate_background_subtraction:136 | 检测到前景 (6.627%)，暂停背景学习，避免前景被学习成背景
2026-01-29 10:53:48 | DEBUG | image_detection:_calculate_background_subtraction:136 | 检测到前景 (22.448%)，暂停背景学习，避免前景被学习成背景
2026-01-29 10:53:48 | INFO | camera_monitor:_monitor_loop:300 | 摄像头 一层贵重物品区摄像头1 检测到变化...
2026-01-29 10:53:49 | DEBUG | image_detection:_calculate_background_subtraction:136 | 检测到前景 (3.505%)，暂停背景学习，避免前景被学习成背景
2026-01-29 10:53:49 | DEBUG | image_detection:_calculate_background_subtraction:136 | 检测到前景 (21.073%)，暂停背景学习，避免前景被学习成背景
2026-01-29 10:53:49 | INFO | camera_monitor:_monitor_loop:300 | 摄像头 一层恒温大件物品区摄像头1 检测到变化...
2026-01-29 10:53:49 | DEBUG | image_detection:_calculate_background_subtraction:136 | 检测到前景 (19.077%)，暂停背景学习，避免前景被学习成背景
2026-01-29 10:53:49 | INFO | video_stream_reader:_update_loop:149 | [一层贵重物品区摄像头1] VideoStreamReader 统计 - 总读取: 578帧, 总丢弃: 578帧 (100.0%), 说明主线程使用了 0.0% 的帧
2026-01-29 10:53:49 | INFO | camera_monitor:_monitor_loop:300 | 摄像头 一层室内较小库房摄像头1 检测到变化...
2026-01-29 10:53:49 | INFO | camera_monitor:_monitor_loop:300 | 摄像头 一层室外大件物品区摄像头1 检测到变化...
2026-01-29 10:53:49 | DEBUG | image_detection:_calculate_background_subtraction:163 | 背景建模 - 原始: 0/2073600 (0.000%), 处理后: 0/2073600 (0.000%)
2026-01-29 10:53:49 | DEBUG | image_detection:_calculate_background_subtraction:136 | 检测到前景 (6.832%)，暂停背景学习，避免前景被学习成背景
2026-01-29 10:53:49 | DEBUG | image_detection:_calculate_background_subtraction:136 | 检测到前景 (22.366%)，暂停背景学习，避免前景被学习成背景
2026-01-29 10:53:50 | INFO | camera_monitor:_monitor_loop:300 | 摄像头 一层贵重物品区摄像头1 检测到变化...
2026-01-29 10:53:50 | DEBUG | image_detection:_calculate_background_subtraction:136 | 检测到前景 (11.003%)，暂停背景学习，避免前景被学习成背景
2026-01-29 10:53:50 | INFO | camera_monitor:_monitor_loop:300 | 摄像头 一层恒温大件物品区摄像头1 检测到变化...
2026-01-29 10:53:50 | DEBUG | image_detection:_calculate_background_subtraction:136 | 检测到前景 (22.305%)，暂停背景学习，避免前景被学习成背景
2026-01-29 10:53:50 | DEBUG | image_detection:_calculate_background_subtraction:136 | 检测到前景 (26.129%)，暂停背景学习，避免前景被学习成背景
2026-01-29 10:53:50 | INFO | camera_monitor:_monitor_loop:300 | 摄像头 一层室内较小库房摄像头1 检测到变化...
2026-01-29 10:53:50 | INFO | camera_monitor:_monitor_loop:300 | 摄像头 一层室外大件物品区摄像头1 检测到变化...
2026-01-29 10:53:50 | DEBUG | image_detection:_calculate_background_subtraction:136 | 检测到前景 (11.361%)，暂停背景学习，避免前景被学习成背景
2026-01-29 10:53:51 | DEBUG | image_detection:_calculate_background_subtraction:136 | 检测到前景 (21.874%)，暂停背景学习，避免前景被学习成背景
2026-01-29 10:53:51 | INFO | camera_monitor:_monitor_loop:300 | 摄像头 一层贵重物品区摄像头1 检测到变化...
2026-01-29 10:53:51 | DEBUG | image_detection:_calculate_background_subtraction:136 | 检测到前景 (12.650%)，暂停背景学习，避免前景被学习成背景
2026-01-29 10:53:51 | DEBUG | image_detection:_filter_small_areas:213 | 过滤了小区域，过滤面积: 41770.5像素 (2.014%)，保留区域数: 15
2026-01-29 10:53:51 | DEBUG | image_detection:_calculate_background_subtraction:136 | 检测到前景 (28.930%)，暂停背景学习，避免前景被学习成背景
2026-01-29 10:53:51 | INFO | camera_monitor:_monitor_loop:300 | 摄像头 一层恒温大件物品区摄像头1 检测到变化...
2026-01-29 10:53:51 | DEBUG | image_detection:_calculate_background_subtraction:136 | 检测到前景 (27.665%)，暂停背景学习，避免前景被学习成背景
2026-01-29 10:53:51 | INFO | video_stream_reader:_update_loop:149 | [一层室外大件物品区摄像头1] VideoStreamReader 统计 - 总读取: 646帧, 总丢弃: 646帧 (100.0%), 说明主线程使用了 0.0% 的帧
2026-01-29 10:53:51 | DEBUG | image_detection:_filter_small_areas:213 | 过滤了小区域，过滤面积: 73205.5像素 (3.530%)，保留区域数: 27
2026-01-29 10:53:51 | INFO | camera_monitor:_monitor_loop:300 | 摄像头 一层室内较小库房摄像头1 检测到变化...
2026-01-29 10:53:51 | INFO | input_shaper:_log_stats_periodically:217 | [一层室内较小库房摄像头1] InputShaper 统计 - 拉取: 648帧, 输出: 58帧, 丢弃: 0帧, 溢出: 0次, 空读: 0次, 重复: 0次, 缓冲区: 8/30
2026-01-29 10:53:51 | INFO | camera_monitor:_monitor_loop:300 | 摄像头 一层室外大件物品区摄像头1 检测到变化...
2026-01-29 10:53:51 | DEBUG | image_detection:_calculate_background_subtraction:136 | 检测到前景 (12.061%)，暂停背景学习，避免前景被学习成背景
2026-01-29 10:53:52 | DEBUG | image_detection:_calculate_background_subtraction:136 | 检测到前景 (22.640%)，暂停背景学习，避免前景被学习成背景
2026-01-29 10:53:52 | INFO | camera_monitor:_monitor_loop:300 | 摄像头 一层贵重物品区摄像头1 检测到变化...
2026-01-29 10:53:52 | DEBUG | image_detection:_calculate_background_subtraction:136 | 检测到前景 (3.557%)，暂停背景学习，避免前景被学习成背景
2026-01-29 10:53:52 | DEBUG | image_detection:_calculate_background_subtraction:136 | 检测到前景 (28.244%)，暂停背景学习，避免前景被学习成背景
2026-01-29 10:53:52 | INFO | camera_monitor:_monitor_loop:300 | 摄像头 一层恒温大件物品区摄像头1 检测到变化...
2026-01-29 10:53:52 | DEBUG | image_detection:_calculate_background_subtraction:136 | 检测到前景 (27.627%)，暂停背景学习，避免前景被学习成背景
2026-01-29 10:53:52 | INFO | camera_monitor:_monitor_loop:300 | 摄像头 一层室内较小库房摄像头1 检测到变化...
2026-01-29 10:53:52 | INFO | camera_monitor:_monitor_loop:300 | 摄像头 一层室外大件物品区摄像头1 检测到变化...
2026-01-29 10:53:52 | DEBUG | image_detection:_calculate_background_subtraction:136 | 检测到前景 (6.432%)，暂停背景学习，避免前景被学习成背景
2026-01-29 10:53:53 | INFO | camera_monitor:_monitor_loop:300 | 摄像头 一层贵重物品区摄像头1 检测到变化...
2026-01-29 10:53:53 | DEBUG | image_detection:_calculate_background_subtraction:136 | 检测到前景 (22.662%)，暂停背景学习，避免前景被学习成背景
2026-01-29 10:53:53 | DEBUG | image_detection:_calculate_background_subtraction:136 | 检测到前景 (4.427%)，暂停背景学习，避免前景被学习成背景
2026-01-29 10:53:53 | INFO | camera_monitor:_monitor_loop:300 | 摄像头 一层恒温大件物品区摄像头1 检测到变化...
2026-01-29 10:53:53 | DEBUG | image_detection:_calculate_background_subtraction:136 | 检测到前景 (28.034%)，暂停背景学习，避免前景被学习成背景
2026-01-29 10:53:53 | DEBUG | image_detection:_calculate_background_subtraction:136 | 检测到前景 (18.167%)，暂停背景学习，避免前景被学习成背景
2026-01-29 10:53:53 | DEBUG | image_detection:_calculate_background_subtraction:136 | 检测到前景 (2.890%)，暂停背景学习，避免前景被学习成背景
2026-01-29 10:53:53 | INFO | camera_monitor:_monitor_loop:300 | 摄像头 一层室外大件物品区摄像头1 检测到变化...
2026-01-29 10:53:53 | INFO | camera_monitor:_monitor_loop:300 | 摄像头 一层室内较小库房摄像头1 检测到变化...
2026-01-29 10:53:53 | DEBUG | image_detection:_calculate_background_subtraction:136 | 检测到前景 (6.428%)，暂停背景学习，避免前景被学习成背景
2026-01-29 10:53:54 | DEBUG | image_detection:_calculate_background_subtraction:136 | 检测到前景 (22.732%)，暂停背景学习，避免前景被学习成背景
2026-01-29 10:53:54 | INFO | camera_monitor:_monitor_loop:300 | 摄像头 一层贵重物品区摄像头1 检测到变化...
2026-01-29 10:53:54 | DEBUG | image_detection:_calculate_background_subtraction:136 | 检测到前景 (3.930%)，暂停背景学习，避免前景被学习成背景
2026-01-29 10:53:54 | ERROR | camera_monitor:_connect_rtsp:498 | RTSP连接失败
2026-01-29 10:53:54 | INFO | input_shaper:_log_stats_periodically:217 | [一层室外大件物品区摄像头1] InputShaper 统计 - 拉取: 623帧, 输出: 58帧, 丢弃: 0帧, 溢出: 0次, 空读: 0次, 重复: 0次, 缓冲区: 5/30
2026-01-29 10:53:54 | WARNING | camera_monitor:_monitor_loop:212 | 摄像头 一层贵重物品区摄像头1 连接失败，5秒后重试 (尝试 2/3)
2026-01-29 10:53:54 | INFO | camera_monitor:_monitor_loop:300 | 摄像头 一层恒温大件物品区摄像头1 检测到变化...
2026-01-29 10:53:54 | DEBUG | image_detection:_calculate_background_subtraction:136 | 检测到前景 (20.739%)，暂停背景学习，避免前景被学习成背景
2026-01-29 10:53:54 | DEBUG | image_detection:_calculate_background_subtraction:136 | 检测到前景 (28.213%)，暂停背景学习，避免前景被学习成背景
2026-01-29 10:53:54 | DEBUG | image_detection:_calculate_background_subtraction:136 | 检测到前景 (3.115%)，暂停背景学习，避免前景被学习成背景
2026-01-29 10:53:54 | DEBUG | image_detection:_filter_small_areas:213 | 过滤了小区域，过滤面积: 42672.0像素 (2.058%)，保留区域数: 10
2026-01-29 10:53:54 | WARNING | image_detection:_calculate_background_subtraction:149 | ⚠️  背景建模原始前景比例极低: 0.0000%，可能原因：1)学习阶段画面中有运动物体 2)方差阈值太高 3)背景模型未正确建立
2026-01-29 10:53:54 | INFO | camera_monitor:_monitor_loop:300 | 摄像头 一层室内较小库房摄像头1 检测到变化...
2026-01-29 10:53:54 | INFO | camera_monitor:_monitor_loop:300 | 摄像头 一层室外大件物品区摄像头1 检测到变化...
2026-01-29 10:53:54 | DEBUG | image_detection:_calculate_background_subtraction:136 | 检测到前景 (6.822%)，暂停背景学习，避免前景被学习成背景
2026-01-29 10:53:55 | INFO | camera_monitor:_monitor_loop:300 | 摄像头 一层贵重物品区摄像头1 检测到变化...
2026-01-29 10:53:55 | DEBUG | image_detection:_calculate_background_subtraction:136 | 检测到前景 (3.958%)，暂停背景学习，避免前景被学习成背景
2026-01-29 10:53:55 | DEBUG | image_detection:_calculate_background_subtraction:136 | 检测到前景 (98.262%)，暂停背景学习，避免前景被学习成背景
2026-01-29 10:53:55 | INFO | camera_monitor:_monitor_loop:300 | 摄像头 一层恒温大件物品区摄像头1 检测到变化...
2026-01-29 10:53:55 | DEBUG | image_detection:_calculate_background_subtraction:136 | 检测到前景 (26.349%)，暂停背景学习，避免前景被学习成背景
2026-01-29 10:53:55 | DEBUG | image_detection:_calculate_background_subtraction:136 | 检测到前景 (17.401%)，暂停背景学习，避免前景被学习成背景
2026-01-29 10:53:55 | INFO | input_shaper:_log_stats_periodically:217 | [一层恒温大件物品区摄像头1] InputShaper 统计 - 拉取: 625帧, 输出: 58帧, 丢弃: 0帧, 溢出: 0次, 空读: 0次, 重复: 0次, 缓冲区: 8/30
2026-01-29 10:53:55 | DEBUG | image_detection:_calculate_background_subtraction:136 | 检测到前景 (4.958%)，暂停背景学习，避免前景被学习成背景
2026-01-29 10:53:55 | DEBUG | image_detection:_filter_small_areas:213 | 过滤了小区域，过滤面积: 34430.5像素 (1.660%)，保留区域数: 13
2026-01-29 10:53:55 | INFO | camera_monitor:_monitor_loop:300 | 摄像头 一层室外大件物品区摄像头1 检测到变化...
2026-01-29 10:53:55 | INFO | camera_monitor:_monitor_loop:300 | 摄像头 一层室内较小库房摄像头1 检测到变化...
2026-01-29 10:53:55 | ERROR | camera_monitor:_connect_rtsp:498 | RTSP连接失败
2026-01-29 10:53:55 | DEBUG | image_detection:_calculate_background_subtraction:136 | 检测到前景 (10.944%)，暂停背景学习，避免前景被学习成背景
2026-01-29 10:53:56 | INFO | camera_monitor:_monitor_loop:300 | 摄像头 一层贵重物品区摄像头1 检测到变化...
2026-01-29 10:53:56 | DEBUG | image_detection:_calculate_background_subtraction:136 | 检测到前景 (4.203%)，暂停背景学习，避免前景被学习成背景
2026-01-29 10:53:56 | DEBUG | image_detection:_calculate_background_subtraction:136 | 检测到前景 (24.041%)，暂停背景学习，避免前景被学习成背景
2026-01-29 10:53:56 | DEBUG | image_detection:_filter_small_areas:213 | 过滤了小区域，过滤面积: 51082.0像素 (2.463%)，保留区域数: 10
2026-01-29 10:53:56 | INFO | camera_monitor:_monitor_loop:300 | 摄像头 一层恒温大件物品区摄像头1 检测到变化...
2026-01-29 10:53:56 | DEBUG | image_detection:_calculate_background_subtraction:136 | 检测到前景 (25.513%)，暂停背景学习，避免前景被学习成背景
2026-01-29 10:53:56 | DEBUG | image_detection:_calculate_background_subtraction:136 | 检测到前景 (21.299%)，暂停背景学习，避免前景被学习成背景
2026-01-29 10:53:56 | DEBUG | image_detection:_calculate_background_subtraction:136 | 检测到前景 (4.891%)，暂停背景学习，避免前景被学习成背景
2026-01-29 10:53:56 | INFO | camera_monitor:_worker_process:202 | 后台工作线程已停止 - 摄像头: 大门区域摄像头1
2026-01-29 10:53:56 | INFO | camera_monitor:_monitor_loop:300 | 摄像头 一层室内较小库房摄像头1 检测到变化...
2026-01-29 10:53:56 | DEBUG | image_detection:_calculate_background_subtraction:163 | 背景建模 - 原始: 0/2073600 (0.000%), 处理后: 0/2073600 (0.000%)
2026-01-29 10:53:56 | INFO | camera_monitor:_monitor_loop:300 | 摄像头 一层室外大件物品区摄像头1 检测到变化...
2026-01-29 10:53:56 | DEBUG | image_detection:_calculate_background_subtraction:136 | 检测到前景 (12.039%)，暂停背景学习，避免前景被学习成背景
2026-01-29 10:53:57 | INFO | camera_monitor:_monitor_loop:300 | 摄像头 一层贵重物品区摄像头1 检测到变化...
2026-01-29 10:53:57 | DEBUG | image_detection:_calculate_background_subtraction:136 | 检测到前景 (4.268%)，暂停背景学习，避免前景被学习成背景
2026-01-29 10:53:57 | DEBUG | image_detection:_calculate_background_subtraction:136 | 检测到前景 (23.715%)，暂停背景学习，避免前景被学习成背景
2026-01-29 10:53:57 | DEBUG | image_detection:_calculate_background_subtraction:136 | 检测到前景 (25.746%)，暂停背景学习，避免前景被学习成背景
2026-01-29 10:53:57 | INFO | camera_monitor:_monitor_loop:300 | 摄像头 一层恒温大件物品区摄像头1 检测到变化...
2026-01-29 10:53:57 | DEBUG | image_detection:_calculate_background_subtraction:136 | 检测到前景 (2.472%)，暂停背景学习，避免前景被学习成背景
2026-01-29 10:53:57 | DEBUG | image_detection:_calculate_background_subtraction:163 | 背景建模 - 原始: 0/2073600 (0.000%), 处理后: 0/2073600 (0.000%)
2026-01-29 10:53:57 | INFO | camera_monitor:_connect_rtsp:465 | RTSP连接成功
2026-01-29 10:53:57 | INFO | camera_monitor:_monitor_loop:300 | 摄像头 一层室内较小库房摄像头1 检测到变化...
2026-01-29 10:53:57 | DEBUG | image_detection:_calculate_background_subtraction:136 | 检测到前景 (23.927%)，暂停背景学习，避免前景被学习成背景
2026-01-29 10:53:57 | INFO | camera_monitor:_connect_rtsp:480 | 启用 InputShaper 输入整形层
2026-01-29 10:53:57 | INFO | input_shaper:__init__:79 | [一层贵重物品区摄像头1] InputShaper: 使用已有VideoCapture对象
2026-01-29 10:53:58 | DEBUG | image_detection:_calculate_background_subtraction:136 | 检测到前景 (12.612%)，暂停背景学习，避免前景被学习成背景
2026-01-29 10:53:58 | DEBUG | input_shaper:_pull_loop:142 | [一层贵重物品区摄像头1] InputShaper 拉流线程已启动
2026-01-29 10:53:58 | DEBUG | input_shaper:_wait_for_first_frame:136 | [一层贵重物品区摄像头1] InputShaper: 首帧已就绪
2026-01-29 10:53:58 | INFO | input_shaper:__init__:119 | [一层贵重物品区摄像头1] InputShaper 已启动 - 目标帧率: 2.0fps, 缓冲区: 30帧, 丢帧策略: drop_old, 空缓冲行为: skip
2026-01-29 10:53:58 | INFO | camera_monitor:_monitor_loop:223 | 摄像头 一层贵重物品区摄像头1 正在初始化，快速跳过前3帧...
2026-01-29 10:53:58 | INFO | camera_monitor:_monitor_loop:300 | 摄像头 一层贵重物品区摄像头1 检测到变化...
2026-01-29 10:53:58 | DEBUG | image_detection:_calculate_background_subtraction:136 | 检测到前景 (13.825%)，暂停背景学习，避免前景被学习成背景
2026-01-29 10:53:58 | INFO | camera_monitor:_monitor_loop:300 | 摄像头 一层室外大件物品区摄像头1 检测到变化...
2026-01-29 10:53:58 | DEBUG | image_detection:_calculate_background_subtraction:136 | 检测到前景 (24.009%)，暂停背景学习，避免前景被学习成背景
2026-01-29 10:53:58 | DEBUG | image_detection:_filter_small_areas:213 | 过滤了小区域，过滤面积: 49759.0像素 (2.400%)，保留区域数: 14
2026-01-29 10:53:58 | DEBUG | image_detection:_calculate_background_subtraction:136 | 检测到前景 (29.709%)，暂停背景学习，避免前景被学习成背景
2026-01-29 10:53:58 | INFO | camera_monitor:_monitor_loop:300 | 摄像头 一层恒温大件物品区摄像头1 检测到变化...
2026-01-29 10:53:58 | DEBUG | image_detection:_calculate_background_subtraction:136 | 检测到前景 (2.816%)，暂停背景学习，避免前景被学习成背景
2026-01-29 10:53:58 | DEBUG | image_detection:_calculate_background_subtraction:136 | 检测到前景 (29.606%)，暂停背景学习，避免前景被学习成背景
2026-01-29 10:53:59 | DEBUG | image_detection:_calculate_background_subtraction:136 | 检测到前景 (6.606%)，暂停背景学习，避免前景被学习成背景
2026-01-29 10:53:59 | INFO | camera_monitor:_monitor_loop:300 | 摄像头 一层室内较小库房摄像头1 检测到变化...
2026-01-29 10:53:59 | INFO | camera_monitor:_monitor_loop:300 | 摄像头 一层贵重物品区摄像头1 检测到变化...
2026-01-29 10:53:59 | DEBUG | image_detection:_calculate_background_subtraction:136 | 检测到前景 (14.253%)，暂停背景学习，避免前景被学习成背景
2026-01-29 10:53:59 | INFO | camera_monitor:_monitor_loop:230 | 摄像头 一层贵重物品区摄像头1 重新连接，快速适应中（10秒）...
2026-01-29 10:53:59 | INFO | camera_monitor:_connect_rtsp:447 | 正在连接RTSP流: rtsp://admin:khjy%40321@192.168.100.110:554/cam/realmonitor?channel=1&subtype=1
2026-01-29 10:53:59 | INFO | camera_monitor:_monitor_loop:300 | 摄像头 一层室外大件物品区摄像头1 检测到变化...
2026-01-29 10:53:59 | INFO | camera_monitor:_monitor_loop:300 | 摄像头 一层室外大件物品区摄像头1 检测到变化...
2026-01-29 10:53:59 | DEBUG | image_detection:_calculate_background_subtraction:136 | 检测到前景 (24.480%)，暂停背景学习，避免前景被学习成背景
2026-01-29 10:54:00 | DEBUG | image_detection:_filter_small_areas:213 | 过滤了小区域，过滤面积: 48254.5像素 (2.327%)，保留区域数: 14
2026-01-29 10:54:00 | DEBUG | image_detection:_calculate_background_subtraction:136 | 检测到前景 (9.218%)，暂停背景学习，避免前景被学习成背景
2026-01-29 10:54:00 | DEBUG | image_detection:_calculate_background_subtraction:136 | 检测到前景 (23.521%)，暂停背景学习，避免前景被学习成背景
2026-01-29 10:54:00 | INFO | camera_monitor:_monitor_loop:300 | 摄像头 一层恒温大件物品区摄像头1 检测到变化...
2026-01-29 10:54:00 | DEBUG | image_detection:_calculate_background_subtraction:136 | 检测到前景 (4.249%)，暂停背景学习，避免前景被学习成背景
2026-01-29 10:54:00 | INFO | camera_monitor:_monitor_loop:300 | 摄像头 一层贵重物品区摄像头1 检测到变化...
2026-01-29 10:54:00 | DEBUG | image_detection:_calculate_background_subtraction:136 | 检测到前景 (30.057%)，暂停背景学习，避免前景被学习成背景
2026-01-29 10:54:00 | INFO | camera_monitor:_monitor_loop:300 | 摄像头 一层室内较小库房摄像头1 检测到变化...
2026-01-29 10:54:00 | INFO | camera_monitor:_monitor_loop:300 | 摄像头 一层室外大件物品区摄像头1 检测到变化...
2026-01-29 10:54:01 | DEBUG | image_detection:_calculate_background_subtraction:136 | 检测到前景 (10.660%)，暂停背景学习，避免前景被学习成背景
2026-01-29 10:54:01 | DEBUG | image_detection:_calculate_background_subtraction:136 | 检测到前景 (29.811%)，暂停背景学习，避免前景被学习成背景
2026-01-29 10:54:01 | DEBUG | image_detection:_calculate_background_subtraction:136 | 检测到前景 (4.464%)，暂停背景学习，避免前景被学习成背景
2026-01-29 10:54:01 | DEBUG | image_detection:_calculate_background_subtraction:136 | 检测到前景 (24.974%)，暂停背景学习，避免前景被学习成背景
2026-01-29 10:54:01 | INFO | camera_monitor:_monitor_loop:300 | 摄像头 一层贵重物品区摄像头1 检测到变化...
2026-01-29 10:54:01 | DEBUG | image_detection:_calculate_background_subtraction:136 | 检测到前景 (28.634%)，暂停背景学习，避免前景被学习成背景
2026-01-29 10:54:01 | WARNING | __main__:restart_monitor:219 | 摄像头 1 (大门区域摄像头1) 监测已停止，尝试重启 (2/10)
2026-01-29 10:54:01 | INFO | camera_monitor:stop:150 | 停止监测摄像头: 大门区域摄像头1 (ID: 1)
2026-01-29 10:54:01 | DEBUG | image_detection:_calculate_background_subtraction:136 | 检测到前景 (2.591%)，暂停背景学习，避免前景被学习成背景
2026-01-29 10:54:01 | INFO | camera_monitor:__init__:43 | 摄像头 大门区域摄像头1 (ID: 1) RTSP URL: rtsp://admin:khjy%40123@192.168.100.109:554/Streaming/Channels/100
2026-01-29 10:54:01 | INFO | image_detection:__init__:32 | 初始化背景建模检测器
2026-01-29 10:54:01 | INFO | camera_monitor:_monitor_loop:300 | 摄像头 一层恒温大件物品区摄像头1 检测到变化...
2026-01-29 10:54:01 | INFO | camera_monitor:_monitor_loop:300 | 摄像头 一层室外大件物品区摄像头1 检测到变化...
2026-01-29 10:54:01 | INFO | image_storage:__init__:37 | 图片保存目录: D:\appdata\uploadPath\caseapp
2026-01-29 10:54:01 | INFO | camera_monitor:__init__:58 | 摄像头 大门区域摄像头1 将创建独立YOLO实例
2026-01-29 10:54:01 | INFO | camera_monitor:_worker_process:156 | 后台工作线程开始运行 - 摄像头: 大门区域摄像头1
2026-01-29 10:54:01 | INFO | camera_monitor:start:118 | 后台工作线程已启动: 大门区域摄像头1 (ID: 1)
2026-01-29 10:54:02 | INFO | camera_monitor:_connect_rtsp:447 | 正在连接RTSP流: rtsp://admin:khjy%40123@192.168.100.109:554/Streaming/Channels/100
2026-01-29 10:54:02 | INFO | camera_monitor:start:127 | 开始监测摄像头: 大门区域摄像头1 (ID: 1)
2026-01-29 10:54:02 | INFO | __main__:restart_monitor:244 | 摄像头 1 (大门区域摄像头1) 重启成功
2026-01-29 10:54:02 | DEBUG | image_detection:_filter_small_areas:213 | 过滤了小区域，过滤面积: 82912.0像素 (3.998%)，保留区域数: 30
2026-01-29 10:54:02 | DEBUG | image_detection:_calculate_background_subtraction:136 | 检测到前景 (6.585%)，暂停背景学习，避免前景被学习成背景
2026-01-29 10:54:02 | INFO | camera_monitor:_monitor_loop:300 | 摄像头 一层室内较小库房摄像头1 检测到变化...
2026-01-29 10:54:02 | INFO | camera_monitor:_monitor_loop:300 | 摄像头 一层贵重物品区摄像头1 检测到变化...
2026-01-29 10:54:02 | DEBUG | image_detection:_calculate_background_subtraction:136 | 检测到前景 (24.830%)，暂停背景学习，避免前景被学习成背景
2026-01-29 10:54:02 | DEBUG | image_detection:_calculate_background_subtraction:136 | 检测到前景 (4.550%)，暂停背景学习，避免前景被学习成背景
2026-01-29 10:54:02 | DEBUG | image_detection:_calculate_background_subtraction:136 | 检测到前景 (16.425%)，暂停背景学习，避免前景被学习成背景
2026-01-29 10:54:02 | DEBUG | image_detection:_calculate_background_subtraction:136 | 检测到前景 (15.822%)，暂停背景学习，避免前景被学习成背景
2026-01-29 10:54:02 | INFO | camera_monitor:_monitor_loop:300 | 摄像头 一层室内较小库房摄像头1 检测到变化...
2026-01-29 10:54:02 | INFO | camera_monitor:_monitor_loop:300 | 摄像头 一层恒温大件物品区摄像头1 检测到变化...
2026-01-29 10:54:02 | INFO | camera_monitor:_monitor_loop:300 | 摄像头 一层室外大件物品区摄像头1 检测到变化...
2026-01-29 10:54:02 | WARNING | image_detection:_calculate_background_subtraction:149 | ⚠️  背景建模原始前景比例极低: 0.0000%，可能原因：1)学习阶段画面中有运动物体 2)方差阈值太高 3)背景模型未正确建立
2026-01-29 10:54:03 | DEBUG | image_detection:_calculate_background_subtraction:163 | 背景建模 - 原始: 0/2073600 (0.000%), 处理后: 0/2073600 (0.000%)
2026-01-29 10:54:03 | DEBUG | image_detection:_calculate_background_subtraction:136 | 检测到前景 (6.737%)，暂停背景学习，避免前景被学习成背景
2026-01-29 10:54:03 | DEBUG | image_detection:_calculate_background_subtraction:136 | 检测到前景 (72.863%)，暂停背景学习，避免前景被学习成背景
2026-01-29 10:54:03 | DEBUG | image_detection:_calculate_background_subtraction:136 | 检测到前景 (16.886%)，暂停背景学习，避免前景被学习成背景
2026-01-29 10:54:03 | INFO | camera_monitor:_monitor_loop:300 | 摄像头 一层贵重物品区摄像头1 检测到变化...
2026-01-29 10:54:03 | DEBUG | image_detection:_calculate_background_subtraction:136 | 检测到前景 (16.316%)，暂停背景学习，避免前景被学习成背景
2026-01-29 10:54:03 | INFO | camera_monitor:_monitor_loop:300 | 摄像头 一层室内较小库房摄像头1 检测到变化...
2026-01-29 10:54:03 | ERROR | input_shaper:_pull_loop:189 | [一层室内较小库房摄像头1] InputShaper: 连续失败10次，停止线程
2026-01-29 10:54:03 | DEBUG | image_detection:_calculate_background_subtraction:136 | 检测到前景 (2.843%)，暂停背景学习，避免前景被学习成背景
2026-01-29 10:54:03 | INFO | input_shaper:_pull_loop:202 | [一层室内较小库房摄像头1] InputShaper 拉流线程已停止
2026-01-29 10:54:03 | DEBUG | image_detection:_calculate_background_subtraction:136 | 检测到前景 (24.881%)，暂停背景学习，避免前景被学习成背景
2026-01-29 10:54:03 | INFO | camera_monitor:_monitor_loop:300 | 摄像头 一层室外大件物品区摄像头1 检测到变化...
2026-01-29 10:54:04 | INFO | camera_monitor:_monitor_loop:300 | 摄像头 一层恒温大件物品区摄像头1 检测到变化...
2026-01-29 10:54:04 | DEBUG | image_detection:_calculate_background_subtraction:136 | 检测到前景 (9.930%)，暂停背景学习，避免前景被学习成背景
2026-01-29 10:54:04 | INFO | camera_monitor:_monitor_loop:300 | 摄像头 一层贵重物品区摄像头1 检测到变化...
2026-01-29 10:54:04 | WARNING | camera_monitor:_monitor_loop:274 | 摄像头 一层室内较小库房摄像头1 获取帧失败，尝试重连
2026-01-29 10:54:04 | DEBUG | image_detection:_calculate_background_subtraction:136 | 检测到前景 (73.706%)，暂停背景学习，避免前景被学习成背景
2026-01-29 10:54:04 | INFO | input_shaper:release:316 | [一层室内较小库房摄像头1] InputShaper: 正在停止...
2026-01-29 10:54:04 | INFO | input_shaper:release:340 | [一层室内较小库房摄像头1] InputShaper: 已释放
2026-01-29 10:54:04 | INFO | input_shaper:release:316 | [一层室内较小库房摄像头1] InputShaper: 正在停止...
2026-01-29 10:54:04 | INFO | input_shaper:release:340 | [一层室内较小库房摄像头1] InputShaper: 已释放
2026-01-29 10:54:04 | INFO | camera_monitor:_monitor_loop:300 | 摄像头 一层室外大件物品区摄像头1 检测到变化...
2026-01-29 10:54:04 | INFO | camera_monitor:_connect_rtsp:447 | 正在连接RTSP流: rtsp://admin:khjy%40321@192.168.100.111:554/cam/realmonitor?channel=1&subtype=1
2026-01-29 10:54:04 | DEBUG | image_detection:_calculate_background_subtraction:136 | 检测到前景 (3.323%)，暂停背景学习，避免前景被学习成背景
2026-01-29 10:54:04 | DEBUG | image_detection:_calculate_background_subtraction:136 | 检测到前景 (15.408%)，暂停背景学习，避免前景被学习成背景
2026-01-29 10:54:05 | INFO | camera_monitor:_monitor_loop:300 | 摄像头 一层室外大件物品区摄像头1 检测到变化...
2026-01-29 10:54:05 | DEBUG | image_detection:_calculate_background_subtraction:136 | 检测到前景 (98.200%)，暂停背景学习，避免前景被学习成背景
2026-01-29 10:54:05 | DEBUG | image_detection:_calculate_background_subtraction:136 | 检测到前景 (11.576%)，暂停背景学习，避免前景被学习成背景
2026-01-29 10:54:05 | INFO | camera_monitor:_monitor_loop:300 | 摄像头 一层恒温大件物品区摄像头1 检测到变化...
2026-01-29 10:54:05 | INFO | camera_monitor:_monitor_loop:300 | 摄像头 一层贵重物品区摄像头1 检测到变化...
2026-01-29 10:54:05 | DEBUG | image_detection:_calculate_background_subtraction:136 | 检测到前景 (73.638%)，暂停背景学习，避免前景被学习成背景
2026-01-29 10:54:05 | INFO | camera_monitor:_monitor_loop:300 | 摄像头 一层室外大件物品区摄像头1 检测到变化...
2026-01-29 10:54:05 | DEBUG | image_detection:_calculate_background_subtraction:136 | 检测到前景 (3.745%)，暂停背景学习，避免前景被学习成背景
2026-01-29 10:54:06 | DEBUG | image_detection:_calculate_background_subtraction:136 | 检测到前景 (20.240%)，暂停背景学习，避免前景被学习成背景
2026-01-29 10:54:06 | DEBUG | image_detection:_calculate_background_subtraction:163 | 背景建模 - 原始: 0/2073600 (0.000%), 处理后: 0/2073600 (0.000%)
2026-01-29 10:54:06 | DEBUG | image_detection:_calculate_background_subtraction:136 | 检测到前景 (14.356%)，暂停背景学习，避免前景被学习成背景
2026-01-29 10:54:06 | DEBUG | image_detection:_calculate_background_subtraction:136 | 检测到前景 (98.228%)，暂停背景学习，避免前景被学习成背景
2026-01-29 10:54:06 | INFO | camera_monitor:_monitor_loop:300 | 摄像头 一层贵重物品区摄像头1 检测到变化...
2026-01-29 10:54:06 | INFO | camera_monitor:_monitor_loop:300 | 摄像头 一层室外大件物品区摄像头1 检测到变化...
2026-01-29 10:54:06 | DEBUG | image_detection:_calculate_background_subtraction:136 | 检测到前景 (5.508%)，暂停背景学习，避免前景被学习成背景
2026-01-29 10:54:06 | INFO | camera_monitor:_monitor_loop:300 | 摄像头 一层恒温大件物品区摄像头1 检测到变化...
2026-01-29 10:54:07 | DEBUG | image_detection:_calculate_background_subtraction:136 | 检测到前景 (6.357%)，暂停背景学习，避免前景被学习成背景
2026-01-29 10:54:07 | INFO | camera_monitor:_monitor_loop:300 | 摄像头 一层贵重物品区摄像头1 检测到变化...
2026-01-29 10:54:07 | DEBUG | image_detection:_calculate_background_subtraction:136 | 检测到前景 (98.101%)，暂停背景学习，避免前景被学习成背景
2026-01-29 10:54:07 | DEBUG | image_detection:_calculate_background_subtraction:136 | 检测到前景 (21.255%)，暂停背景学习，避免前景被学习成背景
2026-01-29 10:54:07 | DEBUG | image_detection:_calculate_background_subtraction:136 | 检测到前景 (5.121%)，暂停背景学习，避免前景被学习成背景
2026-01-29 10:54:07 | INFO | camera_monitor:_monitor_loop:300 | 摄像头 一层恒温大件物品区摄像头1 检测到变化...
2026-01-29 10:54:07 | INFO | camera_monitor:_monitor_loop:300 | 摄像头 一层室外大件物品区摄像头1 检测到变化...
2026-01-29 10:54:08 | WARNING | image_detection:_calculate_background_subtraction:149 | ⚠️  背景建模原始前景比例极低: 0.0000%，可能原因：1)学习阶段画面中有运动物体 2)方差阈值太高 3)背景模型未正确建立
2026-01-29 10:54:08 | DEBUG | image_detection:_calculate_background_subtraction:136 | 检测到前景 (25.612%)，暂停背景学习，避免前景被学习成背景
2026-01-29 10:54:08 | DEBUG | image_detection:_calculate_background_subtraction:136 | 检测到前景 (6.653%)，暂停背景学习，避免前景被学习成背景
2026-01-29 10:54:08 | DEBUG | image_detection:_calculate_background_subtraction:136 | 检测到前景 (13.882%)，暂停背景学习，避免前景被学习成背景
2026-01-29 10:54:08 | INFO | camera_monitor:_monitor_loop:300 | 摄像头 一层恒温大件物品区摄像头1 检测到变化...
2026-01-29 10:54:08 | DEBUG | image_detection:_calculate_background_subtraction:136 | 检测到前景 (5.367%)，暂停背景学习，避免前景被学习成背景
2026-01-29 10:54:08 | INFO | camera_monitor:_monitor_loop:300 | 摄像头 一层贵重物品区摄像头1 检测到变化...
2026-01-29 10:54:08 | INFO | camera_monitor:_monitor_loop:300 | 摄像头 一层室外大件物品区摄像头1 检测到变化...
2026-01-29 10:54:09 | DEBUG | image_detection:_calculate_background_subtraction:136 | 检测到前景 (6.817%)，暂停背景学习，避免前景被学习成背景
2026-01-29 10:54:09 | DEBUG | image_detection:_calculate_background_subtraction:136 | 检测到前景 (25.774%)，暂停背景学习，避免前景被学习成背景
2026-01-29 10:54:09 | INFO | camera_monitor:_monitor_loop:300 | 摄像头 一层贵重物品区摄像头1 检测到变化...
2026-01-29 10:54:09 | INFO | camera_monitor:_monitor_loop:253 | 摄像头 一层贵重物品区摄像头1 开始正常监测...
2026-01-29 10:54:09 | DEBUG | image_detection:_calculate_background_subtraction:136 | 检测到前景 (13.670%)，暂停背景学习，避免前景被学习成背景
2026-01-29 10:54:09 | DEBUG | image_detection:_calculate_background_subtraction:136 | 检测到前景 (14.591%)，暂停背景学习，避免前景被学习成背景
2026-01-29 10:54:09 | INFO | camera_monitor:_monitor_loop:300 | 摄像头 一层恒温大件物品区摄像头1 检测到变化...
2026-01-29 10:54:09 | INFO | camera_monitor:_monitor_loop:300 | 摄像头 一层室外大件物品区摄像头1 检测到变化...
2026-01-29 10:54:10 | DEBUG | image_detection:_calculate_background_subtraction:136 | 检测到前景 (10.171%)，暂停背景学习，避免前景被学习成背景
2026-01-29 10:54:10 | DEBUG | image_detection:_calculate_background_subtraction:136 | 检测到前景 (25.940%)，暂停背景学习，避免前景被学习成背景
2026-01-29 10:54:10 | INFO | camera_monitor:_monitor_loop:300 | 摄像头 一层贵重物品区摄像头1 检测到变化...
2026-01-29 10:54:10 | DEBUG | image_detection:_calculate_background_subtraction:136 | 检测到前景 (19.932%)，暂停背景学习，避免前景被学习成背景
2026-01-29 10:54:10 | DEBUG | image_detection:_calculate_background_subtraction:136 | 检测到前景 (19.841%)，暂停背景学习，避免前景被学习成背景
2026-01-29 10:54:10 | INFO | camera_monitor:_monitor_loop:300 | 摄像头 一层恒温大件物品区摄像头1 检测到变化...
2026-01-29 10:54:10 | DEBUG | image_detection:_filter_small_areas:213 | 过滤了小区域，过滤面积: 33819.0像素 (1.631%)，保留区域数: 11
2026-01-29 10:54:10 | INFO | camera_monitor:_monitor_loop:300 | 摄像头 一层室外大件物品区摄像头1 检测到变化...
2026-01-29 10:54:10 | INFO | camera_monitor:_monitor_loop:300 | 摄像头 一层室外大件物品区摄像头1 检测到变化...
2026-01-29 10:54:10 | DEBUG | image_detection:_calculate_background_subtraction:136 | 检测到前景 (4.797%)，暂停背景学习，避免前景被学习成背景
2026-01-29 10:54:11 | DEBUG | image_detection:_calculate_background_subtraction:136 | 检测到前景 (13.791%)，暂停背景学习，避免前景被学习成背景
2026-01-29 10:54:11 | DEBUG | image_detection:_calculate_background_subtraction:136 | 检测到前景 (11.624%)，暂停背景学习，避免前景被学习成背景
2026-01-29 10:54:11 | DEBUG | image_detection:_calculate_background_subtraction:136 | 检测到前景 (24.750%)，暂停背景学习，避免前景被学习成背景
2026-01-29 10:54:11 | INFO | camera_monitor:_monitor_loop:300 | 摄像头 一层贵重物品区摄像头1 检测到变化...
2026-01-29 10:54:11 | DEBUG | image_detection:_calculate_background_subtraction:136 | 检测到前景 (21.038%)，暂停背景学习，避免前景被学习成背景
2026-01-29 10:54:11 | DEBUG | image_detection:_calculate_background_subtraction:136 | 检测到前景 (21.444%)，暂停背景学习，避免前景被学习成背景
2026-01-29 10:54:11 | INFO | camera_monitor:_monitor_loop:300 | 摄像头 一层恒温大件物品区摄像头1 检测到变化...
2026-01-29 10:54:11 | INFO | camera_monitor:_monitor_loop:300 | 摄像头 一层室外大件物品区摄像头1 检测到变化...
2026-01-29 10:54:11 | INFO | camera_monitor:_monitor_loop:300 | 摄像头 一层室外大件物品区摄像头1 检测到变化...
2026-01-29 10:54:11 | DEBUG | image_detection:_calculate_background_subtraction:136 | 检测到前景 (2.510%)，暂停背景学习，避免前景被学习成背景
2026-01-29 10:54:12 | WARNING | image_detection:_calculate_background_subtraction:149 | ⚠️  背景建模原始前景比例极低: 0.0000%，可能原因：1)学习阶段画面中有运动物体 2)方差阈值太高 3)背景模型未正确建立
2026-01-29 10:54:12 | DEBUG | image_detection:_calculate_background_subtraction:163 | 背景建模 - 原始: 0/2073600 (0.000%), 处理后: 0/2073600 (0.000%)
2026-01-29 10:54:12 | DEBUG | image_detection:_calculate_background_subtraction:136 | 检测到前景 (20.946%)，暂停背景学习，避免前景被学习成背景
2026-01-29 10:54:12 | DEBUG | image_detection:_calculate_background_subtraction:136 | 检测到前景 (14.908%)，暂停背景学习，避免前景被学习成背景
2026-01-29 10:54:12 | DEBUG | image_detection:_calculate_background_subtraction:136 | 检测到前景 (25.680%)，暂停背景学习，避免前景被学习成背景
2026-01-29 10:54:12 | INFO | camera_monitor:_monitor_loop:300 | 摄像头 一层贵重物品区摄像头1 检测到变化...
2026-01-29 10:54:12 | INFO | camera_monitor:_monitor_loop:300 | 摄像头 一层贵重物品区摄像头1 检测到变化...
2026-01-29 10:54:12 | DEBUG | image_detection:_calculate_background_subtraction:136 | 检测到前景 (26.106%)，暂停背景学习，避免前景被学习成背景
2026-01-29 10:54:12 | DEBUG | image_detection:_calculate_background_subtraction:136 | 检测到前景 (17.233%)，暂停背景学习，避免前景被学习成背景
2026-01-29 10:54:12 | INFO | camera_monitor:_monitor_loop:300 | 摄像头 一层恒温大件物品区摄像头1 检测到变化...
2026-01-29 10:54:12 | INFO | camera_monitor:_monitor_loop:300 | 摄像头 一层室外大件物品区摄像头1 检测到变化...
2026-01-29 10:54:12 | INFO | camera_monitor:_monitor_loop:300 | 摄像头 一层室外大件物品区摄像头1 检测到变化...
2026-01-29 10:54:12 | DEBUG | image_detection:_calculate_background_subtraction:136 | 检测到前景 (3.188%)，暂停背景学习，避免前景被学习成背景
2026-01-29 10:54:13 | DEBUG | image_detection:_calculate_background_subtraction:136 | 检测到前景 (24.046%)，暂停背景学习，避免前景被学习成背景
2026-01-29 10:54:13 | DEBUG | image_detection:_calculate_background_subtraction:136 | 检测到前景 (16.356%)，暂停背景学习，避免前景被学习成背景
2026-01-29 10:54:13 | DEBUG | image_detection:_calculate_background_subtraction:136 | 检测到前景 (98.210%)，暂停背景学习，避免前景被学习成背景
2026-01-29 10:54:13 | INFO | camera_monitor:_monitor_loop:300 | 摄像头 一层贵重物品区摄像头1 检测到变化...
2026-01-29 10:54:13 | INFO | camera_monitor:_monitor_loop:300 | 摄像头 一层贵重物品区摄像头1 检测到变化...
2026-01-29 10:54:13 | INFO | camera_monitor:_monitor_loop:300 | 摄像头 一层恒温大件物品区摄像头1 检测到变化...
2026-01-29 10:54:13 | DEBUG | image_detection:_calculate_background_subtraction:136 | 检测到前景 (25.896%)，暂停背景学习，避免前景被学习成背景
2026-01-29 10:54:13 | DEBUG | image_detection:_calculate_background_subtraction:136 | 检测到前景 (21.207%)，暂停背景学习，避免前景被学习成背景
2026-01-29 10:54:13 | INFO | camera_monitor:_monitor_loop:300 | 摄像头 一层室外大件物品区摄像头1 检测到变化...
2026-01-29 10:54:13 | DEBUG | image_detection:_calculate_background_subtraction:136 | 检测到前景 (6.856%)，暂停背景学习，避免前景被学习成背景
2026-01-29 10:54:13 | INFO | camera_monitor:_monitor_loop:300 | 摄像头 一层室外大件物品区摄像头1 检测到变化...
2026-01-29 10:54:14 | DEBUG | image_detection:_calculate_background_subtraction:136 | 检测到前景 (10.303%)，暂停背景学习，避免前景被学习成背景
2026-01-29 10:54:14 | DEBUG | image_detection:_calculate_background_subtraction:163 | 背景建模 - 原始: 37245/2073600 (1.796%), 处理后: 0/2073600 (0.000%)
2026-01-29 10:54:14 | WARNING | image_detection:_calculate_background_subtraction:168 | ⚠️  过滤可能过于激进：原始前景 1.80% -> 处理后 0.000%（形态学操作: 1, 最小区域: 500）建议：降低min_change_area或减小形态学核大小
2026-01-29 10:54:14 | DEBUG | image_detection:_calculate_background_subtraction:136 | 检测到前景 (26.031%)，暂停背景学习，避免前景被学习成背景
2026-01-29 10:54:14 | INFO | camera_monitor:_monitor_loop:300 | 摄像头 一层贵重物品区摄像头1 检测到变化...
2026-01-29 10:54:14 | DEBUG | image_detection:_calculate_background_subtraction:136 | 检测到前景 (5.227%)，暂停背景学习，避免前景被学习成背景
2026-01-29 10:54:14 | DEBUG | image_detection:_calculate_background_subtraction:136 | 检测到前景 (12.553%)，暂停背景学习，避免前景被学习成背景
2026-01-29 10:54:14 | INFO | camera_monitor:_monitor_loop:300 | 摄像头 一层恒温大件物品区摄像头1 检测到变化...
2026-01-29 10:54:14 | INFO | camera_monitor:_monitor_loop:300 | 摄像头 一层室外大件物品区摄像头1 检测到变化...
2026-01-29 10:54:14 | DEBUG | image_detection:_calculate_background_subtraction:136 | 检测到前景 (6.968%)，暂停背景学习，避免前景被学习成背景
2026-01-29 10:54:15 | DEBUG | image_detection:_calculate_background_subtraction:136 | 检测到前景 (2.332%)，暂停背景学习，避免前景被学习成背景
2026-01-29 10:54:15 | DEBUG | image_detection:_calculate_background_subtraction:136 | 检测到前景 (6.314%)，暂停背景学习，避免前景被学习成背景
2026-01-29 10:54:15 | DEBUG | image_detection:_calculate_background_subtraction:163 | 背景建模 - 原始: 48346/2073600 (2.332%), 处理后: 0/2073600 (0.000%)
2026-01-29 10:54:15 | WARNING | image_detection:_calculate_background_subtraction:168 | ⚠️  过滤可能过于激进：原始前景 2.33% -> 处理后 0.000%（形态学操作: 1, 最小区域: 500）建议：降低min_change_area或减小形态学核大小
2026-01-29 10:54:15 | INFO | camera_monitor:_monitor_loop:300 | 摄像头 一层贵重物品区摄像头1 检测到变化...
2026-01-29 10:54:15 | DEBUG | image_detection:_calculate_background_subtraction:136 | 检测到前景 (26.318%)，暂停背景学习，避免前景被学习成背景
2026-01-29 10:54:15 | DEBUG | image_detection:_calculate_background_subtraction:136 | 检测到前景 (14.985%)，暂停背景学习，避免前景被学习成背景
2026-01-29 10:54:15 | DEBUG | image_detection:_calculate_background_subtraction:136 | 检测到前景 (12.300%)，暂停背景学习，避免前景被学习成背景
2026-01-29 10:54:15 | INFO | camera_monitor:_monitor_loop:300 | 摄像头 一层恒温大件物品区摄像头1 检测到变化...
2026-01-29 10:54:15 | DEBUG | image_detection:_filter_small_areas:213 | 过滤了小区域，过滤面积: 28754.0像素 (1.387%)，保留区域数: 8
2026-01-29 10:54:15 | INFO | camera_monitor:_monitor_loop:300 | 摄像头 一层室外大件物品区摄像头1 检测到变化...
2026-01-29 10:54:15 | DEBUG | image_detection:_calculate_background_subtraction:136 | 检测到前景 (6.969%)，暂停背景学习，避免前景被学习成背景
2026-01-29 10:54:16 | DEBUG | image_detection:_calculate_background_subtraction:136 | 检测到前景 (2.668%)，暂停背景学习，避免前景被学习成背景
2026-01-29 10:54:16 | DEBUG | image_detection:_calculate_background_subtraction:136 | 检测到前景 (7.776%)，暂停背景学习，避免前景被学习成背景
2026-01-29 10:54:16 | WARNING | image_detection:_calculate_background_subtraction:168 | ⚠️  过滤可能过于激进：原始前景 2.67% -> 处理后 0.000%（形态学操作: 1, 最小区域: 500）建议：降低min_change_area或减小形态学核大小
2026-01-29 10:54:16 | INFO | camera_monitor:_monitor_loop:300 | 摄像头 一层贵重物品区摄像头1 检测到变化...
2026-01-29 10:54:16 | DEBUG | image_detection:_calculate_background_subtraction:136 | 检测到前景 (98.195%)，暂停背景学习，避免前景被学习成背景
2026-01-29 10:54:16 | DEBUG | image_detection:_calculate_background_subtraction:136 | 检测到前景 (5.538%)，暂停背景学习，避免前景被学习成背景
2026-01-29 10:54:16 | INFO | camera_monitor:_monitor_loop:300 | 摄像头 一层恒温大件物品区摄像头1 检测到变化...
2026-01-29 10:54:16 | DEBUG | image_detection:_calculate_background_subtraction:136 | 检测到前景 (13.766%)，暂停背景学习，避免前景被学习成背景
2026-01-29 10:54:16 | DEBUG | image_detection:_calculate_background_subtraction:136 | 检测到前景 (2.670%)，暂停背景学习，避免前景被学习成背景
2026-01-29 10:54:16 | INFO | camera_monitor:_monitor_loop:300 | 摄像头 一层室外大件物品区摄像头1 检测到变化...
2026-01-29 10:54:17 | DEBUG | image_detection:_calculate_background_subtraction:163 | 背景建模 - 原始: 0/2073600 (0.000%), 处理后: 0/2073600 (0.000%)
2026-01-29 10:54:17 | DEBUG | image_detection:_calculate_background_subtraction:136 | 检测到前景 (6.801%)，暂停背景学习，避免前景被学习成背景
2026-01-29 10:54:17 | DEBUG | image_detection:_calculate_background_subtraction:136 | 检测到前景 (15.590%)，暂停背景学习，避免前景被学习成背景
2026-01-29 10:54:17 | DEBUG | image_detection:_calculate_background_subtraction:136 | 检测到前景 (98.081%)，暂停背景学习，避免前景被学习成背景
2026-01-29 10:54:17 | INFO | camera_monitor:_monitor_loop:300 | 摄像头 一层贵重物品区摄像头1 检测到变化...
2026-01-29 10:54:17 | DEBUG | image_detection:_calculate_background_subtraction:136 | 检测到前景 (5.820%)，暂停背景学习，避免前景被学习成背景
2026-01-29 10:54:17 | INFO | camera_monitor:_monitor_loop:300 | 摄像头 一层恒温大件物品区摄像头1 检测到变化...
2026-01-29 10:54:17 | DEBUG | image_detection:_calculate_background_subtraction:136 | 检测到前景 (13.880%)，暂停背景学习，避免前景被学习成背景
2026-01-29 10:54:17 | INFO | video_stream_reader:_update_loop:149 | [一层室内较小库房摄像头1] VideoStreamReader 统计 - 总读取: 433帧, 总丢弃: 433帧 (100.0%), 说明主线程使用了 0.0% 的帧
2026-01-29 10:54:17 | INFO | camera_monitor:_monitor_loop:300 | 摄像头 一层室外大件物品区摄像头1 检测到变化...
2026-01-29 10:54:18 | DEBUG | image_detection:_calculate_background_subtraction:136 | 检测到前景 (6.942%)，暂停背景学习，避免前景被学习成背景
2026-01-29 10:54:18 | DEBUG | image_detection:_calculate_background_subtraction:136 | 检测到前景 (2.272%)，暂停背景学习，避免前景被学习成背景
2026-01-29 10:54:18 | WARNING | image_detection:_calculate_background_subtraction:168 | ⚠️  过滤可能过于激进：原始前景 2.27% -> 处理后 0.074%（形态学操作: 1, 最小区域: 500）建议：降低min_change_area或减小形态学核大小
2026-01-29 10:54:18 | INFO | camera_monitor:_monitor_loop:300 | 摄像头 一层贵重物品区摄像头1 检测到变化...
2026-01-29 10:54:18 | DEBUG | image_detection:_calculate_background_subtraction:136 | 检测到前景 (25.658%)，暂停背景学习，避免前景被学习成背景
2026-01-29 10:54:18 | DEBUG | image_detection:_calculate_background_subtraction:136 | 检测到前景 (15.958%)，暂停背景学习，避免前景被学习成背景
2026-01-29 10:54:18 | DEBUG | image_detection:_calculate_background_subtraction:136 | 检测到前景 (12.814%)，暂停背景学习，避免前景被学习成背景
2026-01-29 10:54:18 | INFO | camera_monitor:_monitor_loop:300 | 摄像头 一层恒温大件物品区摄像头1 检测到变化...
2026-01-29 10:54:18 | DEBUG | image_detection:_calculate_background_subtraction:136 | 检测到前景 (3.580%)，暂停背景学习，避免前景被学习成背景
2026-01-29 10:54:19 | INFO | camera_monitor:_monitor_loop:300 | 摄像头 一层室外大件物品区摄像头1 检测到变化...
2026-01-29 10:54:19 | DEBUG | image_detection:_calculate_background_subtraction:163 | 背景建模 - 原始: 0/2073600 (0.000%), 处理后: 0/2073600 (0.000%)
2026-01-29 10:54:19 | DEBUG | image_detection:_calculate_background_subtraction:136 | 检测到前景 (9.904%)，暂停背景学习，避免前景被学习成背景
2026-01-29 10:54:19 | INFO | video_stream_reader:_update_loop:149 | [一层贵重物品区摄像头1] VideoStreamReader 统计 - 总读取: 436帧, 总丢弃: 436帧 (100.0%), 说明主线程使用了 0.0% 的帧
2026-01-29 10:54:19 | DEBUG | image_detection:_calculate_background_subtraction:136 | 检测到前景 (2.738%)，暂停背景学习，避免前景被学习成背景
2026-01-29 10:54:19 | INFO | __main__:signal_handler:300 | 接收到退出信号，正在关闭系统...
2026-01-29 10:54:19 | INFO | __main__:shutdown:274 | 正在关闭系统...
2026-01-29 10:54:19 | INFO | __main__:stop_all_monitors:178 | ========== 停止所有RTSP监测服务 ==========
2026-01-29 10:54:19 | WARNING | image_detection:_calculate_background_subtraction:168 | ⚠️  过滤可能过于激进：原始前景 2.74% -> 处理后 0.090%（形态学操作: 1, 最小区域: 500）建议：降低min_change_area或减小形态学核大小
2026-01-29 10:54:19 | INFO | camera_monitor:_monitor_loop:300 | 摄像头 一层贵重物品区摄像头1 检测到变化...
2026-01-29 10:54:19 | DEBUG | image_detection:_calculate_background_subtraction:136 | 检测到前景 (25.262%)，暂停背景学习，避免前景被学习成背景
2026-01-29 10:54:19 | DEBUG | image_detection:_calculate_background_subtraction:136 | 检测到前景 (16.704%)，暂停背景学习，避免前景被学习成背景
2026-01-29 10:54:19 | INFO | camera_monitor:_monitor_loop:300 | 摄像头 一层室外大件物品区摄像头1 检测到变化...
2026-01-29 10:54:19 | DEBUG | image_detection:_calculate_background_subtraction:136 | 检测到前景 (12.942%)，暂停背景学习，避免前景被学习成背景
2026-01-29 10:54:19 | INFO | camera_monitor:_monitor_loop:300 | 摄像头 一层恒温大件物品区摄像头1 检测到变化...
2026-01-29 10:54:20 | INFO | camera_monitor:_worker_process:202 | 后台工作线程已停止 - 摄像头: 大门区域摄像头1
2026-01-29 10:54:20 | INFO | camera_monitor:_monitor_loop:300 | 摄像头 一层室外大件物品区摄像头1 检测到变化...
2026-01-29 10:54:20 | DEBUG | image_detection:_calculate_background_subtraction:136 | 检测到前景 (12.091%)，暂停背景学习，避免前景被学习成背景
2026-01-29 10:54:20 | DEBUG | image_detection:_calculate_background_subtraction:136 | 检测到前景 (9.138%)，暂停背景学习，避免前景被学习成背景
2026-01-29 10:54:20 | INFO | camera_monitor:_monitor_loop:300 | 摄像头 一层贵重物品区摄像头1 检测到变化...
2026-01-29 10:54:20 | DEBUG | image_detection:_calculate_background_subtraction:136 | 检测到前景 (98.235%)，暂停背景学习，避免前景被学习成背景
2026-01-29 10:54:20 | DEBUG | image_detection:_calculate_background_subtraction:136 | 检测到前景 (5.496%)，暂停背景学习，避免前景被学习成背景
2026-01-29 10:54:20 | INFO | camera_monitor:_monitor_loop:300 | 摄像头 一层恒温大件物品区摄像头1 检测到变化...
2026-01-29 10:54:20 | DEBUG | image_detection:_calculate_background_subtraction:136 | 检测到前景 (13.778%)，暂停背景学习，避免前景被学习成背景
2026-01-29 10:54:20 | DEBUG | image_detection:_calculate_background_subtraction:136 | 检测到前景 (3.196%)，暂停背景学习，避免前景被学习成背景
2026-01-29 10:54:21 | INFO | camera_monitor:_monitor_loop:300 | 摄像头 一层室外大件物品区摄像头1 检测到变化...
2026-01-29 10:54:21 | DEBUG | image_detection:_calculate_background_subtraction:136 | 检测到前景 (9.402%)，暂停背景学习，避免前景被学习成背景
2026-01-29 10:54:21 | DEBUG | image_detection:_calculate_background_subtraction:136 | 检测到前景 (14.329%)，暂停背景学习，避免前景被学习成背景
2026-01-29 10:54:21 | INFO | video_stream_reader:_update_loop:149 | [一层室外大件物品区摄像头1] VideoStreamReader 统计 - 总读取: 432帧, 总丢弃: 432帧 (100.0%), 说明主线程使用了 0.0% 的帧
2026-01-29 10:54:21 | INFO | camera_monitor:_monitor_loop:300 | 摄像头 一层贵重物品区摄像头1 检测到变化...
2026-01-29 10:54:21 | DEBUG | image_detection:_calculate_background_subtraction:136 | 检测到前景 (17.007%)，暂停背景学习，避免前景被学习成背景
2026-01-29 10:54:21 | DEBUG | image_detection:_calculate_background_subtraction:136 | 检测到前景 (98.224%)，暂停背景学习，避免前景被学习成背景
2026-01-29 10:54:21 | INFO | camera_monitor:_monitor_loop:300 | 摄像头 一层恒温大件物品区摄像头1 检测到变化...
2026-01-29 10:54:21 | DEBUG | image_detection:_calculate_background_subtraction:136 | 检测到前景 (14.038%)，暂停背景学习，避免前景被学习成背景
2026-01-29 10:54:22 | INFO | camera_monitor:_monitor_loop:300 | 摄像头 一层室外大件物品区摄像头1 检测到变化...
2026-01-29 10:54:22 | DEBUG | image_detection:_calculate_background_subtraction:163 | 背景建模 - 原始: 0/2073600 (0.000%), 处理后: 0/2073600 (0.000%)
2026-01-29 10:54:22 | DEBUG | image_detection:_calculate_background_subtraction:136 | 检测到前景 (11.841%)，暂停背景学习，避免前景被学习成背景
2026-01-29 10:54:22 | DEBUG | image_detection:_calculate_background_subtraction:136 | 检测到前景 (2.277%)，暂停背景学习，避免前景被学习成背景
2026-01-29 10:54:22 | INFO | camera_monitor:_monitor_loop:300 | 摄像头 一层贵重物品区摄像头1 检测到变化...
2026-01-29 10:54:22 | DEBUG | image_detection:_calculate_background_subtraction:136 | 检测到前景 (5.570%)，暂停背景学习，避免前景被学习成背景
2026-01-29 10:54:22 | DEBUG | image_detection:_calculate_background_subtraction:136 | 检测到前景 (22.803%)，暂停背景学习，避免前景被学习成背景
2026-01-29 10:54:22 | INFO | camera_monitor:_monitor_loop:300 | 摄像头 一层恒温大件物品区摄像头1 检测到变化...
2026-01-29 10:54:22 | DEBUG | image_detection:_calculate_background_subtraction:136 | 检测到前景 (13.527%)，暂停背景学习，避免前景被学习成背景
2026-01-29 10:54:23 | INFO | camera_monitor:_monitor_loop:300 | 摄像头 一层室外大件物品区摄像头1 检测到变化...
2026-01-29 10:54:23 | DEBUG | image_detection:_calculate_background_subtraction:136 | 检测到前景 (6.676%)，暂停背景学习，避免前景被学习成背景
2026-01-29 10:54:23 | INFO | camera_monitor:_monitor_loop:300 | 摄像头 一层贵重物品区摄像头1 检测到变化...
2026-01-29 10:54:23 | DEBUG | image_detection:_calculate_background_subtraction:136 | 检测到前景 (5.538%)，暂停背景学习，避免前景被学习成背景
2026-01-29 10:54:23 | DEBUG | image_detection:_calculate_background_subtraction:136 | 检测到前景 (5.461%)，暂停背景学习，避免前景被学习成背景
2026-01-29 10:54:23 | DEBUG | image_detection:_calculate_background_subtraction:136 | 检测到前景 (98.179%)，暂停背景学习，避免前景被学习成背景
2026-01-29 10:54:23 | INFO | camera_monitor:_monitor_loop:300 | 摄像头 一层恒温大件物品区摄像头1 检测到变化...
2026-01-29 10:54:23 | DEBUG | image_detection:_calculate_background_subtraction:136 | 检测到前景 (17.542%)，暂停背景学习，避免前景被学习成背景
2026-01-29 10:54:24 | INFO | camera_monitor:_monitor_loop:300 | 摄像头 一层室外大件物品区摄像头1 检测到变化...
2026-01-29 10:54:24 | INFO | input_shaper:_log_stats_periodically:217 | [一层室外大件物品区摄像头1] InputShaper 统计 - 拉取: 450帧, 输出: 54帧, 丢弃: 0帧, 溢出: 0次, 空读: 0次, 重复: 0次, 缓冲区: 6/30
2026-01-29 10:54:24 | ERROR | camera_monitor:_connect_rtsp:498 | RTSP连接失败
2026-01-29 10:54:24 | WARNING | camera_monitor:_monitor_loop:212 | 摄像头 大门区域摄像头1 连接失败，5秒后重试 (尝试 2/3)
2026-01-29 10:54:24 | DEBUG | image_detection:_calculate_background_subtraction:136 | 检测到前景 (9.100%)，暂停背景学习，避免前景被学习成背景
2026-01-29 10:54:24 | INFO | camera_monitor:_monitor_loop:300 | 摄像头 一层贵重物品区摄像头1 检测到变化...
2026-01-29 10:54:24 | INFO | __main__:signal_handler:300 | 接收到退出信号，正在关闭系统...
2026-01-29 10:54:24 | INFO | __main__:shutdown:274 | 正在关闭系统...
2026-01-29 10:54:24 | INFO | __main__:stop_all_monitors:178 | ========== 停止所有RTSP监测服务 ==========
2026-01-29 10:54:24 | DEBUG | image_detection:_calculate_background_subtraction:136 | 检测到前景 (3.107%)，暂停背景学习，避免前景被学习成背景
2026-01-29 10:54:24 | DEBUG | image_detection:_calculate_background_subtraction:136 | 检测到前景 (5.481%)，暂停背景学习，避免前景被学习成背景
2026-01-29 10:54:24 | DEBUG | image_detection:_calculate_background_subtraction:136 | 检测到前景 (21.971%)，暂停背景学习，避免前景被学习成背景
2026-01-29 10:54:24 | INFO | camera_monitor:_monitor_loop:300 | 摄像头 一层恒温大件物品区摄像头1 检测到变化...
2026-01-29 10:54:25 | DEBUG | image_detection:_calculate_background_subtraction:136 | 检测到前景 (23.990%)，暂停背景学习，避免前景被学习成背景
2026-01-29 10:54:25 | INFO | camera_monitor:_monitor_loop:300 | 摄像头 一层室外大件物品区摄像头1 检测到变化...
2026-01-29 10:54:25 | DEBUG | image_detection:_calculate_background_subtraction:136 | 检测到前景 (12.765%)，暂停背景学习，避免前景被学习成背景
2026-01-29 10:54:25 | INFO | camera_monitor:_monitor_loop:300 | 摄像头 一层贵重物品区摄像头1 检测到变化...
2026-01-29 10:54:25 | INFO | input_shaper:_log_stats_periodically:217 | [一层恒温大件物品区摄像头1] InputShaper 统计 - 拉取: 482帧, 输出: 54帧, 丢弃: 0帧, 溢出: 0次, 空读: 0次, 重复: 0次, 缓冲区: 12/30
2026-01-29 10:54:25 | DEBUG | image_detection:_calculate_background_subtraction:136 | 检测到前景 (10.891%)，暂停背景学习，避免前景被学习成背景
2026-01-29 10:54:25 | DEBUG | image_detection:_calculate_background_subtraction:136 | 检测到前景 (5.713%)，暂停背景学习，避免前景被学习成背景
2026-01-29 10:54:25 | DEBUG | image_detection:_calculate_background_subtraction:136 | 检测到前景 (98.156%)，暂停背景学习，避免前景被学习成背景
2026-01-29 10:54:25 | INFO | camera_monitor:_monitor_loop:300 | 摄像头 一层恒温大件物品区摄像头1 检测到变化...
2026-01-29 10:54:26 | DEBUG | image_detection:_calculate_background_subtraction:136 | 检测到前景 (30.573%)，暂停背景学习，避免前景被学习成背景
2026-01-29 10:54:26 | INFO | camera_monitor:_monitor_loop:300 | 摄像头 一层室外大件物品区摄像头1 检测到变化...
2026-01-29 10:54:26 | DEBUG | image_detection:_calculate_background_subtraction:136 | 检测到前景 (6.917%)，暂停背景学习，避免前景被学习成背景
2026-01-29 10:54:26 | INFO | camera_monitor:_monitor_loop:300 | 摄像头 一层贵重物品区摄像头1 检测到变化...
2026-01-29 10:54:26 | DEBUG | image_detection:_calculate_background_subtraction:136 | 检测到前景 (16.537%)，暂停背景学习，避免前景被学习成背景
2026-01-29 10:54:26 | DEBUG | image_detection:_calculate_background_subtraction:136 | 检测到前景 (5.556%)，暂停背景学习，避免前景被学习成背景
2026-01-29 10:54:26 | DEBUG | image_detection:_calculate_background_subtraction:136 | 检测到前景 (98.319%)，暂停背景学习，避免前景被学习成背景
2026-01-29 10:54:26 | INFO | camera_monitor:_monitor_loop:300 | 摄像头 一层恒温大件物品区摄像头1 检测到变化...
2026-01-29 10:54:27 | DEBUG | image_detection:_calculate_background_subtraction:136 | 检测到前景 (14.325%)，暂停背景学习，避免前景被学习成背景
2026-01-29 10:54:27 | INFO | camera_monitor:_monitor_loop:300 | 摄像头 一层室外大件物品区摄像头1 检测到变化...
2026-01-29 10:54:27 | DEBUG | image_detection:_calculate_background_subtraction:136 | 检测到前景 (10.380%)，暂停背景学习，避免前景被学习成背景
2026-01-29 10:54:27 | INFO | camera_monitor:_monitor_loop:300 | 摄像头 一层贵重物品区摄像头1 检测到变化...
2026-01-29 10:54:27 | DEBUG | image_detection:_calculate_background_subtraction:136 | 检测到前景 (3.921%)，暂停背景学习，避免前景被学习成背景
2026-01-29 10:54:27 | DEBUG | image_detection:_calculate_background_subtraction:136 | 检测到前景 (5.739%)，暂停背景学习，避免前景被学习成背景
2026-01-29 10:54:27 | DEBUG | image_detection:_calculate_background_subtraction:136 | 检测到前景 (24.397%)，暂停背景学习，避免前景被学习成背景
2026-01-29 10:54:27 | ERROR | camera_monitor:_connect_rtsp:498 | RTSP连接失败
2026-01-29 10:54:27 | WARNING | camera_monitor:_monitor_loop:212 | 摄像头 一层车库区摄像头2 连接失败，5秒后重试 (尝试 1/3)
2026-01-29 10:54:27 | DEBUG | image_detection:_filter_small_areas:213 | 过滤了小区域，过滤面积: 26235.5像素 (1.265%)，保留区域数: 7
2026-01-29 10:54:27 | INFO | camera_monitor:_monitor_loop:300 | 摄像头 一层恒温大件物品区摄像头1 检测到变化...
2026-01-29 10:54:28 | DEBUG | image_detection:_calculate_background_subtraction:136 | 检测到前景 (14.770%)，暂停背景学习，避免前景被学习成背景
2026-01-29 10:54:28 | INFO | input_shaper:_log_stats_periodically:217 | [一层贵重物品区摄像头1] InputShaper 统计 - 拉取: 483帧, 输出: 40帧, 丢弃: 90帧, 溢出: 90次, 空读: 0次, 重复: 0次, 缓冲区: 1/30
2026-01-29 10:54:28 | DEBUG | image_detection:_filter_small_areas:213 | 过滤了小区域，过滤面积: 26728.0像素 (1.289%)，保留区域数: 14
2026-01-29 10:54:28 | INFO | camera_monitor:_monitor_loop:300 | 摄像头 一层室外大件物品区摄像头1 检测到变化...
2026-01-29 10:54:28 | DEBUG | image_detection:_calculate_background_subtraction:136 | 检测到前景 (12.701%)，暂停背景学习，避免前景被学习成背景
2026-01-29 10:54:28 | INFO | camera_monitor:_monitor_loop:300 | 摄像头 一层贵重物品区摄像头1 检测到变化...
2026-01-29 10:54:28 | DEBUG | image_detection:_calculate_background_subtraction:136 | 检测到前景 (4.173%)，暂停背景学习，避免前景被学习成背景
2026-01-29 10:54:28 | DEBUG | image_detection:_calculate_background_subtraction:136 | 检测到前景 (5.537%)，暂停背景学习，避免前景被学习成背景
2026-01-29 10:54:28 | DEBUG | image_detection:_calculate_background_subtraction:136 | 检测到前景 (56.036%)，暂停背景学习，避免前景被学习成背景
2026-01-29 10:54:28 | INFO | camera_monitor:_monitor_loop:300 | 摄像头 一层恒温大件物品区摄像头1 检测到变化...
2026-01-29 10:54:29 | DEBUG | image_detection:_calculate_background_subtraction:136 | 检测到前景 (14.490%)，暂停背景学习，避免前景被学习成背景
2026-01-29 10:54:29 | WARNING | image_detection:_calculate_background_subtraction:149 | ⚠️  背景建模原始前景比例极低: 0.0000%，可能原因：1)学习阶段画面中有运动物体 2)方差阈值太高 3)背景模型未正确建立
2026-01-29 10:54:29 | INFO | camera_monitor:_monitor_loop:300 | 摄像头 一层室外大件物品区摄像头1 检测到变化...
2026-01-29 10:54:29 | INFO | __main__:signal_handler:300 | 接收到退出信号，正在关闭系统...
2026-01-29 10:54:29 | INFO | __main__:shutdown:274 | 正在关闭系统...
2026-01-29 10:54:29 | INFO | __main__:stop_all_monitors:178 | ========== 停止所有RTSP监测服务 ==========
2026-01-29 10:54:29 | DEBUG | image_detection:_calculate_background_subtraction:136 | 检测到前景 (6.924%)，暂停背景学习，避免前景被学习成背景
2026-01-29 10:54:29 | INFO | camera_monitor:_monitor_loop:300 | 摄像头 一层贵重物品区摄像头1 检测到变化...
2026-01-29 10:54:29 | DEBUG | image_detection:_calculate_background_subtraction:136 | 检测到前景 (5.723%)，暂停背景学习，避免前景被学习成背景
2026-01-29 10:54:29 | DEBUG | image_detection:_calculate_background_subtraction:136 | 检测到前景 (4.048%)，暂停背景学习，避免前景被学习成背景
2026-01-29 10:54:29 | DEBUG | image_detection:_calculate_background_subtraction:136 | 检测到前景 (17.918%)，暂停背景学习，避免前景被学习成背景
2026-01-29 10:54:29 | INFO | camera_monitor:_monitor_loop:300 | 摄像头 一层恒温大件物品区摄像头1 检测到变化...
2026-01-29 10:54:30 | DEBUG | image_detection:_calculate_background_subtraction:136 | 检测到前景 (14.835%)，暂停背景学习，避免前景被学习成背景
2026-01-29 10:54:30 | INFO | camera_monitor:_monitor_loop:300 | 摄像头 一层室外大件物品区摄像头1 检测到变化...
2026-01-29 10:54:30 | DEBUG | image_detection:_calculate_background_subtraction:136 | 检测到前景 (7.426%)，暂停背景学习，避免前景被学习成背景
2026-01-29 10:54:30 | INFO | camera_monitor:_monitor_loop:300 | 摄像头 一层贵重物品区摄像头1 检测到变化...
2026-01-29 10:54:30 | DEBUG | image_detection:_calculate_background_subtraction:136 | 检测到前景 (5.558%)，暂停背景学习，避免前景被学习成背景
2026-01-29 10:54:30 | DEBUG | image_detection:_calculate_background_subtraction:136 | 检测到前景 (4.183%)，暂停背景学习，避免前景被学习成背景
2026-01-29 10:54:30 | DEBUG | image_detection:_calculate_background_subtraction:136 | 检测到前景 (21.013%)，暂停背景学习，避免前景被学习成背景
2026-01-29 10:54:30 | INFO | camera_monitor:_monitor_loop:300 | 摄像头 一层恒温大件物品区摄像头1 检测到变化...
2026-01-29 10:54:31 | DEBUG | image_detection:_calculate_background_subtraction:136 | 检测到前景 (3.648%)，暂停背景学习，避免前景被学习成背景
2026-01-29 10:54:31 | DEBUG | image_detection:_calculate_background_subtraction:163 | 背景建模 - 原始: 0/2073600 (0.000%), 处理后: 0/2073600 (0.000%)
2026-01-29 10:54:31 | DEBUG | image_detection:_calculate_background_subtraction:136 | 检测到前景 (6.755%)，暂停背景学习，避免前景被学习成背景
2026-01-29 10:54:31 | INFO | camera_monitor:_monitor_loop:300 | 摄像头 一层贵重物品区摄像头1 检测到变化...
2026-01-29 10:54:31 | DEBUG | image_detection:_calculate_background_subtraction:136 | 检测到前景 (14.436%)，暂停背景学习，避免前景被学习成背景
2026-01-29 10:54:31 | DEBUG | image_detection:_calculate_background_subtraction:136 | 检测到前景 (5.794%)，暂停背景学习，避免前景被学习成背景
2026-01-29 10:54:31 | DEBUG | image_detection:_filter_small_areas:213 | 过滤了小区域，过滤面积: 27233.5像素 (1.313%)，保留区域数: 13
2026-01-29 10:54:31 | DEBUG | image_detection:_calculate_background_subtraction:136 | 检测到前景 (4.351%)，暂停背景学习，避免前景被学习成背景
2026-01-29 10:54:31 | INFO | camera_monitor:_monitor_loop:300 | 摄像头 一层室外大件物品区摄像头1 检测到变化...
2026-01-29 10:54:31 | DEBUG | image_detection:_calculate_background_subtraction:136 | 检测到前景 (26.913%)，暂停背景学习，避免前景被学习成背景
2026-01-29 10:54:31 | INFO | camera_monitor:_monitor_loop:300 | 摄像头 一层恒温大件物品区摄像头1 检测到变化...
2026-01-29 10:54:32 | DEBUG | image_detection:_calculate_background_subtraction:136 | 检测到前景 (5.636%)，暂停背景学习，避免前景被学习成背景
2026-01-29 10:54:32 | DEBUG | image_detection:_calculate_background_subtraction:136 | 检测到前景 (7.296%)，暂停背景学习，避免前景被学习成背景
2026-01-29 10:54:32 | INFO | camera_monitor:_monitor_loop:300 | 摄像头 一层贵重物品区摄像头1 检测到变化...
2026-01-29 10:54:32 | DEBUG | image_detection:_calculate_background_subtraction:136 | 检测到前景 (5.476%)，暂停背景学习，避免前景被学习成背景
2026-01-29 10:54:33 | DEBUG | image_detection:_calculate_background_subtraction:163 | 背景建模 - 原始: 0/2073600 (0.000%), 处理后: 0/2073600 (0.000%)
2026-01-29 10:54:33 | DEBUG | image_detection:_calculate_background_subtraction:136 | 检测到前景 (7.166%)，暂停背景学习，避免前景被学习成背景
2026-01-29 10:54:33 | INFO | camera_monitor:_monitor_loop:300 | 摄像头 一层贵重物品区摄像头1 检测到变化...
2026-01-29 10:54:33 | DEBUG | image_detection:_calculate_background_subtraction:136 | 检测到前景 (5.641%)，暂停背景学习，避免前景被学习成背景
2026-01-29 10:54:34 | DEBUG | image_detection:_calculate_background_subtraction:136 | 检测到前景 (2.191%)，暂停背景学习，避免前景被学习成背景
2026-01-29 10:54:34 | INFO | camera_monitor:stop:150 | 停止监测摄像头: 大门区域摄像头1 (ID: 1)
2026-01-29 10:54:34 | DEBUG | image_detection:_calculate_background_subtraction:136 | 检测到前景 (7.266%)，暂停背景学习，避免前景被学习成背景
2026-01-29 10:54:34 | INFO | camera_monitor:_monitor_loop:300 | 摄像头 一层贵重物品区摄像头1 检测到变化...
2026-01-29 10:54:34 | DEBUG | image_detection:_calculate_background_subtraction:136 | 检测到前景 (5.512%)，暂停背景学习，避免前景被学习成背景
2026-01-29 10:54:35 | INFO | camera_monitor:_worker_process:202 | 后台工作线程已停止 - 摄像头: 一层车库区摄像头2
2026-01-29 10:54:35 | DEBUG | image_detection:_calculate_background_subtraction:136 | 检测到前景 (7.247%)，暂停背景学习，避免前景被学习成背景
2026-01-29 10:54:35 | INFO | camera_monitor:_monitor_loop:300 | 摄像头 一层贵重物品区摄像头1 检测到变化...
2026-01-29 10:54:35 | DEBUG | image_detection:_calculate_background_subtraction:136 | 检测到前景 (5.597%)，暂停背景学习，避免前景被学习成背景
2026-01-29 10:54:36 | DEBUG | image_detection:_calculate_background_subtraction:136 | 检测到前景 (7.538%)，暂停背景学习，避免前景被学习成背景
2026-01-29 10:54:36 | INFO | camera_monitor:_monitor_loop:300 | 摄像头 一层贵重物品区摄像头1 检测到变化...
2026-01-29 10:54:36 | DEBUG | image_detection:_calculate_background_subtraction:136 | 检测到前景 (5.411%)，暂停背景学习，避免前景被学习成背景
2026-01-29 10:54:37 | DEBUG | image_detection:_calculate_background_subtraction:136 | 检测到前景 (6.382%)，暂停背景学习，避免前景被学习成背景
2026-01-29 10:54:37 | INFO | camera_monitor:_monitor_loop:300 | 摄像头 一层贵重物品区摄像头1 检测到变化...
2026-01-29 10:54:37 | DEBUG | image_detection:_calculate_background_subtraction:136 | 检测到前景 (5.516%)，暂停背景学习，避免前景被学习成背景
2026-01-29 10:54:38 | WARNING | image_detection:_calculate_background_subtraction:149 | ⚠️  背景建模原始前景比例极低: 0.0000%，可能原因：1)学习阶段画面中有运动物体 2)方差阈值太高 3)背景模型未正确建立
2026-01-29 10:54:38 | DEBUG | image_detection:_calculate_background_subtraction:136 | 检测到前景 (7.210%)，暂停背景学习，避免前景被学习成背景
2026-01-29 10:54:38 | INFO | camera_monitor:_monitor_loop:300 | 摄像头 一层贵重物品区摄像头1 检测到变化...
2026-01-29 10:54:38 | DEBUG | image_detection:_calculate_background_subtraction:136 | 检测到前景 (5.351%)，暂停背景学习，避免前景被学习成背景
2026-01-29 10:54:39 | INFO | camera_monitor:stop:150 | 停止监测摄像头: 一层车库区摄像头2 (ID: 2)
2026-01-29 10:54:39 | INFO | video_stream_reader:release:210 | [一层贵重物品区摄像头1] VideoStreamReader: 正在停止...
2026-01-29 10:54:39 | INFO | video_stream_reader:_update_loop:188 | [一层贵重物品区摄像头1] VideoStreamReader 更新线程已停止
2026-01-29 10:54:39 | INFO | video_stream_reader:release:236 | [一层贵重物品区摄像头1] VideoStreamReader: 已释放
2026-01-29 10:54:39 | INFO | video_stream_reader:release:210 | [一层贵重物品区摄像头1] VideoStreamReader: 正在停止...
2026-01-29 10:54:39 | INFO | video_stream_reader:release:236 | [一层贵重物品区摄像头1] VideoStreamReader: 已释放
2026-01-29 10:54:39 | DEBUG | image_detection:_calculate_background_subtraction:136 | 检测到前景 (5.471%)，暂停背景学习，避免前景被学习成背景
2026-01-29 10:54:40 | INFO | camera_monitor:_worker_process:202 | 后台工作线程已停止 - 摄像头: 一层贵重物品区摄像头1
2026-01-29 10:54:40 | INFO | camera_monitor:stop:150 | 停止监测摄像头: 一层贵重物品区摄像头1 (ID: 3)
2026-01-29 10:54:40 | DEBUG | image_detection:_calculate_background_subtraction:163 | 背景建模 - 原始: 0/2073600 (0.000%), 处理后: 0/2073600 (0.000%)
2026-01-29 10:54:40 | DEBUG | image_detection:_calculate_background_subtraction:136 | 检测到前景 (5.426%)，暂停背景学习，避免前景被学习成背景
2026-01-29 10:54:41 | INFO | camera_monitor:_worker_process:202 | 后台工作线程已停止 - 摄像头: 一层贵重物品区摄像头1
2026-01-29 10:54:41 | DEBUG | image_detection:_calculate_background_subtraction:136 | 检测到前景 (5.531%)，暂停背景学习，避免前景被学习成背景
2026-01-29 10:55:22 | INFO | __main__:initialize:54 | ========== RTSP监测系统初始化完成（使用背景建模检测） ==========
2026-01-29 10:55:25 | INFO | __main__:start_all_monitors:59 | ========== 开始启动RTSP监测服务 ==========
2026-01-29 10:55:25 | INFO | database:_fetch_cameras_from_api:103 | 调用摄像头配置接口: https://localhost:8090/caseapp/track/rtspStream
2026-01-29 10:55:25 | INFO | database:_fetch_cameras_from_api:121 | 接口返回 2 个摄像头配置
2026-01-29 10:55:25 | WARNING | database:get_all_cameras:171 | 数据库中未找到USB摄像头配置（rtspssl LIKE 'usb:%'）
2026-01-29 10:55:25 | INFO | __main__:start_all_monitors:68 | 找到 2 个有效摄像头，开始启动监测...
2026-01-29 10:55:25 | INFO | __main__:start_all_monitors:85 | YOLO池配置分析: 需要创建池ID=[], 需要默认池=True
2026-01-29 10:55:25 | INFO | __main__:start_all_monitors:100 | 使用多线程 YOLO 池
2026-01-29 10:55:25 | INFO | __main__:start_all_monitors:158 | 摄像头 一层贵重物品区摄像头1 (ID: 3) 使用YOLO配置: 默认全局池
2026-01-29 10:55:25 | INFO | camera_monitor:__init__:43 | 摄像头 一层贵重物品区摄像头1 (ID: 3) RTSP URL: rtsp://admin:khjy%40123@192.168.100.107:554/cam/realmonitor?channel=1&subtype=1
2026-01-29 10:55:25 | INFO | image_detection:__init__:32 | 初始化背景建模检测器
2026-01-29 10:55:25 | INFO | image_storage:__init__:37 | 图片保存目录: D:\appdata\uploadPath\caseapp
2026-01-29 10:55:25 | INFO | camera_monitor:__init__:58 | 摄像头 一层贵重物品区摄像头1 将创建独立YOLO实例
2026-01-29 10:55:25 | INFO | camera_monitor:_worker_process:156 | 后台工作线程开始运行 - 摄像头: 一层贵重物品区摄像头1
2026-01-29 10:55:25 | INFO | camera_monitor:start:118 | 后台工作线程已启动: 一层贵重物品区摄像头1 (ID: 3)
2026-01-29 10:55:25 | INFO | camera_monitor:_connect_rtsp:447 | 正在连接RTSP流: rtsp://admin:khjy%40123@192.168.100.107:554/cam/realmonitor?channel=1&subtype=1
2026-01-29 10:55:25 | INFO | camera_monitor:start:127 | 开始监测摄像头: 一层贵重物品区摄像头1 (ID: 3)
2026-01-29 10:55:26 | INFO | __main__:start_all_monitors:158 | 摄像头 一层贵重物品区摄像头1 (ID: 4) 使用YOLO配置: 默认全局池
2026-01-29 10:55:26 | INFO | camera_monitor:__init__:43 | 摄像头 一层贵重物品区摄像头1 (ID: 4) RTSP URL: rtsp://admin:khjy%40321@192.168.100.110:554/cam/realmonitor?channel=1&subtype=1
2026-01-29 10:55:26 | INFO | image_detection:__init__:32 | 初始化背景建模检测器
2026-01-29 10:55:26 | INFO | image_storage:__init__:37 | 图片保存目录: D:\appdata\uploadPath\caseapp
2026-01-29 10:55:26 | INFO | camera_monitor:__init__:58 | 摄像头 一层贵重物品区摄像头1 将创建独立YOLO实例
2026-01-29 10:55:26 | INFO | camera_monitor:_worker_process:156 | 后台工作线程开始运行 - 摄像头: 一层贵重物品区摄像头1
2026-01-29 10:55:26 | INFO | camera_monitor:start:118 | 后台工作线程已启动: 一层贵重物品区摄像头1 (ID: 4)
2026-01-29 10:55:26 | INFO | camera_monitor:_connect_rtsp:447 | 正在连接RTSP流: rtsp://admin:khjy%40321@192.168.100.110:554/cam/realmonitor?channel=1&subtype=1
2026-01-29 10:55:26 | INFO | camera_monitor:start:127 | 开始监测摄像头: 一层贵重物品区摄像头1 (ID: 4)
2026-01-29 10:55:27 | INFO | __main__:start_all_monitors:173 | ========== RTSP监测服务启动完成 ==========
2026-01-29 10:55:28 | INFO | camera_monitor:_connect_rtsp:465 | RTSP连接成功
2026-01-29 10:55:28 | INFO | video_stream_reader:__init__:53 | [一层贵重物品区摄像头1] VideoStreamReader: 使用已有VideoCapture对象
2026-01-29 10:55:28 | DEBUG | video_stream_reader:_update_loop:105 | [一层贵重物品区摄像头1] VideoStreamReader 更新线程已启动
2026-01-29 10:55:28 | DEBUG | video_stream_reader:_wait_for_first_frame:97 | [一层贵重物品区摄像头1] VideoStreamReader: 首帧已就绪
2026-01-29 10:55:28 | INFO | video_stream_reader:__init__:82 | ✓ [一层贵重物品区摄像头1] VideoStreamReader 已启动 - 独立线程将持续读取最新帧，彻底解决缓冲区积压
2026-01-29 10:55:28 | INFO | camera_monitor:_monitor_loop:223 | 摄像头 一层贵重物品区摄像头1 正在初始化，快速跳过前3帧...
2026-01-29 10:55:28 | INFO | camera_monitor:_monitor_loop:233 | 摄像头 一层贵重物品区摄像头1 背景建模学习中，请等待30秒...
2026-01-29 10:55:58 | INFO | video_stream_reader:_update_loop:149 | [一层贵重物品区摄像头1] VideoStreamReader 统计 - 总读取: 762帧, 总丢弃: 761帧 (99.9%), 说明主线程使用了 0.1% 的帧
2026-01-29 10:55:58 | ERROR | camera_monitor:_connect_rtsp:498 | RTSP连接失败
2026-01-29 10:55:58 | WARNING | camera_monitor:_monitor_loop:212 | 摄像头 一层贵重物品区摄像头1 连接失败，5秒后重试 (尝试 1/3)
2026-01-29 10:55:58 | INFO | camera_monitor:_monitor_loop:253 | 摄像头 一层贵重物品区摄像头1 开始正常监测...
2026-01-29 10:55:58 | WARNING | image_detection:_calculate_background_subtraction:149 | ⚠️  背景建模原始前景比例极低: 0.0000%，可能原因：1)学习阶段画面中有运动物体 2)方差阈值太高 3)背景模型未正确建立
2026-01-29 10:55:59 | DEBUG | image_detection:_calculate_background_subtraction:136 | 检测到前景 (4.687%)，暂停背景学习，避免前景被学习成背景
2026-01-29 10:55:59 | WARNING | image_detection:_calculate_background_subtraction:168 | ⚠️  过滤可能过于激进：原始前景 4.69% -> 处理后 0.059%（形态学操作: 1, 最小区域: 50）建议：降低min_change_area或减小形态学核大小
2026-01-29 10:56:00 | DEBUG | image_detection:_calculate_background_subtraction:136 | 检测到前景 (5.150%)，暂停背景学习，避免前景被学习成背景
2026-01-29 10:56:00 | WARNING | image_detection:_calculate_background_subtraction:168 | ⚠️  过滤可能过于激进：原始前景 5.15% -> 处理后 0.093%（形态学操作: 1, 最小区域: 50）建议：降低min_change_area或减小形态学核大小
2026-01-29 10:56:01 | DEBUG | image_detection:_calculate_background_subtraction:136 | 检测到前景 (5.479%)，暂停背景学习，避免前景被学习成背景
2026-01-29 10:56:02 | DEBUG | image_detection:_calculate_background_subtraction:136 | 检测到前景 (5.870%)，暂停背景学习，避免前景被学习成背景
2026-01-29 10:56:03 | INFO | camera_monitor:_connect_rtsp:447 | 正在连接RTSP流: rtsp://admin:khjy%40321@192.168.100.110:554/cam/realmonitor?channel=1&subtype=1
2026-01-29 10:56:03 | DEBUG | image_detection:_calculate_background_subtraction:136 | 检测到前景 (5.409%)，暂停背景学习，避免前景被学习成背景
2026-01-29 10:56:04 | DEBUG | image_detection:_calculate_background_subtraction:136 | 检测到前景 (5.889%)，暂停背景学习，避免前景被学习成背景
2026-01-29 10:56:05 | DEBUG | image_detection:_calculate_background_subtraction:136 | 检测到前景 (5.396%)，暂停背景学习，避免前景被学习成背景
2026-01-29 10:56:06 | DEBUG | image_detection:_calculate_background_subtraction:136 | 检测到前景 (5.959%)，暂停背景学习，避免前景被学习成背景
2026-01-29 10:56:07 | DEBUG | image_detection:_calculate_background_subtraction:136 | 检测到前景 (5.745%)，暂停背景学习，避免前景被学习成背景
2026-01-29 10:56:08 | DEBUG | image_detection:_calculate_background_subtraction:136 | 检测到前景 (6.173%)，暂停背景学习，避免前景被学习成背景
2026-01-29 10:56:09 | DEBUG | image_detection:_calculate_background_subtraction:136 | 检测到前景 (6.052%)，暂停背景学习，避免前景被学习成背景
2026-01-29 10:56:10 | DEBUG | image_detection:_calculate_background_subtraction:136 | 检测到前景 (6.774%)，暂停背景学习，避免前景被学习成背景
2026-01-29 10:56:11 | DEBUG | image_detection:_calculate_background_subtraction:136 | 检测到前景 (5.497%)，暂停背景学习，避免前景被学习成背景
2026-01-29 10:56:12 | DEBUG | image_detection:_calculate_background_subtraction:136 | 检测到前景 (6.026%)，暂停背景学习，避免前景被学习成背景
2026-01-29 10:56:13 | DEBUG | image_detection:_calculate_background_subtraction:136 | 检测到前景 (5.911%)，暂停背景学习，避免前景被学习成背景
2026-01-29 10:56:14 | DEBUG | image_detection:_calculate_background_subtraction:136 | 检测到前景 (14.794%)，暂停背景学习，避免前景被学习成背景
2026-01-29 10:56:15 | DEBUG | image_detection:_calculate_background_subtraction:136 | 检测到前景 (17.477%)，暂停背景学习，避免前景被学习成背景
2026-01-29 10:56:16 | DEBUG | image_detection:_calculate_background_subtraction:136 | 检测到前景 (20.326%)，暂停背景学习，避免前景被学习成背景
2026-01-29 10:56:17 | DEBUG | image_detection:_calculate_background_subtraction:136 | 检测到前景 (19.137%)，暂停背景学习，避免前景被学习成背景
2026-01-29 10:56:18 | DEBUG | image_detection:_calculate_background_subtraction:136 | 检测到前景 (22.824%)，暂停背景学习，避免前景被学习成背景
2026-01-29 10:56:19 | DEBUG | image_detection:_calculate_background_subtraction:136 | 检测到前景 (24.238%)，暂停背景学习，避免前景被学习成背景
2026-01-29 10:56:19 | INFO | camera_monitor:_monitor_loop:300 | 摄像头 一层贵重物品区摄像头1 检测到变化...
2026-01-29 10:56:20 | DEBUG | image_detection:_calculate_background_subtraction:136 | 检测到前景 (25.095%)，暂停背景学习，避免前景被学习成背景
2026-01-29 10:56:20 | INFO | camera_monitor:_monitor_loop:300 | 摄像头 一层贵重物品区摄像头1 检测到变化...
2026-01-29 10:56:21 | DEBUG | image_detection:_calculate_background_subtraction:136 | 检测到前景 (24.517%)，暂停背景学习，避免前景被学习成背景
2026-01-29 10:56:21 | INFO | camera_monitor:_monitor_loop:300 | 摄像头 一层贵重物品区摄像头1 检测到变化...
2026-01-29 10:56:22 | DEBUG | image_detection:_calculate_background_subtraction:136 | 检测到前景 (24.588%)，暂停背景学习，避免前景被学习成背景
2026-01-29 10:56:22 | INFO | camera_monitor:_monitor_loop:300 | 摄像头 一层贵重物品区摄像头1 检测到变化...
2026-01-29 10:56:23 | DEBUG | image_detection:_calculate_background_subtraction:136 | 检测到前景 (24.561%)，暂停背景学习，避免前景被学习成背景
2026-01-29 10:56:23 | DEBUG | image_detection:_filter_small_areas:213 | 过滤了小区域，过滤面积: 37354.5像素 (1.801%)，保留区域数: 134
2026-01-29 10:56:23 | INFO | camera_monitor:_monitor_loop:300 | 摄像头 一层贵重物品区摄像头1 检测到变化...
2026-01-29 10:56:24 | DEBUG | image_detection:_calculate_background_subtraction:136 | 检测到前景 (25.161%)，暂停背景学习，避免前景被学习成背景
2026-01-29 10:56:24 | INFO | camera_monitor:_monitor_loop:300 | 摄像头 一层贵重物品区摄像头1 检测到变化...
2026-01-29 10:56:25 | DEBUG | image_detection:_calculate_background_subtraction:136 | 检测到前景 (25.314%)，暂停背景学习，避免前景被学习成背景
2026-01-29 10:56:25 | INFO | camera_monitor:_monitor_loop:300 | 摄像头 一层贵重物品区摄像头1 检测到变化...
2026-01-29 10:56:26 | DEBUG | image_detection:_calculate_background_subtraction:136 | 检测到前景 (26.060%)，暂停背景学习，避免前景被学习成背景
2026-01-29 10:56:26 | INFO | camera_monitor:_monitor_loop:300 | 摄像头 一层贵重物品区摄像头1 检测到变化...
2026-01-29 10:56:27 | DEBUG | image_detection:_calculate_background_subtraction:136 | 检测到前景 (25.335%)，暂停背景学习，避免前景被学习成背景
2026-01-29 10:56:27 | INFO | camera_monitor:_monitor_loop:300 | 摄像头 一层贵重物品区摄像头1 检测到变化...
2026-01-29 10:56:28 | INFO | video_stream_reader:_update_loop:149 | [一层贵重物品区摄像头1] VideoStreamReader 统计 - 总读取: 751帧, 总丢弃: 751帧 (100.0%), 说明主线程使用了 0.0% 的帧
2026-01-29 10:56:28 | DEBUG | image_detection:_calculate_background_subtraction:136 | 检测到前景 (26.420%)，暂停背景学习，避免前景被学习成背景
2026-01-29 10:56:28 | INFO | camera_monitor:_monitor_loop:300 | 摄像头 一层贵重物品区摄像头1 检测到变化...
2026-01-29 10:56:29 | DEBUG | image_detection:_calculate_background_subtraction:136 | 检测到前景 (25.065%)，暂停背景学习，避免前景被学习成背景
2026-01-29 10:56:29 | INFO | camera_monitor:_monitor_loop:300 | 摄像头 一层贵重物品区摄像头1 检测到变化...
2026-01-29 10:56:30 | DEBUG | image_detection:_calculate_background_subtraction:136 | 检测到前景 (25.240%)，暂停背景学习，避免前景被学习成背景
2026-01-29 10:56:30 | INFO | camera_monitor:_monitor_loop:300 | 摄像头 一层贵重物品区摄像头1 检测到变化...
2026-01-29 10:56:31 | DEBUG | image_detection:_calculate_background_subtraction:136 | 检测到前景 (24.666%)，暂停背景学习，避免前景被学习成背景
2026-01-29 10:56:31 | INFO | camera_monitor:_monitor_loop:300 | 摄像头 一层贵重物品区摄像头1 检测到变化...
2026-01-29 10:56:32 | DEBUG | image_detection:_calculate_background_subtraction:136 | 检测到前景 (24.605%)，暂停背景学习，避免前景被学习成背景
2026-01-29 10:56:32 | INFO | camera_monitor:_monitor_loop:300 | 摄像头 一层贵重物品区摄像头1 检测到变化...
2026-01-29 10:56:33 | DEBUG | image_detection:_calculate_background_subtraction:136 | 检测到前景 (24.503%)，暂停背景学习，避免前景被学习成背景
2026-01-29 10:56:33 | INFO | camera_monitor:_monitor_loop:300 | 摄像头 一层贵重物品区摄像头1 检测到变化...
2026-01-29 10:56:34 | ERROR | camera_monitor:_connect_rtsp:498 | RTSP连接失败
2026-01-29 10:56:34 | WARNING | camera_monitor:_monitor_loop:212 | 摄像头 一层贵重物品区摄像头1 连接失败，5秒后重试 (尝试 2/3)
2026-01-29 10:56:34 | DEBUG | image_detection:_calculate_background_subtraction:136 | 检测到前景 (25.087%)，暂停背景学习，避免前景被学习成背景
2026-01-29 10:56:34 | INFO | camera_monitor:_monitor_loop:300 | 摄像头 一层贵重物品区摄像头1 检测到变化...
2026-01-29 10:56:35 | DEBUG | image_detection:_calculate_background_subtraction:136 | 检测到前景 (24.871%)，暂停背景学习，避免前景被学习成背景
2026-01-29 10:56:35 | INFO | camera_monitor:_monitor_loop:300 | 摄像头 一层贵重物品区摄像头1 检测到变化...
2026-01-29 10:56:36 | DEBUG | image_detection:_calculate_background_subtraction:136 | 检测到前景 (25.228%)，暂停背景学习，避免前景被学习成背景
2026-01-29 10:56:36 | INFO | camera_monitor:_monitor_loop:300 | 摄像头 一层贵重物品区摄像头1 检测到变化...
2026-01-29 10:56:37 | DEBUG | image_detection:_calculate_background_subtraction:136 | 检测到前景 (25.281%)，暂停背景学习，避免前景被学习成背景
2026-01-29 10:56:37 | INFO | camera_monitor:_monitor_loop:300 | 摄像头 一层贵重物品区摄像头1 检测到变化...
2026-01-29 10:56:38 | DEBUG | image_detection:_calculate_background_subtraction:136 | 检测到前景 (25.778%)，暂停背景学习，避免前景被学习成背景
2026-01-29 10:56:38 | INFO | camera_monitor:_monitor_loop:300 | 摄像头 一层贵重物品区摄像头1 检测到变化...
2026-01-29 10:56:39 | INFO | camera_monitor:_connect_rtsp:447 | 正在连接RTSP流: rtsp://admin:khjy%40321@192.168.100.110:554/cam/realmonitor?channel=1&subtype=1
2026-01-29 10:56:39 | DEBUG | image_detection:_calculate_background_subtraction:136 | 检测到前景 (25.441%)，暂停背景学习，避免前景被学习成背景
2026-01-29 10:56:39 | INFO | camera_monitor:_monitor_loop:300 | 摄像头 一层贵重物品区摄像头1 检测到变化...
2026-01-29 10:56:40 | DEBUG | image_detection:_calculate_background_subtraction:136 | 检测到前景 (22.290%)，暂停背景学习，避免前景被学习成背景
2026-01-29 10:56:40 | DEBUG | image_detection:_filter_small_areas:213 | 过滤了小区域，过滤面积: 37794.5像素 (1.823%)，保留区域数: 187
2026-01-29 10:56:40 | INFO | camera_monitor:_monitor_loop:300 | 摄像头 一层贵重物品区摄像头1 检测到变化...
2026-01-29 10:56:41 | DEBUG | image_detection:_calculate_background_subtraction:136 | 检测到前景 (24.935%)，暂停背景学习，避免前景被学习成背景
2026-01-29 10:56:41 | INFO | camera_monitor:_monitor_loop:300 | 摄像头 一层贵重物品区摄像头1 检测到变化...
2026-01-29 10:56:42 | DEBUG | image_detection:_calculate_background_subtraction:136 | 检测到前景 (21.799%)，暂停背景学习，避免前景被学习成背景
2026-01-29 10:56:42 | INFO | camera_monitor:_monitor_loop:300 | 摄像头 一层贵重物品区摄像头1 检测到变化...
2026-01-29 10:56:43 | DEBUG | image_detection:_calculate_background_subtraction:136 | 检测到前景 (24.856%)，暂停背景学习，避免前景被学习成背景
2026-01-29 10:56:43 | INFO | camera_monitor:_monitor_loop:300 | 摄像头 一层贵重物品区摄像头1 检测到变化...
2026-01-29 10:56:44 | DEBUG | image_detection:_calculate_background_subtraction:136 | 检测到前景 (21.206%)，暂停背景学习，避免前景被学习成背景
2026-01-29 10:56:44 | DEBUG | image_detection:_filter_small_areas:213 | 过滤了小区域，过滤面积: 35246.5像素 (1.700%)，保留区域数: 162
2026-01-29 10:56:44 | INFO | camera_monitor:_monitor_loop:300 | 摄像头 一层贵重物品区摄像头1 检测到变化...
2026-01-29 10:56:45 | DEBUG | image_detection:_calculate_background_subtraction:136 | 检测到前景 (23.801%)，暂停背景学习，避免前景被学习成背景
2026-01-29 10:56:45 | INFO | camera_monitor:_monitor_loop:300 | 摄像头 一层贵重物品区摄像头1 检测到变化...
2026-01-29 10:56:46 | DEBUG | image_detection:_calculate_background_subtraction:136 | 检测到前景 (20.439%)，暂停背景学习，避免前景被学习成背景
2026-01-29 10:56:46 | INFO | camera_monitor:_monitor_loop:300 | 摄像头 一层贵重物品区摄像头1 检测到变化...
2026-01-29 10:56:47 | DEBUG | image_detection:_calculate_background_subtraction:136 | 检测到前景 (23.676%)，暂停背景学习，避免前景被学习成背景
2026-01-29 10:56:48 | DEBUG | image_detection:_calculate_background_subtraction:136 | 检测到前景 (22.991%)，暂停背景学习，避免前景被学习成背景
2026-01-29 10:56:49 | DEBUG | image_detection:_calculate_background_subtraction:136 | 检测到前景 (25.552%)，暂停背景学习，避免前景被学习成背景
2026-01-29 10:56:49 | INFO | camera_monitor:_monitor_loop:300 | 摄像头 一层贵重物品区摄像头1 检测到变化...
2026-01-29 10:56:50 | DEBUG | image_detection:_calculate_background_subtraction:136 | 检测到前景 (23.811%)，暂停背景学习，避免前景被学习成背景
2026-01-29 10:56:50 | INFO | camera_monitor:_monitor_loop:300 | 摄像头 一层贵重物品区摄像头1 检测到变化...
2026-01-29 10:56:51 | DEBUG | image_detection:_calculate_background_subtraction:136 | 检测到前景 (24.597%)，暂停背景学习，避免前景被学习成背景
2026-01-29 10:56:52 | DEBUG | image_detection:_calculate_background_subtraction:136 | 检测到前景 (22.343%)，暂停背景学习，避免前景被学习成背景
2026-01-29 10:56:53 | DEBUG | image_detection:_calculate_background_subtraction:136 | 检测到前景 (23.785%)，暂停背景学习，避免前景被学习成背景
2026-01-29 10:56:54 | DEBUG | image_detection:_calculate_background_subtraction:136 | 检测到前景 (19.754%)，暂停背景学习，避免前景被学习成背景
2026-01-29 10:56:55 | DEBUG | image_detection:_calculate_background_subtraction:136 | 检测到前景 (21.356%)，暂停背景学习，避免前景被学习成背景
2026-01-29 10:56:56 | DEBUG | image_detection:_calculate_background_subtraction:136 | 检测到前景 (17.638%)，暂停背景学习，避免前景被学习成背景
2026-01-29 10:56:57 | DEBUG | image_detection:_calculate_background_subtraction:136 | 检测到前景 (19.789%)，暂停背景学习，避免前景被学习成背景
2026-01-29 10:56:58 | INFO | video_stream_reader:_update_loop:149 | [一层贵重物品区摄像头1] VideoStreamReader 统计 - 总读取: 751帧, 总丢弃: 751帧 (100.0%), 说明主线程使用了 0.0% 的帧
2026-01-29 10:56:58 | DEBUG | image_detection:_calculate_background_subtraction:136 | 检测到前景 (17.833%)，暂停背景学习，避免前景被学习成背景
2026-01-29 10:56:59 | DEBUG | image_detection:_calculate_background_subtraction:136 | 检测到前景 (19.863%)，暂停背景学习，避免前景被学习成背景
2026-01-29 10:56:59 | INFO | camera_monitor:_monitor_loop:300 | 摄像头 一层贵重物品区摄像头1 检测到变化...
2026-01-29 10:57:00 | DEBUG | image_detection:_calculate_background_subtraction:136 | 检测到前景 (17.529%)，暂停背景学习，避免前景被学习成背景
2026-01-29 10:57:00 | DEBUG | image_detection:_filter_small_areas:213 | 过滤了小区域，过滤面积: 23492.0像素 (1.133%)，保留区域数: 117
2026-01-29 10:57:00 | INFO | camera_monitor:_monitor_loop:300 | 摄像头 一层贵重物品区摄像头1 检测到变化...
2026-01-29 10:57:01 | DEBUG | image_detection:_calculate_background_subtraction:136 | 检测到前景 (19.857%)，暂停背景学习，避免前景被学习成背景
2026-01-29 10:57:02 | DEBUG | image_detection:_calculate_background_subtraction:136 | 检测到前景 (17.880%)，暂停背景学习，避免前景被学习成背景
2026-01-29 10:57:03 | DEBUG | image_detection:_calculate_background_subtraction:136 | 检测到前景 (19.711%)，暂停背景学习，避免前景被学习成背景
2026-01-29 10:57:04 | DEBUG | image_detection:_calculate_background_subtraction:136 | 检测到前景 (18.143%)，暂停背景学习，避免前景被学习成背景
2026-01-29 10:57:05 | DEBUG | image_detection:_calculate_background_subtraction:136 | 检测到前景 (19.967%)，暂停背景学习，避免前景被学习成背景
2026-01-29 10:57:05 | INFO | camera_monitor:_monitor_loop:300 | 摄像头 一层贵重物品区摄像头1 检测到变化...
2026-01-29 10:57:06 | DEBUG | image_detection:_calculate_background_subtraction:136 | 检测到前景 (19.398%)，暂停背景学习，避免前景被学习成背景
2026-01-29 10:57:07 | DEBUG | image_detection:_calculate_background_subtraction:136 | 检测到前景 (23.223%)，暂停背景学习，避免前景被学习成背景
2026-01-29 10:57:08 | DEBUG | image_detection:_calculate_background_subtraction:136 | 检测到前景 (22.353%)，暂停背景学习，避免前景被学习成背景
2026-01-29 10:57:09 | DEBUG | image_detection:_calculate_background_subtraction:136 | 检测到前景 (23.800%)，暂停背景学习，避免前景被学习成背景
2026-01-29 10:57:10 | ERROR | camera_monitor:_connect_rtsp:498 | RTSP连接失败
2026-01-29 10:57:10 | INFO | camera_monitor:_worker_process:202 | 后台工作线程已停止 - 摄像头: 一层贵重物品区摄像头1
2026-01-29 10:57:10 | DEBUG | image_detection:_calculate_background_subtraction:136 | 检测到前景 (20.955%)，暂停背景学习，避免前景被学习成背景
2026-01-29 10:57:10 | DEBUG | image_detection:_filter_small_areas:213 | 过滤了小区域，过滤面积: 29515.5像素 (1.423%)，保留区域数: 126
2026-01-29 10:57:11 | DEBUG | image_detection:_calculate_background_subtraction:136 | 检测到前景 (22.186%)，暂停背景学习，避免前景被学习成背景
2026-01-29 10:57:11 | INFO | camera_monitor:_monitor_loop:300 | 摄像头 一层贵重物品区摄像头1 检测到变化...
2026-01-29 10:57:12 | DEBUG | image_detection:_calculate_background_subtraction:136 | 检测到前景 (20.290%)，暂停背景学习，避免前景被学习成背景
2026-01-29 10:57:12 | INFO | camera_monitor:_monitor_loop:300 | 摄像头 一层贵重物品区摄像头1 检测到变化...
2026-01-29 10:57:13 | DEBUG | image_detection:_calculate_background_subtraction:136 | 检测到前景 (20.960%)，暂停背景学习，避免前景被学习成背景
2026-01-29 10:57:13 | INFO | camera_monitor:_monitor_loop:300 | 摄像头 一层贵重物品区摄像头1 检测到变化...
2026-01-29 10:57:14 | DEBUG | image_detection:_calculate_background_subtraction:136 | 检测到前景 (19.379%)，暂停背景学习，避免前景被学习成背景
2026-01-29 10:57:14 | INFO | camera_monitor:_monitor_loop:300 | 摄像头 一层贵重物品区摄像头1 检测到变化...
2026-01-29 10:57:15 | DEBUG | image_detection:_calculate_background_subtraction:136 | 检测到前景 (20.672%)，暂停背景学习，避免前景被学习成背景
2026-01-29 10:57:15 | INFO | camera_monitor:_monitor_loop:300 | 摄像头 一层贵重物品区摄像头1 检测到变化...
2026-01-29 10:57:16 | DEBUG | image_detection:_calculate_background_subtraction:136 | 检测到前景 (20.538%)，暂停背景学习，避免前景被学习成背景
2026-01-29 10:57:17 | INFO | camera_monitor:_monitor_loop:300 | 摄像头 一层贵重物品区摄像头1 检测到变化...
2026-01-29 10:57:17 | DEBUG | image_detection:_calculate_background_subtraction:136 | 检测到前景 (21.608%)，暂停背景学习，避免前景被学习成背景
2026-01-29 10:57:18 | INFO | camera_monitor:_monitor_loop:300 | 摄像头 一层贵重物品区摄像头1 检测到变化...
2026-01-29 10:57:18 | WARNING | __main__:restart_monitor:219 | 摄像头 4 (一层贵重物品区摄像头1) 监测已停止，尝试重启 (1/10)
2026-01-29 10:57:18 | INFO | camera_monitor:stop:150 | 停止监测摄像头: 一层贵重物品区摄像头1 (ID: 4)
2026-01-29 10:57:18 | INFO | camera_monitor:__init__:43 | 摄像头 一层贵重物品区摄像头1 (ID: 4) RTSP URL: rtsp://admin:khjy%40321@192.168.100.110:554/cam/realmonitor?channel=1&subtype=1
2026-01-29 10:57:18 | INFO | image_detection:__init__:32 | 初始化背景建模检测器
2026-01-29 10:57:18 | INFO | image_storage:__init__:37 | 图片保存目录: D:\appdata\uploadPath\caseapp
2026-01-29 10:57:18 | INFO | camera_monitor:__init__:58 | 摄像头 一层贵重物品区摄像头1 将创建独立YOLO实例
2026-01-29 10:57:18 | INFO | camera_monitor:_worker_process:156 | 后台工作线程开始运行 - 摄像头: 一层贵重物品区摄像头1
2026-01-29 10:57:18 | INFO | camera_monitor:start:118 | 后台工作线程已启动: 一层贵重物品区摄像头1 (ID: 4)
2026-01-29 10:57:18 | INFO | camera_monitor:_connect_rtsp:447 | 正在连接RTSP流: rtsp://admin:khjy%40321@192.168.100.110:554/cam/realmonitor?channel=1&subtype=1
2026-01-29 10:57:18 | INFO | camera_monitor:start:127 | 开始监测摄像头: 一层贵重物品区摄像头1 (ID: 4)
2026-01-29 10:57:18 | INFO | __main__:restart_monitor:244 | 摄像头 4 (一层贵重物品区摄像头1) 重启成功
2026-01-29 10:57:18 | DEBUG | image_detection:_calculate_background_subtraction:136 | 检测到前景 (20.770%)，暂停背景学习，避免前景被学习成背景
2026-01-29 10:57:19 | DEBUG | image_detection:_filter_small_areas:213 | 过滤了小区域，过滤面积: 28137.0像素 (1.357%)，保留区域数: 140
2026-01-29 10:57:19 | INFO | camera_monitor:_monitor_loop:300 | 摄像头 一层贵重物品区摄像头1 检测到变化...
2026-01-29 10:57:20 | DEBUG | image_detection:_calculate_background_subtraction:136 | 检测到前景 (22.198%)，暂停背景学习，避免前景被学习成背景
2026-01-29 10:57:20 | INFO | camera_monitor:_monitor_loop:300 | 摄像头 一层贵重物品区摄像头1 检测到变化...
2026-01-29 10:57:21 | DEBUG | image_detection:_calculate_background_subtraction:136 | 检测到前景 (21.248%)，暂停背景学习，避免前景被学习成背景
2026-01-29 10:57:21 | INFO | camera_monitor:_monitor_loop:300 | 摄像头 一层贵重物品区摄像头1 检测到变化...
2026-01-29 10:57:22 | DEBUG | image_detection:_calculate_background_subtraction:136 | 检测到前景 (22.252%)，暂停背景学习，避免前景被学习成背景
2026-01-29 10:57:22 | DEBUG | image_detection:_filter_small_areas:213 | 过滤了小区域，过滤面积: 27576.5像素 (1.330%)，保留区域数: 128
2026-01-29 10:57:22 | INFO | camera_monitor:_monitor_loop:300 | 摄像头 一层贵重物品区摄像头1 检测到变化...
2026-01-29 10:57:23 | DEBUG | image_detection:_calculate_background_subtraction:136 | 检测到前景 (20.915%)，暂停背景学习，避免前景被学习成背景
2026-01-29 10:57:23 | INFO | camera_monitor:_monitor_loop:300 | 摄像头 一层贵重物品区摄像头1 检测到变化...
2026-01-29 10:57:24 | DEBUG | image_detection:_calculate_background_subtraction:136 | 检测到前景 (22.091%)，暂停背景学习，避免前景被学习成背景
2026-01-29 10:57:24 | INFO | camera_monitor:_monitor_loop:300 | 摄像头 一层贵重物品区摄像头1 检测到变化...
2026-01-29 10:57:25 | DEBUG | image_detection:_calculate_background_subtraction:136 | 检测到前景 (21.121%)，暂停背景学习，避免前景被学习成背景
2026-01-29 10:57:25 | DEBUG | image_detection:_filter_small_areas:213 | 过滤了小区域，过滤面积: 28792.0像素 (1.389%)，保留区域数: 131
2026-01-29 10:57:25 | INFO | camera_monitor:_monitor_loop:300 | 摄像头 一层贵重物品区摄像头1 检测到变化...
2026-01-29 10:57:26 | DEBUG | image_detection:_calculate_background_subtraction:136 | 检测到前景 (22.136%)，暂停背景学习，避免前景被学习成背景
2026-01-29 10:57:26 | INFO | camera_monitor:_monitor_loop:300 | 摄像头 一层贵重物品区摄像头1 检测到变化...
2026-01-29 10:57:27 | DEBUG | image_detection:_calculate_background_subtraction:136 | 检测到前景 (20.599%)，暂停背景学习，避免前景被学习成背景
2026-01-29 10:57:27 | DEBUG | image_detection:_filter_small_areas:213 | 过滤了小区域，过滤面积: 26779.0像素 (1.291%)，保留区域数: 133
2026-01-29 10:57:27 | INFO | camera_monitor:_monitor_loop:300 | 摄像头 一层贵重物品区摄像头1 检测到变化...
2026-01-29 10:57:28 | DEBUG | image_detection:_calculate_background_subtraction:136 | 检测到前景 (23.380%)，暂停背景学习，避免前景被学习成背景
2026-01-29 10:57:28 | INFO | camera_monitor:_monitor_loop:300 | 摄像头 一层贵重物品区摄像头1 检测到变化...
2026-01-29 10:57:28 | INFO | video_stream_reader:_update_loop:149 | [一层贵重物品区摄像头1] VideoStreamReader 统计 - 总读取: 751帧, 总丢弃: 751帧 (100.0%), 说明主线程使用了 0.0% 的帧
2026-01-29 10:57:29 | DEBUG | image_detection:_calculate_background_subtraction:136 | 检测到前景 (22.602%)，暂停背景学习，避免前景被学习成背景
2026-01-29 10:57:29 | INFO | camera_monitor:_monitor_loop:300 | 摄像头 一层贵重物品区摄像头1 检测到变化...
2026-01-29 10:57:30 | DEBUG | image_detection:_calculate_background_subtraction:136 | 检测到前景 (23.459%)，暂停背景学习，避免前景被学习成背景
2026-01-29 10:57:30 | INFO | camera_monitor:_monitor_loop:300 | 摄像头 一层贵重物品区摄像头1 检测到变化...
2026-01-29 10:57:31 | DEBUG | image_detection:_calculate_background_subtraction:136 | 检测到前景 (23.160%)，暂停背景学习，避免前景被学习成背景
2026-01-29 10:57:31 | INFO | camera_monitor:_monitor_loop:300 | 摄像头 一层贵重物品区摄像头1 检测到变化...
2026-01-29 10:57:32 | DEBUG | image_detection:_calculate_background_subtraction:136 | 检测到前景 (23.673%)，暂停背景学习，避免前景被学习成背景
2026-01-29 10:57:32 | INFO | camera_monitor:_monitor_loop:300 | 摄像头 一层贵重物品区摄像头1 检测到变化...
2026-01-29 10:57:33 | DEBUG | image_detection:_calculate_background_subtraction:136 | 检测到前景 (23.047%)，暂停背景学习，避免前景被学习成背景
2026-01-29 10:57:33 | INFO | camera_monitor:_monitor_loop:300 | 摄像头 一层贵重物品区摄像头1 检测到变化...
2026-01-29 10:57:34 | DEBUG | image_detection:_calculate_background_subtraction:136 | 检测到前景 (23.495%)，暂停背景学习，避免前景被学习成背景
2026-01-29 10:57:34 | INFO | camera_monitor:_monitor_loop:300 | 摄像头 一层贵重物品区摄像头1 检测到变化...
2026-01-29 10:57:35 | DEBUG | image_detection:_calculate_background_subtraction:136 | 检测到前景 (22.049%)，暂停背景学习，避免前景被学习成背景
2026-01-29 10:57:35 | INFO | camera_monitor:_monitor_loop:300 | 摄像头 一层贵重物品区摄像头1 检测到变化...
2026-01-29 10:57:36 | DEBUG | image_detection:_calculate_background_subtraction:136 | 检测到前景 (22.545%)，暂停背景学习，避免前景被学习成背景
2026-01-29 10:57:36 | INFO | camera_monitor:_monitor_loop:300 | 摄像头 一层贵重物品区摄像头1 检测到变化...
2026-01-29 10:57:37 | DEBUG | image_detection:_calculate_background_subtraction:136 | 检测到前景 (21.684%)，暂停背景学习，避免前景被学习成背景
2026-01-29 10:57:37 | INFO | camera_monitor:_monitor_loop:300 | 摄像头 一层贵重物品区摄像头1 检测到变化...
2026-01-29 10:57:38 | DEBUG | image_detection:_calculate_background_subtraction:136 | 检测到前景 (22.352%)，暂停背景学习，避免前景被学习成背景
2026-01-29 10:57:38 | INFO | camera_monitor:_monitor_loop:300 | 摄像头 一层贵重物品区摄像头1 检测到变化...
2026-01-29 10:57:39 | DEBUG | image_detection:_calculate_background_subtraction:136 | 检测到前景 (21.482%)，暂停背景学习，避免前景被学习成背景
2026-01-29 10:57:39 | INFO | camera_monitor:_monitor_loop:300 | 摄像头 一层贵重物品区摄像头1 检测到变化...
2026-01-29 10:57:40 | DEBUG | image_detection:_calculate_background_subtraction:136 | 检测到前景 (21.871%)，暂停背景学习，避免前景被学习成背景
2026-01-29 10:57:40 | INFO | camera_monitor:_monitor_loop:300 | 摄像头 一层贵重物品区摄像头1 检测到变化...
2026-01-29 10:57:41 | DEBUG | image_detection:_calculate_background_subtraction:136 | 检测到前景 (21.144%)，暂停背景学习，避免前景被学习成背景
2026-01-29 10:57:41 | INFO | camera_monitor:_monitor_loop:300 | 摄像头 一层贵重物品区摄像头1 检测到变化...
2026-01-29 10:57:42 | DEBUG | image_detection:_calculate_background_subtraction:136 | 检测到前景 (21.559%)，暂停背景学习，避免前景被学习成背景
2026-01-29 10:57:42 | INFO | camera_monitor:_monitor_loop:300 | 摄像头 一层贵重物品区摄像头1 检测到变化...
2026-01-29 10:57:43 | DEBUG | image_detection:_calculate_background_subtraction:136 | 检测到前景 (20.766%)，暂停背景学习，避免前景被学习成背景
2026-01-29 10:57:43 | INFO | camera_monitor:_monitor_loop:300 | 摄像头 一层贵重物品区摄像头1 检测到变化...
2026-01-29 10:57:44 | DEBUG | image_detection:_calculate_background_subtraction:136 | 检测到前景 (20.455%)，暂停背景学习，避免前景被学习成背景
2026-01-29 10:57:44 | INFO | camera_monitor:_monitor_loop:300 | 摄像头 一层贵重物品区摄像头1 检测到变化...
2026-01-29 10:57:45 | DEBUG | image_detection:_calculate_background_subtraction:136 | 检测到前景 (19.245%)，暂停背景学习，避免前景被学习成背景
2026-01-29 10:57:45 | INFO | camera_monitor:_monitor_loop:300 | 摄像头 一层贵重物品区摄像头1 检测到变化...
2026-01-29 10:57:46 | DEBUG | image_detection:_calculate_background_subtraction:136 | 检测到前景 (19.527%)，暂停背景学习，避免前景被学习成背景
2026-01-29 10:57:46 | INFO | camera_monitor:_monitor_loop:300 | 摄像头 一层贵重物品区摄像头1 检测到变化...
2026-01-29 10:57:47 | DEBUG | image_detection:_calculate_background_subtraction:136 | 检测到前景 (18.334%)，暂停背景学习，避免前景被学习成背景
2026-01-29 10:57:47 | INFO | camera_monitor:_monitor_loop:300 | 摄像头 一层贵重物品区摄像头1 检测到变化...
2026-01-29 10:57:48 | DEBUG | image_detection:_calculate_background_subtraction:136 | 检测到前景 (18.522%)，暂停背景学习，避免前景被学习成背景
2026-01-29 10:57:48 | INFO | camera_monitor:_monitor_loop:300 | 摄像头 一层贵重物品区摄像头1 检测到变化...
2026-01-29 10:57:49 | DEBUG | image_detection:_calculate_background_subtraction:136 | 检测到前景 (17.118%)，暂停背景学习，避免前景被学习成背景
2026-01-29 10:57:49 | INFO | camera_monitor:_monitor_loop:300 | 摄像头 一层贵重物品区摄像头1 检测到变化...
2026-01-29 10:57:49 | ERROR | camera_monitor:_connect_rtsp:498 | RTSP连接失败
2026-01-29 10:57:49 | WARNING | camera_monitor:_monitor_loop:212 | 摄像头 一层贵重物品区摄像头1 连接失败，5秒后重试 (尝试 1/3)
2026-01-29 10:57:50 | DEBUG | image_detection:_calculate_background_subtraction:136 | 检测到前景 (17.080%)，暂停背景学习，避免前景被学习成背景
2026-01-29 10:57:50 | INFO | camera_monitor:_monitor_loop:300 | 摄像头 一层贵重物品区摄像头1 检测到变化...
2026-01-29 10:57:51 | DEBUG | image_detection:_calculate_background_subtraction:136 | 检测到前景 (16.060%)，暂停背景学习，避免前景被学习成背景
2026-01-29 10:57:51 | INFO | camera_monitor:_monitor_loop:300 | 摄像头 一层贵重物品区摄像头1 检测到变化...
2026-01-29 10:57:52 | DEBUG | image_detection:_calculate_background_subtraction:136 | 检测到前景 (16.356%)，暂停背景学习，避免前景被学习成背景
2026-01-29 10:57:52 | INFO | camera_monitor:_monitor_loop:300 | 摄像头 一层贵重物品区摄像头1 检测到变化...
2026-01-29 10:57:53 | DEBUG | image_detection:_calculate_background_subtraction:136 | 检测到前景 (15.129%)，暂停背景学习，避免前景被学习成背景
2026-01-29 10:57:53 | INFO | camera_monitor:_monitor_loop:300 | 摄像头 一层贵重物品区摄像头1 检测到变化...
2026-01-29 10:57:54 | DEBUG | image_detection:_calculate_background_subtraction:136 | 检测到前景 (14.968%)，暂停背景学习，避免前景被学习成背景
2026-01-29 10:57:54 | INFO | camera_monitor:_monitor_loop:300 | 摄像头 一层贵重物品区摄像头1 检测到变化...
2026-01-29 10:57:54 | INFO | camera_monitor:_connect_rtsp:447 | 正在连接RTSP流: rtsp://admin:khjy%40321@192.168.100.110:554/cam/realmonitor?channel=1&subtype=1
2026-01-29 10:57:55 | DEBUG | image_detection:_calculate_background_subtraction:136 | 检测到前景 (14.073%)，暂停背景学习，避免前景被学习成背景
2026-01-29 10:57:55 | INFO | camera_monitor:_monitor_loop:300 | 摄像头 一层贵重物品区摄像头1 检测到变化...
2026-01-29 10:57:56 | DEBUG | image_detection:_calculate_background_subtraction:136 | 检测到前景 (14.262%)，暂停背景学习，避免前景被学习成背景
2026-01-29 10:57:56 | INFO | camera_monitor:_monitor_loop:300 | 摄像头 一层贵重物品区摄像头1 检测到变化...
2026-01-29 10:57:57 | DEBUG | image_detection:_calculate_background_subtraction:136 | 检测到前景 (13.590%)，暂停背景学习，避免前景被学习成背景
2026-01-29 10:57:57 | INFO | camera_monitor:_monitor_loop:300 | 摄像头 一层贵重物品区摄像头1 检测到变化...
2026-01-29 10:57:58 | INFO | video_stream_reader:_update_loop:149 | [一层贵重物品区摄像头1] VideoStreamReader 统计 - 总读取: 751帧, 总丢弃: 751帧 (100.0%), 说明主线程使用了 0.0% 的帧
2026-01-29 10:57:58 | DEBUG | image_detection:_calculate_background_subtraction:136 | 检测到前景 (13.233%)，暂停背景学习，避免前景被学习成背景
2026-01-29 10:57:58 | INFO | camera_monitor:_monitor_loop:300 | 摄像头 一层贵重物品区摄像头1 检测到变化...
2026-01-29 10:57:59 | DEBUG | image_detection:_calculate_background_subtraction:136 | 检测到前景 (12.298%)，暂停背景学习，避免前景被学习成背景
2026-01-29 10:57:59 | INFO | camera_monitor:_monitor_loop:300 | 摄像头 一层贵重物品区摄像头1 检测到变化...
2026-01-29 10:58:00 | DEBUG | image_detection:_calculate_background_subtraction:136 | 检测到前景 (12.926%)，暂停背景学习，避免前景被学习成背景
2026-01-29 10:58:00 | INFO | camera_monitor:_monitor_loop:300 | 摄像头 一层贵重物品区摄像头1 检测到变化...
2026-01-29 10:58:01 | DEBUG | image_detection:_calculate_background_subtraction:136 | 检测到前景 (11.843%)，暂停背景学习，避免前景被学习成背景
2026-01-29 10:58:01 | INFO | camera_monitor:_monitor_loop:300 | 摄像头 一层贵重物品区摄像头1 检测到变化...
2026-01-29 10:58:02 | DEBUG | image_detection:_calculate_background_subtraction:136 | 检测到前景 (12.738%)，暂停背景学习，避免前景被学习成背景
2026-01-29 10:58:02 | INFO | camera_monitor:_monitor_loop:300 | 摄像头 一层贵重物品区摄像头1 检测到变化...
2026-01-29 10:58:03 | DEBUG | image_detection:_calculate_background_subtraction:136 | 检测到前景 (12.195%)，暂停背景学习，避免前景被学习成背景
2026-01-29 10:58:03 | INFO | camera_monitor:_monitor_loop:300 | 摄像头 一层贵重物品区摄像头1 检测到变化...
2026-01-29 10:58:04 | DEBUG | image_detection:_calculate_background_subtraction:136 | 检测到前景 (12.331%)，暂停背景学习，避免前景被学习成背景
2026-01-29 10:58:05 | DEBUG | image_detection:_calculate_background_subtraction:136 | 检测到前景 (11.695%)，暂停背景学习，避免前景被学习成背景
2026-01-29 10:58:06 | DEBUG | image_detection:_calculate_background_subtraction:136 | 检测到前景 (12.058%)，暂停背景学习，避免前景被学习成背景
2026-01-29 10:58:07 | DEBUG | image_detection:_calculate_background_subtraction:136 | 检测到前景 (11.654%)，暂停背景学习，避免前景被学习成背景
2026-01-29 10:58:08 | DEBUG | image_detection:_calculate_background_subtraction:136 | 检测到前景 (11.405%)，暂停背景学习，避免前景被学习成背景
2026-01-29 10:58:08 | INFO | camera_monitor:_monitor_loop:300 | 摄像头 一层贵重物品区摄像头1 检测到变化...
2026-01-29 10:58:09 | DEBUG | image_detection:_calculate_background_subtraction:136 | 检测到前景 (10.950%)，暂停背景学习，避免前景被学习成背景
2026-01-29 10:58:09 | INFO | camera_monitor:_monitor_loop:300 | 摄像头 一层贵重物品区摄像头1 检测到变化...
2026-01-29 10:58:10 | DEBUG | image_detection:_calculate_background_subtraction:136 | 检测到前景 (12.115%)，暂停背景学习，避免前景被学习成背景
2026-01-29 10:58:11 | DEBUG | image_detection:_calculate_background_subtraction:136 | 检测到前景 (11.416%)，暂停背景学习，避免前景被学习成背景
2026-01-29 10:58:12 | DEBUG | image_detection:_calculate_background_subtraction:136 | 检测到前景 (11.707%)，暂停背景学习，避免前景被学习成背景
2026-01-29 10:58:12 | INFO | camera_monitor:_monitor_loop:300 | 摄像头 一层贵重物品区摄像头1 检测到变化...
2026-01-29 10:58:13 | DEBUG | image_detection:_calculate_background_subtraction:136 | 检测到前景 (11.320%)，暂停背景学习，避免前景被学习成背景
2026-01-29 10:58:13 | INFO | camera_monitor:_monitor_loop:300 | 摄像头 一层贵重物品区摄像头1 检测到变化...
2026-01-29 10:58:14 | DEBUG | image_detection:_calculate_background_subtraction:136 | 检测到前景 (11.496%)，暂停背景学习，避免前景被学习成背景
2026-01-29 10:58:14 | INFO | camera_monitor:_monitor_loop:300 | 摄像头 一层贵重物品区摄像头1 检测到变化...
2026-01-29 10:58:15 | DEBUG | image_detection:_calculate_background_subtraction:136 | 检测到前景 (10.975%)，暂停背景学习，避免前景被学习成背景
2026-01-29 10:58:16 | DEBUG | image_detection:_calculate_background_subtraction:136 | 检测到前景 (11.089%)，暂停背景学习，避免前景被学习成背景
2026-01-29 10:58:17 | DEBUG | image_detection:_calculate_background_subtraction:136 | 检测到前景 (10.622%)，暂停背景学习，避免前景被学习成背景
2026-01-29 10:58:18 | DEBUG | image_detection:_calculate_background_subtraction:136 | 检测到前景 (11.041%)，暂停背景学习，避免前景被学习成背景
2026-01-29 10:58:19 | DEBUG | image_detection:_calculate_background_subtraction:136 | 检测到前景 (10.802%)，暂停背景学习，避免前景被学习成背景
2026-01-29 10:58:20 | DEBUG | image_detection:_calculate_background_subtraction:136 | 检测到前景 (11.044%)，暂停背景学习，避免前景被学习成背景
2026-01-29 10:58:21 | DEBUG | image_detection:_calculate_background_subtraction:136 | 检测到前景 (10.910%)，暂停背景学习，避免前景被学习成背景
2026-01-29 10:58:21 | INFO | camera_monitor:_monitor_loop:300 | 摄像头 一层贵重物品区摄像头1 检测到变化...
2026-01-29 10:58:22 | DEBUG | image_detection:_calculate_background_subtraction:136 | 检测到前景 (11.399%)，暂停背景学习，避免前景被学习成背景
2026-01-29 10:58:23 | DEBUG | image_detection:_calculate_background_subtraction:136 | 检测到前景 (11.179%)，暂停背景学习，避免前景被学习成背景
2026-01-29 10:58:24 | DEBUG | image_detection:_calculate_background_subtraction:136 | 检测到前景 (11.620%)，暂停背景学习，避免前景被学习成背景
2026-01-29 10:58:25 | DEBUG | image_detection:_calculate_background_subtraction:136 | 检测到前景 (11.253%)，暂停背景学习，避免前景被学习成背景
2026-01-29 10:58:25 | ERROR | camera_monitor:_connect_rtsp:498 | RTSP连接失败
2026-01-29 10:58:25 | WARNING | camera_monitor:_monitor_loop:212 | 摄像头 一层贵重物品区摄像头1 连接失败，5秒后重试 (尝试 2/3)
2026-01-29 10:58:26 | DEBUG | image_detection:_calculate_background_subtraction:136 | 检测到前景 (11.588%)，暂停背景学习，避免前景被学习成背景
2026-01-29 10:58:27 | DEBUG | image_detection:_calculate_background_subtraction:136 | 检测到前景 (11.384%)，暂停背景学习，避免前景被学习成背景
2026-01-29 10:58:28 | INFO | video_stream_reader:_update_loop:149 | [一层贵重物品区摄像头1] VideoStreamReader 统计 - 总读取: 750帧, 总丢弃: 750帧 (100.0%), 说明主线程使用了 0.0% 的帧
2026-01-29 10:58:28 | DEBUG | image_detection:_calculate_background_subtraction:136 | 检测到前景 (10.967%)，暂停背景学习，避免前景被学习成背景
2026-01-29 10:58:29 | DEBUG | image_detection:_calculate_background_subtraction:136 | 检测到前景 (11.156%)，暂停背景学习，避免前景被学习成背景
2026-01-29 10:58:30 | DEBUG | image_detection:_calculate_background_subtraction:136 | 检测到前景 (11.723%)，暂停背景学习，避免前景被学习成背景
2026-01-29 10:58:30 | INFO | camera_monitor:_connect_rtsp:447 | 正在连接RTSP流: rtsp://admin:khjy%40321@192.168.100.110:554/cam/realmonitor?channel=1&subtype=1
2026-01-29 10:58:31 | DEBUG | image_detection:_calculate_background_subtraction:136 | 检测到前景 (11.805%)，暂停背景学习，避免前景被学习成背景
2026-01-29 10:58:32 | DEBUG | image_detection:_calculate_background_subtraction:136 | 检测到前景 (11.688%)，暂停背景学习，避免前景被学习成背景
2026-01-29 10:58:33 | DEBUG | image_detection:_calculate_background_subtraction:136 | 检测到前景 (11.887%)，暂停背景学习，避免前景被学习成背景
2026-01-29 10:58:34 | DEBUG | image_detection:_calculate_background_subtraction:136 | 检测到前景 (12.436%)，暂停背景学习，避免前景被学习成背景
2026-01-29 10:58:35 | DEBUG | image_detection:_calculate_background_subtraction:136 | 检测到前景 (12.485%)，暂停背景学习，避免前景被学习成背景
2026-01-29 10:58:36 | DEBUG | image_detection:_calculate_background_subtraction:136 | 检测到前景 (10.123%)，暂停背景学习，避免前景被学习成背景
2026-01-29 10:58:37 | DEBUG | image_detection:_calculate_background_subtraction:136 | 检测到前景 (13.844%)，暂停背景学习，避免前景被学习成背景
2026-01-29 10:58:37 | INFO | camera_monitor:_monitor_loop:300 | 摄像头 一层贵重物品区摄像头1 检测到变化...
2026-01-29 10:58:38 | DEBUG | image_detection:_calculate_background_subtraction:136 | 检测到前景 (11.389%)，暂停背景学习，避免前景被学习成背景
2026-01-29 10:58:38 | INFO | camera_monitor:_monitor_loop:300 | 摄像头 一层贵重物品区摄像头1 检测到变化...
2026-01-29 10:58:39 | DEBUG | image_detection:_calculate_background_subtraction:136 | 检测到前景 (13.414%)，暂停背景学习，避免前景被学习成背景
2026-01-29 10:58:39 | INFO | camera_monitor:_monitor_loop:300 | 摄像头 一层贵重物品区摄像头1 检测到变化...
2026-01-29 10:58:40 | DEBUG | image_detection:_calculate_background_subtraction:136 | 检测到前景 (10.717%)，暂停背景学习，避免前景被学习成背景
2026-01-29 10:58:40 | INFO | camera_monitor:_monitor_loop:300 | 摄像头 一层贵重物品区摄像头1 检测到变化...
2026-01-29 10:58:41 | DEBUG | image_detection:_calculate_background_subtraction:136 | 检测到前景 (13.152%)，暂停背景学习，避免前景被学习成背景
2026-01-29 10:58:41 | INFO | camera_monitor:_monitor_loop:300 | 摄像头 一层贵重物品区摄像头1 检测到变化...
2026-01-29 10:58:42 | DEBUG | image_detection:_calculate_background_subtraction:136 | 检测到前景 (10.776%)，暂停背景学习，避免前景被学习成背景
2026-01-29 10:58:42 | INFO | camera_monitor:_monitor_loop:300 | 摄像头 一层贵重物品区摄像头1 检测到变化...
2026-01-29 10:58:43 | DEBUG | image_detection:_calculate_background_subtraction:136 | 检测到前景 (13.228%)，暂停背景学习，避免前景被学习成背景
2026-01-29 10:58:44 | DEBUG | image_detection:_calculate_background_subtraction:136 | 检测到前景 (11.376%)，暂停背景学习，避免前景被学习成背景
2026-01-29 10:58:45 | DEBUG | image_detection:_calculate_background_subtraction:136 | 检测到前景 (13.455%)，暂停背景学习，避免前景被学习成背景
2026-01-29 10:58:45 | INFO | camera_monitor:_monitor_loop:300 | 摄像头 一层贵重物品区摄像头1 检测到变化...
2026-01-29 10:58:46 | DEBUG | image_detection:_calculate_background_subtraction:136 | 检测到前景 (11.237%)，暂停背景学习，避免前景被学习成背景
2026-01-29 10:58:46 | INFO | camera_monitor:_monitor_loop:300 | 摄像头 一层贵重物品区摄像头1 检测到变化...
2026-01-29 10:58:47 | DEBUG | image_detection:_calculate_background_subtraction:136 | 检测到前景 (13.040%)，暂停背景学习，避免前景被学习成背景
2026-01-29 10:58:47 | INFO | camera_monitor:_monitor_loop:300 | 摄像头 一层贵重物品区摄像头1 检测到变化...
2026-01-29 10:58:48 | DEBUG | image_detection:_calculate_background_subtraction:136 | 检测到前景 (10.892%)，暂停背景学习，避免前景被学习成背景
2026-01-29 10:58:48 | INFO | camera_monitor:_monitor_loop:300 | 摄像头 一层贵重物品区摄像头1 检测到变化...
2026-01-29 10:58:49 | DEBUG | image_detection:_calculate_background_subtraction:136 | 检测到前景 (12.932%)，暂停背景学习，避免前景被学习成背景
2026-01-29 10:58:50 | DEBUG | image_detection:_calculate_background_subtraction:136 | 检测到前景 (10.757%)，暂停背景学习，避免前景被学习成背景
2026-01-29 10:58:51 | DEBUG | image_detection:_calculate_background_subtraction:136 | 检测到前景 (11.536%)，暂停背景学习，避免前景被学习成背景
2026-01-29 10:58:52 | DEBUG | image_detection:_calculate_background_subtraction:136 | 检测到前景 (9.707%)，暂停背景学习，避免前景被学习成背景
2026-01-29 10:58:53 | DEBUG | image_detection:_calculate_background_subtraction:136 | 检测到前景 (11.701%)，暂停背景学习，避免前景被学习成背景
2026-01-29 10:58:54 | DEBUG | image_detection:_calculate_background_subtraction:136 | 检测到前景 (10.157%)，暂停背景学习，避免前景被学习成背景
2026-01-29 10:58:55 | DEBUG | image_detection:_calculate_background_subtraction:136 | 检测到前景 (12.028%)，暂停背景学习，避免前景被学习成背景
2026-01-29 10:58:56 | DEBUG | image_detection:_calculate_background_subtraction:136 | 检测到前景 (10.773%)，暂停背景学习，避免前景被学习成背景
2026-01-29 10:58:57 | DEBUG | image_detection:_calculate_background_subtraction:136 | 检测到前景 (12.591%)，暂停背景学习，避免前景被学习成背景
2026-01-29 10:58:58 | INFO | video_stream_reader:_update_loop:149 | [一层贵重物品区摄像头1] VideoStreamReader 统计 - 总读取: 750帧, 总丢弃: 750帧 (100.0%), 说明主线程使用了 0.0% 的帧
2026-01-29 10:58:58 | DEBUG | image_detection:_calculate_background_subtraction:136 | 检测到前景 (10.931%)，暂停背景学习，避免前景被学习成背景
2026-01-29 10:58:59 | DEBUG | image_detection:_calculate_background_subtraction:136 | 检测到前景 (12.558%)，暂停背景学习，避免前景被学习成背景
2026-01-29 10:59:00 | DEBUG | image_detection:_calculate_background_subtraction:136 | 检测到前景 (11.048%)，暂停背景学习，避免前景被学习成背景
2026-01-29 10:59:01 | DEBUG | image_detection:_calculate_background_subtraction:136 | 检测到前景 (12.461%)，暂停背景学习，避免前景被学习成背景
2026-01-29 10:59:02 | ERROR | camera_monitor:_connect_rtsp:498 | RTSP连接失败
2026-01-29 10:59:02 | INFO | camera_monitor:_worker_process:202 | 后台工作线程已停止 - 摄像头: 一层贵重物品区摄像头1
2026-01-29 10:59:02 | DEBUG | image_detection:_calculate_background_subtraction:136 | 检测到前景 (11.449%)，暂停背景学习，避免前景被学习成背景
2026-01-29 10:59:03 | DEBUG | image_detection:_calculate_background_subtraction:136 | 检测到前景 (12.925%)，暂停背景学习，避免前景被学习成背景
2026-01-29 10:59:04 | DEBUG | image_detection:_calculate_background_subtraction:136 | 检测到前景 (12.064%)，暂停背景学习，避免前景被学习成背景
2026-01-29 10:59:05 | DEBUG | image_detection:_calculate_background_subtraction:136 | 检测到前景 (13.831%)，暂停背景学习，避免前景被学习成背景
2026-01-29 10:59:06 | DEBUG | image_detection:_calculate_background_subtraction:136 | 检测到前景 (11.694%)，暂停背景学习，避免前景被学习成背景
2026-01-29 10:59:07 | DEBUG | image_detection:_calculate_background_subtraction:136 | 检测到前景 (13.423%)，暂停背景学习，避免前景被学习成背景
2026-01-29 10:59:08 | DEBUG | image_detection:_calculate_background_subtraction:136 | 检测到前景 (12.093%)，暂停背景学习，避免前景被学习成背景
2026-01-29 10:59:09 | WARNING | __main__:restart_monitor:219 | 摄像头 4 (一层贵重物品区摄像头1) 监测已停止，尝试重启 (2/10)
2026-01-29 10:59:09 | INFO | camera_monitor:stop:150 | 停止监测摄像头: 一层贵重物品区摄像头1 (ID: 4)
2026-01-29 10:59:09 | INFO | camera_monitor:__init__:43 | 摄像头 一层贵重物品区摄像头1 (ID: 4) RTSP URL: rtsp://admin:khjy%40321@192.168.100.110:554/cam/realmonitor?channel=1&subtype=1
2026-01-29 10:59:09 | INFO | image_detection:__init__:32 | 初始化背景建模检测器
2026-01-29 10:59:09 | INFO | image_storage:__init__:37 | 图片保存目录: D:\appdata\uploadPath\caseapp
2026-01-29 10:59:09 | INFO | camera_monitor:__init__:58 | 摄像头 一层贵重物品区摄像头1 将创建独立YOLO实例
2026-01-29 10:59:09 | INFO | camera_monitor:_worker_process:156 | 后台工作线程开始运行 - 摄像头: 一层贵重物品区摄像头1
2026-01-29 10:59:09 | INFO | camera_monitor:start:118 | 后台工作线程已启动: 一层贵重物品区摄像头1 (ID: 4)
2026-01-29 10:59:09 | INFO | camera_monitor:_connect_rtsp:447 | 正在连接RTSP流: rtsp://admin:khjy%40321@192.168.100.110:554/cam/realmonitor?channel=1&subtype=1
2026-01-29 10:59:09 | INFO | camera_monitor:start:127 | 开始监测摄像头: 一层贵重物品区摄像头1 (ID: 4)
2026-01-29 10:59:09 | INFO | __main__:restart_monitor:244 | 摄像头 4 (一层贵重物品区摄像头1) 重启成功
2026-01-29 10:59:09 | DEBUG | image_detection:_calculate_background_subtraction:136 | 检测到前景 (13.549%)，暂停背景学习，避免前景被学习成背景
2026-01-29 10:59:10 | DEBUG | image_detection:_calculate_background_subtraction:136 | 检测到前景 (12.766%)，暂停背景学习，避免前景被学习成背景
2026-01-29 10:59:11 | DEBUG | image_detection:_calculate_background_subtraction:136 | 检测到前景 (14.283%)，暂停背景学习，避免前景被学习成背景
2026-01-29 10:59:12 | DEBUG | image_detection:_calculate_background_subtraction:136 | 检测到前景 (14.402%)，暂停背景学习，避免前景被学习成背景
2026-01-29 10:59:14 | DEBUG | image_detection:_calculate_background_subtraction:136 | 检测到前景 (15.986%)，暂停背景学习，避免前景被学习成背景
2026-01-29 10:59:15 | DEBUG | image_detection:_calculate_background_subtraction:136 | 检测到前景 (15.340%)，暂停背景学习，避免前景被学习成背景
2026-01-29 10:59:16 | DEBUG | image_detection:_calculate_background_subtraction:136 | 检测到前景 (17.915%)，暂停背景学习，避免前景被学习成背景
2026-01-29 10:59:17 | DEBUG | image_detection:_calculate_background_subtraction:136 | 检测到前景 (20.037%)，暂停背景学习，避免前景被学习成背景
2026-01-29 10:59:17 | INFO | camera_monitor:_monitor_loop:300 | 摄像头 一层贵重物品区摄像头1 检测到变化...
2026-01-29 10:59:18 | DEBUG | image_detection:_calculate_background_subtraction:136 | 检测到前景 (20.838%)，暂停背景学习，避免前景被学习成背景
2026-01-29 10:59:18 | INFO | camera_monitor:_monitor_loop:300 | 摄像头 一层贵重物品区摄像头1 检测到变化...
2026-01-29 10:59:19 | DEBUG | image_detection:_calculate_background_subtraction:136 | 检测到前景 (17.213%)，暂停背景学习，避免前景被学习成背景
2026-01-29 10:59:19 | INFO | camera_monitor:_monitor_loop:300 | 摄像头 一层贵重物品区摄像头1 检测到变化...
2026-01-29 10:59:20 | DEBUG | image_detection:_calculate_background_subtraction:136 | 检测到前景 (19.893%)，暂停背景学习，避免前景被学习成背景
2026-01-29 10:59:20 | INFO | camera_monitor:_monitor_loop:300 | 摄像头 一层贵重物品区摄像头1 检测到变化...
2026-01-29 10:59:21 | DEBUG | image_detection:_calculate_background_subtraction:136 | 检测到前景 (19.643%)，暂停背景学习，避免前景被学习成背景
2026-01-29 10:59:21 | INFO | camera_monitor:_monitor_loop:300 | 摄像头 一层贵重物品区摄像头1 检测到变化...
2026-01-29 10:59:22 | DEBUG | image_detection:_calculate_background_subtraction:136 | 检测到前景 (20.315%)，暂停背景学习，避免前景被学习成背景
2026-01-29 10:59:22 | INFO | camera_monitor:_monitor_loop:300 | 摄像头 一层贵重物品区摄像头1 检测到变化...
2026-01-29 10:59:23 | DEBUG | image_detection:_calculate_background_subtraction:136 | 检测到前景 (19.585%)，暂停背景学习，避免前景被学习成背景
2026-01-29 10:59:23 | INFO | camera_monitor:_monitor_loop:300 | 摄像头 一层贵重物品区摄像头1 检测到变化...
2026-01-29 10:59:24 | DEBUG | image_detection:_calculate_background_subtraction:136 | 检测到前景 (20.207%)，暂停背景学习，避免前景被学习成背景
2026-01-29 10:59:24 | INFO | camera_monitor:_monitor_loop:300 | 摄像头 一层贵重物品区摄像头1 检测到变化...
2026-01-29 10:59:25 | DEBUG | image_detection:_calculate_background_subtraction:136 | 检测到前景 (19.516%)，暂停背景学习，避免前景被学习成背景
2026-01-29 10:59:25 | INFO | camera_monitor:_monitor_loop:300 | 摄像头 一层贵重物品区摄像头1 检测到变化...
2026-01-29 10:59:26 | DEBUG | image_detection:_calculate_background_subtraction:136 | 检测到前景 (20.605%)，暂停背景学习，避免前景被学习成背景
2026-01-29 10:59:26 | INFO | camera_monitor:_monitor_loop:300 | 摄像头 一层贵重物品区摄像头1 检测到变化...
2026-01-29 10:59:27 | DEBUG | image_detection:_calculate_background_subtraction:136 | 检测到前景 (19.353%)，暂停背景学习，避免前景被学习成背景
2026-01-29 10:59:27 | INFO | camera_monitor:_monitor_loop:300 | 摄像头 一层贵重物品区摄像头1 检测到变化...
2026-01-29 10:59:28 | DEBUG | image_detection:_calculate_background_subtraction:136 | 检测到前景 (19.455%)，暂停背景学习，避免前景被学习成背景
2026-01-29 10:59:28 | INFO | camera_monitor:_monitor_loop:300 | 摄像头 一层贵重物品区摄像头1 检测到变化...
2026-01-29 10:59:28 | INFO | video_stream_reader:_update_loop:149 | [一层贵重物品区摄像头1] VideoStreamReader 统计 - 总读取: 751帧, 总丢弃: 751帧 (100.0%), 说明主线程使用了 0.0% 的帧
2026-01-29 10:59:29 | DEBUG | image_detection:_calculate_background_subtraction:136 | 检测到前景 (18.537%)，暂停背景学习，避免前景被学习成背景
2026-01-29 10:59:29 | INFO | camera_monitor:_monitor_loop:300 | 摄像头 一层贵重物品区摄像头1 检测到变化...
2026-01-29 10:59:30 | DEBUG | image_detection:_calculate_background_subtraction:136 | 检测到前景 (19.123%)，暂停背景学习，避免前景被学习成背景
2026-01-29 10:59:30 | INFO | camera_monitor:_monitor_loop:300 | 摄像头 一层贵重物品区摄像头1 检测到变化...
2026-01-29 10:59:31 | DEBUG | image_detection:_calculate_background_subtraction:136 | 检测到前景 (18.408%)，暂停背景学习，避免前景被学习成背景
2026-01-29 10:59:31 | INFO | camera_monitor:_monitor_loop:300 | 摄像头 一层贵重物品区摄像头1 检测到变化...
2026-01-29 10:59:32 | DEBUG | image_detection:_calculate_background_subtraction:136 | 检测到前景 (19.190%)，暂停背景学习，避免前景被学习成背景
2026-01-29 10:59:32 | INFO | camera_monitor:_monitor_loop:300 | 摄像头 一层贵重物品区摄像头1 检测到变化...
2026-01-29 10:59:33 | DEBUG | image_detection:_calculate_background_subtraction:136 | 检测到前景 (18.791%)，暂停背景学习，避免前景被学习成背景
2026-01-29 10:59:33 | DEBUG | image_detection:_filter_small_areas:213 | 过滤了小区域，过滤面积: 23829.5像素 (1.149%)，保留区域数: 136
2026-01-29 10:59:33 | INFO | camera_monitor:_monitor_loop:300 | 摄像头 一层贵重物品区摄像头1 检测到变化...
2026-01-29 10:59:34 | DEBUG | image_detection:_calculate_background_subtraction:136 | 检测到前景 (19.631%)，暂停背景学习，避免前景被学习成背景
2026-01-29 10:59:34 | INFO | camera_monitor:_monitor_loop:300 | 摄像头 一层贵重物品区摄像头1 检测到变化...
2026-01-29 10:59:35 | DEBUG | image_detection:_calculate_background_subtraction:136 | 检测到前景 (19.084%)，暂停背景学习，避免前景被学习成背景
2026-01-29 10:59:35 | INFO | camera_monitor:_monitor_loop:300 | 摄像头 一层贵重物品区摄像头1 检测到变化...
2026-01-29 10:59:36 | DEBUG | image_detection:_calculate_background_subtraction:136 | 检测到前景 (19.925%)，暂停背景学习，避免前景被学习成背景
2026-01-29 10:59:36 | INFO | camera_monitor:_monitor_loop:300 | 摄像头 一层贵重物品区摄像头1 检测到变化...
2026-01-29 10:59:37 | DEBUG | image_detection:_calculate_background_subtraction:136 | 检测到前景 (20.480%)，暂停背景学习，避免前景被学习成背景
2026-01-29 10:59:37 | INFO | camera_monitor:_monitor_loop:300 | 摄像头 一层贵重物品区摄像头1 检测到变化...
2026-01-29 10:59:38 | DEBUG | image_detection:_calculate_background_subtraction:136 | 检测到前景 (21.377%)，暂停背景学习，避免前景被学习成背景
2026-01-29 10:59:38 | DEBUG | image_detection:_filter_small_areas:213 | 过滤了小区域，过滤面积: 25702.0像素 (1.239%)，保留区域数: 139
2026-01-29 10:59:38 | INFO | camera_monitor:_monitor_loop:300 | 摄像头 一层贵重物品区摄像头1 检测到变化...
2026-01-29 10:59:39 | DEBUG | image_detection:_calculate_background_subtraction:136 | 检测到前景 (20.311%)，暂停背景学习，避免前景被学习成背景
2026-01-29 10:59:39 | INFO | camera_monitor:_monitor_loop:300 | 摄像头 一层贵重物品区摄像头1 检测到变化...
2026-01-29 10:59:40 | DEBUG | image_detection:_calculate_background_subtraction:136 | 检测到前景 (22.005%)，暂停背景学习，避免前景被学习成背景
2026-01-29 10:59:40 | INFO | camera_monitor:_monitor_loop:300 | 摄像头 一层贵重物品区摄像头1 检测到变化...
2026-01-29 10:59:40 | ERROR | camera_monitor:_connect_rtsp:498 | RTSP连接失败
2026-01-29 10:59:40 | WARNING | camera_monitor:_monitor_loop:212 | 摄像头 一层贵重物品区摄像头1 连接失败，5秒后重试 (尝试 1/3)
2026-01-29 10:59:41 | DEBUG | image_detection:_calculate_background_subtraction:136 | 检测到前景 (21.868%)，暂停背景学习，避免前景被学习成背景
2026-01-29 10:59:41 | INFO | camera_monitor:_monitor_loop:300 | 摄像头 一层贵重物品区摄像头1 检测到变化...
2026-01-29 10:59:42 | DEBUG | image_detection:_calculate_background_subtraction:136 | 检测到前景 (22.920%)，暂停背景学习，避免前景被学习成背景
2026-01-29 10:59:42 | INFO | camera_monitor:_monitor_loop:300 | 摄像头 一层贵重物品区摄像头1 检测到变化...
2026-01-29 10:59:43 | DEBUG | image_detection:_calculate_background_subtraction:136 | 检测到前景 (23.271%)，暂停背景学习，避免前景被学习成背景
2026-01-29 10:59:43 | INFO | camera_monitor:_monitor_loop:300 | 摄像头 一层贵重物品区摄像头1 检测到变化...
2026-01-29 10:59:44 | DEBUG | image_detection:_calculate_background_subtraction:136 | 检测到前景 (26.223%)，暂停背景学习，避免前景被学习成背景
2026-01-29 10:59:44 | INFO | camera_monitor:_monitor_loop:300 | 摄像头 一层贵重物品区摄像头1 检测到变化...
2026-01-29 10:59:45 | DEBUG | image_detection:_calculate_background_subtraction:136 | 检测到前景 (27.814%)，暂停背景学习，避免前景被学习成背景
2026-01-29 10:59:45 | INFO | camera_monitor:_monitor_loop:300 | 摄像头 一层贵重物品区摄像头1 检测到变化...
2026-01-29 10:59:45 | INFO | camera_monitor:_connect_rtsp:447 | 正在连接RTSP流: rtsp://admin:khjy%40321@192.168.100.110:554/cam/realmonitor?channel=1&subtype=1
2026-01-29 10:59:46 | DEBUG | image_detection:_calculate_background_subtraction:136 | 检测到前景 (30.147%)，暂停背景学习，避免前景被学习成背景
2026-01-29 10:59:46 | DEBUG | image_detection:_filter_small_areas:213 | 过滤了小区域，过滤面积: 50673.0像素 (2.444%)，保留区域数: 188
2026-01-29 10:59:46 | INFO | camera_monitor:_monitor_loop:300 | 摄像头 一层贵重物品区摄像头1 检测到变化...
2026-01-29 10:59:47 | DEBUG | image_detection:_calculate_background_subtraction:136 | 检测到前景 (27.954%)，暂停背景学习，避免前景被学习成背景
2026-01-29 10:59:47 | INFO | camera_monitor:_monitor_loop:300 | 摄像头 一层贵重物品区摄像头1 检测到变化...
2026-01-29 10:59:48 | DEBUG | image_detection:_calculate_background_subtraction:136 | 检测到前景 (24.849%)，暂停背景学习，避免前景被学习成背景
2026-01-29 10:59:48 | INFO | camera_monitor:_monitor_loop:300 | 摄像头 一层贵重物品区摄像头1 检测到变化...
2026-01-29 10:59:49 | DEBUG | image_detection:_calculate_background_subtraction:136 | 检测到前景 (26.923%)，暂停背景学习，避免前景被学习成背景
2026-01-29 10:59:49 | INFO | camera_monitor:_monitor_loop:300 | 摄像头 一层贵重物品区摄像头1 检测到变化...
2026-01-29 10:59:50 | DEBUG | image_detection:_calculate_background_subtraction:136 | 检测到前景 (28.720%)，暂停背景学习，避免前景被学习成背景
2026-01-29 10:59:50 | INFO | camera_monitor:_monitor_loop:300 | 摄像头 一层贵重物品区摄像头1 检测到变化...
2026-01-29 10:59:51 | DEBUG | image_detection:_calculate_background_subtraction:136 | 检测到前景 (29.350%)，暂停背景学习，避免前景被学习成背景
2026-01-29 10:59:51 | INFO | camera_monitor:_monitor_loop:300 | 摄像头 一层贵重物品区摄像头1 检测到变化...
2026-01-29 10:59:52 | DEBUG | image_detection:_calculate_background_subtraction:136 | 检测到前景 (30.454%)，暂停背景学习，避免前景被学习成背景
2026-01-29 10:59:52 | INFO | camera_monitor:_monitor_loop:300 | 摄像头 一层贵重物品区摄像头1 检测到变化...
2026-01-29 10:59:53 | DEBUG | image_detection:_calculate_background_subtraction:136 | 检测到前景 (31.011%)，暂停背景学习，避免前景被学习成背景
2026-01-29 10:59:53 | INFO | camera_monitor:_monitor_loop:300 | 摄像头 一层贵重物品区摄像头1 检测到变化...
2026-01-29 10:59:54 | DEBUG | image_detection:_calculate_background_subtraction:136 | 检测到前景 (29.640%)，暂停背景学习，避免前景被学习成背景
2026-01-29 10:59:54 | INFO | camera_monitor:_monitor_loop:300 | 摄像头 一层贵重物品区摄像头1 检测到变化...
2026-01-29 10:59:55 | DEBUG | image_detection:_calculate_background_subtraction:136 | 检测到前景 (30.051%)，暂停背景学习，避免前景被学习成背景
2026-01-29 10:59:55 | INFO | camera_monitor:_monitor_loop:300 | 摄像头 一层贵重物品区摄像头1 检测到变化...
2026-01-29 10:59:56 | DEBUG | image_detection:_calculate_background_subtraction:136 | 检测到前景 (30.784%)，暂停背景学习，避免前景被学习成背景
2026-01-29 10:59:56 | INFO | camera_monitor:_monitor_loop:300 | 摄像头 一层贵重物品区摄像头1 检测到变化...
2026-01-29 10:59:57 | DEBUG | image_detection:_calculate_background_subtraction:136 | 检测到前景 (31.198%)，暂停背景学习，避免前景被学习成背景
2026-01-29 10:59:57 | INFO | camera_monitor:_monitor_loop:300 | 摄像头 一层贵重物品区摄像头1 检测到变化...
2026-01-29 10:59:58 | DEBUG | image_detection:_calculate_background_subtraction:136 | 检测到前景 (32.513%)，暂停背景学习，避免前景被学习成背景
2026-01-29 10:59:58 | INFO | camera_monitor:_monitor_loop:300 | 摄像头 一层贵重物品区摄像头1 检测到变化...
2026-01-29 10:59:58 | INFO | video_stream_reader:_update_loop:149 | [一层贵重物品区摄像头1] VideoStreamReader 统计 - 总读取: 751帧, 总丢弃: 751帧 (100.0%), 说明主线程使用了 0.0% 的帧
2026-01-29 10:59:59 | DEBUG | image_detection:_calculate_background_subtraction:136 | 检测到前景 (32.472%)，暂停背景学习，避免前景被学习成背景
2026-01-29 10:59:59 | INFO | camera_monitor:_monitor_loop:300 | 摄像头 一层贵重物品区摄像头1 检测到变化...
2026-01-29 11:00:00 | DEBUG | image_detection:_calculate_background_subtraction:136 | 检测到前景 (33.296%)，暂停背景学习，避免前景被学习成背景
2026-01-29 11:00:00 | DEBUG | image_detection:_filter_small_areas:213 | 过滤了小区域，过滤面积: 65242.0像素 (3.146%)，保留区域数: 380
2026-01-29 11:00:00 | INFO | camera_monitor:_monitor_loop:300 | 摄像头 一层贵重物品区摄像头1 检测到变化...
2026-01-29 11:00:01 | DEBUG | image_detection:_calculate_background_subtraction:136 | 检测到前景 (34.524%)，暂停背景学习，避免前景被学习成背景
2026-01-29 11:00:01 | INFO | camera_monitor:_monitor_loop:300 | 摄像头 一层贵重物品区摄像头1 检测到变化...
2026-01-29 11:00:02 | DEBUG | image_detection:_calculate_background_subtraction:136 | 检测到前景 (34.612%)，暂停背景学习，避免前景被学习成背景
2026-01-29 11:00:02 | INFO | camera_monitor:_monitor_loop:300 | 摄像头 一层贵重物品区摄像头1 检测到变化...
2026-01-29 11:00:03 | DEBUG | image_detection:_calculate_background_subtraction:136 | 检测到前景 (33.985%)，暂停背景学习，避免前景被学习成背景
2026-01-29 11:00:03 | INFO | camera_monitor:_monitor_loop:300 | 摄像头 一层贵重物品区摄像头1 检测到变化...
2026-01-29 11:00:04 | DEBUG | image_detection:_calculate_background_subtraction:136 | 检测到前景 (34.663%)，暂停背景学习，避免前景被学习成背景
2026-01-29 11:00:04 | INFO | camera_monitor:_monitor_loop:300 | 摄像头 一层贵重物品区摄像头1 检测到变化...
2026-01-29 11:00:05 | DEBUG | image_detection:_calculate_background_subtraction:136 | 检测到前景 (31.470%)，暂停背景学习，避免前景被学习成背景
2026-01-29 11:00:05 | INFO | camera_monitor:_monitor_loop:300 | 摄像头 一层贵重物品区摄像头1 检测到变化...
2026-01-29 11:00:06 | DEBUG | image_detection:_calculate_background_subtraction:136 | 检测到前景 (29.615%)，暂停背景学习，避免前景被学习成背景
2026-01-29 11:00:06 | DEBUG | image_detection:_filter_small_areas:213 | 过滤了小区域，过滤面积: 50939.0像素 (2.457%)，保留区域数: 322
2026-01-29 11:00:06 | INFO | camera_monitor:_monitor_loop:300 | 摄像头 一层贵重物品区摄像头1 检测到变化...
2026-01-29 11:00:07 | DEBUG | image_detection:_calculate_background_subtraction:136 | 检测到前景 (28.976%)，暂停背景学习，避免前景被学习成背景
2026-01-29 11:00:07 | DEBUG | image_detection:_filter_small_areas:213 | 过滤了小区域，过滤面积: 50168.5像素 (2.419%)，保留区域数: 301
2026-01-29 11:00:07 | INFO | camera_monitor:_monitor_loop:300 | 摄像头 一层贵重物品区摄像头1 检测到变化...
2026-01-29 11:00:08 | DEBUG | image_detection:_calculate_background_subtraction:136 | 检测到前景 (29.513%)，暂停背景学习，避免前景被学习成背景
2026-01-29 11:00:08 | INFO | camera_monitor:_monitor_loop:300 | 摄像头 一层贵重物品区摄像头1 检测到变化...
2026-01-29 11:00:09 | DEBUG | image_detection:_calculate_background_subtraction:136 | 检测到前景 (30.290%)，暂停背景学习，避免前景被学习成背景
2026-01-29 11:00:09 | INFO | camera_monitor:_monitor_loop:300 | 摄像头 一层贵重物品区摄像头1 检测到变化...
2026-01-29 11:00:10 | DEBUG | image_detection:_calculate_background_subtraction:136 | 检测到前景 (31.865%)，暂停背景学习，避免前景被学习成背景
2026-01-29 11:00:10 | INFO | camera_monitor:_monitor_loop:300 | 摄像头 一层贵重物品区摄像头1 检测到变化...
2026-01-29 11:00:11 | DEBUG | image_detection:_calculate_background_subtraction:136 | 检测到前景 (31.887%)，暂停背景学习，避免前景被学习成背景
2026-01-29 11:00:11 | INFO | camera_monitor:_monitor_loop:300 | 摄像头 一层贵重物品区摄像头1 检测到变化...
2026-01-29 11:00:12 | DEBUG | image_detection:_calculate_background_subtraction:136 | 检测到前景 (32.613%)，暂停背景学习，避免前景被学习成背景
2026-01-29 11:00:12 | INFO | camera_monitor:_monitor_loop:300 | 摄像头 一层贵重物品区摄像头1 检测到变化...
2026-01-29 11:00:13 | DEBUG | image_detection:_calculate_background_subtraction:136 | 检测到前景 (32.524%)，暂停背景学习，避免前景被学习成背景
2026-01-29 11:00:13 | DEBUG | image_detection:_filter_small_areas:213 | 过滤了小区域，过滤面积: 46632.5像素 (2.249%)，保留区域数: 301
2026-01-29 11:00:13 | INFO | camera_monitor:_monitor_loop:300 | 摄像头 一层贵重物品区摄像头1 检测到变化...
2026-01-29 11:00:14 | DEBUG | image_detection:_calculate_background_subtraction:136 | 检测到前景 (31.934%)，暂停背景学习，避免前景被学习成背景
2026-01-29 11:00:14 | INFO | camera_monitor:_monitor_loop:300 | 摄像头 一层贵重物品区摄像头1 检测到变化...
2026-01-29 11:00:15 | DEBUG | image_detection:_calculate_background_subtraction:136 | 检测到前景 (31.461%)，暂停背景学习，避免前景被学习成背景
2026-01-29 11:00:15 | INFO | camera_monitor:_monitor_loop:300 | 摄像头 一层贵重物品区摄像头1 检测到变化...
2026-01-29 11:00:16 | DEBUG | image_detection:_calculate_background_subtraction:136 | 检测到前景 (31.487%)，暂停背景学习，避免前景被学习成背景
2026-01-29 11:00:16 | INFO | camera_monitor:_monitor_loop:300 | 摄像头 一层贵重物品区摄像头1 检测到变化...
2026-01-29 11:00:16 | ERROR | camera_monitor:_connect_rtsp:498 | RTSP连接失败
2026-01-29 11:00:16 | WARNING | camera_monitor:_monitor_loop:212 | 摄像头 一层贵重物品区摄像头1 连接失败，5秒后重试 (尝试 2/3)
2026-01-29 11:00:17 | DEBUG | image_detection:_calculate_background_subtraction:136 | 检测到前景 (31.587%)，暂停背景学习，避免前景被学习成背景
2026-01-29 11:00:17 | INFO | camera_monitor:_monitor_loop:300 | 摄像头 一层贵重物品区摄像头1 检测到变化...
2026-01-29 11:00:18 | DEBUG | image_detection:_calculate_background_subtraction:136 | 检测到前景 (32.460%)，暂停背景学习，避免前景被学习成背景
2026-01-29 11:00:18 | DEBUG | image_detection:_filter_small_areas:213 | 过滤了小区域，过滤面积: 46564.5像素 (2.246%)，保留区域数: 313
2026-01-29 11:00:18 | INFO | camera_monitor:_monitor_loop:300 | 摄像头 一层贵重物品区摄像头1 检测到变化...
2026-01-29 11:00:19 | DEBUG | image_detection:_calculate_background_subtraction:136 | 检测到前景 (32.588%)，暂停背景学习，避免前景被学习成背景
2026-01-29 11:00:19 | INFO | camera_monitor:_monitor_loop:300 | 摄像头 一层贵重物品区摄像头1 检测到变化...
2026-01-29 11:00:20 | DEBUG | image_detection:_calculate_background_subtraction:136 | 检测到前景 (32.591%)，暂停背景学习，避免前景被学习成背景
2026-01-29 11:00:20 | INFO | camera_monitor:_monitor_loop:300 | 摄像头 一层贵重物品区摄像头1 检测到变化...
2026-01-29 11:00:21 | DEBUG | image_detection:_calculate_background_subtraction:136 | 检测到前景 (32.182%)，暂停背景学习，避免前景被学习成背景
2026-01-29 11:00:21 | DEBUG | image_detection:_filter_small_areas:213 | 过滤了小区域，过滤面积: 46696.5像素 (2.252%)，保留区域数: 317
2026-01-29 11:00:21 | INFO | camera_monitor:_monitor_loop:300 | 摄像头 一层贵重物品区摄像头1 检测到变化...
2026-01-29 11:00:21 | INFO | camera_monitor:_connect_rtsp:447 | 正在连接RTSP流: rtsp://admin:khjy%40321@192.168.100.110:554/cam/realmonitor?channel=1&subtype=1
2026-01-29 11:00:22 | DEBUG | image_detection:_calculate_background_subtraction:136 | 检测到前景 (31.522%)，暂停背景学习，避免前景被学习成背景
2026-01-29 11:00:22 | INFO | camera_monitor:_monitor_loop:300 | 摄像头 一层贵重物品区摄像头1 检测到变化...
2026-01-29 11:00:23 | DEBUG | image_detection:_calculate_background_subtraction:136 | 检测到前景 (31.522%)，暂停背景学习，避免前景被学习成背景
2026-01-29 11:00:23 | INFO | camera_monitor:_monitor_loop:300 | 摄像头 一层贵重物品区摄像头1 检测到变化...
2026-01-29 11:00:24 | DEBUG | image_detection:_calculate_background_subtraction:136 | 检测到前景 (31.522%)，暂停背景学习，避免前景被学习成背景
2026-01-29 11:00:24 | DEBUG | image_detection:_filter_small_areas:213 | 过滤了小区域，过滤面积: 48531.0像素 (2.340%)，保留区域数: 345
2026-01-29 11:00:24 | INFO | camera_monitor:_monitor_loop:300 | 摄像头 一层贵重物品区摄像头1 检测到变化...
2026-01-29 11:00:25 | DEBUG | image_detection:_calculate_background_subtraction:136 | 检测到前景 (31.522%)，暂停背景学习，避免前景被学习成背景
2026-01-29 11:00:25 | INFO | camera_monitor:_monitor_loop:300 | 摄像头 一层贵重物品区摄像头1 检测到变化...
2026-01-29 11:00:26 | DEBUG | image_detection:_calculate_background_subtraction:136 | 检测到前景 (31.522%)，暂停背景学习，避免前景被学习成背景
2026-01-29 11:00:26 | INFO | camera_monitor:_monitor_loop:300 | 摄像头 一层贵重物品区摄像头1 检测到变化...
2026-01-29 11:00:27 | DEBUG | image_detection:_calculate_background_subtraction:136 | 检测到前景 (31.522%)，暂停背景学习，避免前景被学习成背景
2026-01-29 11:00:27 | INFO | camera_monitor:_monitor_loop:300 | 摄像头 一层贵重物品区摄像头1 检测到变化...
2026-01-29 11:00:28 | DEBUG | image_detection:_calculate_background_subtraction:136 | 检测到前景 (31.522%)，暂停背景学习，避免前景被学习成背景
2026-01-29 11:00:28 | INFO | camera_monitor:_monitor_loop:300 | 摄像头 一层贵重物品区摄像头1 检测到变化...
2026-01-29 11:00:29 | DEBUG | image_detection:_calculate_background_subtraction:136 | 检测到前景 (31.522%)，暂停背景学习，避免前景被学习成背景
2026-01-29 11:00:29 | INFO | camera_monitor:_monitor_loop:300 | 摄像头 一层贵重物品区摄像头1 检测到变化...
2026-01-29 11:00:30 | INFO | video_stream_reader:_update_loop:149 | [一层贵重物品区摄像头1] VideoStreamReader 统计 - 总读取: 596帧, 总丢弃: 596帧 (100.0%), 说明主线程使用了 0.0% 的帧
2026-01-29 11:00:30 | DEBUG | image_detection:_calculate_background_subtraction:136 | 检测到前景 (31.753%)，暂停背景学习，避免前景被学习成背景
2026-01-29 11:00:30 | INFO | camera_monitor:_monitor_loop:300 | 摄像头 一层贵重物品区摄像头1 检测到变化...
2026-01-29 11:00:31 | DEBUG | video_stream_reader:_update_loop:163 | [一层贵重物品区摄像头1] VideoStreamReader: 读取帧失败 (连续失败1次)
2026-01-29 11:00:31 | DEBUG | video_stream_reader:_update_loop:163 | [一层贵重物品区摄像头1] VideoStreamReader: 读取帧失败 (连续失败2次)
2026-01-29 11:00:31 | DEBUG | video_stream_reader:_update_loop:163 | [一层贵重物品区摄像头1] VideoStreamReader: 读取帧失败 (连续失败3次)
2026-01-29 11:00:31 | DEBUG | video_stream_reader:_update_loop:163 | [一层贵重物品区摄像头1] VideoStreamReader: 读取帧失败 (连续失败4次)
2026-01-29 11:00:31 | DEBUG | video_stream_reader:_update_loop:163 | [一层贵重物品区摄像头1] VideoStreamReader: 读取帧失败 (连续失败5次)
2026-01-29 11:00:31 | DEBUG | video_stream_reader:_update_loop:163 | [一层贵重物品区摄像头1] VideoStreamReader: 读取帧失败 (连续失败6次)
2026-01-29 11:00:31 | DEBUG | video_stream_reader:_update_loop:163 | [一层贵重物品区摄像头1] VideoStreamReader: 读取帧失败 (连续失败7次)
2026-01-29 11:00:31 | DEBUG | video_stream_reader:_update_loop:163 | [一层贵重物品区摄像头1] VideoStreamReader: 读取帧失败 (连续失败8次)
2026-01-29 11:00:31 | DEBUG | video_stream_reader:_update_loop:163 | [一层贵重物品区摄像头1] VideoStreamReader: 读取帧失败 (连续失败9次)
2026-01-29 11:00:31 | DEBUG | image_detection:_calculate_background_subtraction:136 | 检测到前景 (34.595%)，暂停背景学习，避免前景被学习成背景
2026-01-29 11:00:31 | DEBUG | video_stream_reader:_update_loop:163 | [一层贵重物品区摄像头1] VideoStreamReader: 读取帧失败 (连续失败10次)
2026-01-29 11:00:31 | ERROR | video_stream_reader:_update_loop:169 | [一层贵重物品区摄像头1] VideoStreamReader: 连续失败10次，停止线程
2026-01-29 11:00:31 | INFO | video_stream_reader:_update_loop:188 | [一层贵重物品区摄像头1] VideoStreamReader 更新线程已停止
2026-01-29 11:00:31 | INFO | camera_monitor:_monitor_loop:300 | 摄像头 一层贵重物品区摄像头1 检测到变化...
2026-01-29 11:00:32 | DEBUG | image_detection:_calculate_background_subtraction:136 | 检测到前景 (34.595%)，暂停背景学习，避免前景被学习成背景
2026-01-29 11:00:32 | INFO | camera_monitor:_monitor_loop:300 | 摄像头 一层贵重物品区摄像头1 检测到变化...
2026-01-29 11:00:33 | DEBUG | image_detection:_calculate_background_subtraction:136 | 检测到前景 (34.595%)，暂停背景学习，避免前景被学习成背景
2026-01-29 11:00:33 | INFO | camera_monitor:_monitor_loop:300 | 摄像头 一层贵重物品区摄像头1 检测到变化...
2026-01-29 11:00:34 | DEBUG | image_detection:_calculate_background_subtraction:136 | 检测到前景 (34.595%)，暂停背景学习，避免前景被学习成背景
2026-01-29 11:00:34 | DEBUG | image_detection:_filter_small_areas:213 | 过滤了小区域，过滤面积: 41710.5像素 (2.012%)，保留区域数: 289
2026-01-29 11:00:34 | INFO | camera_monitor:_monitor_loop:300 | 摄像头 一层贵重物品区摄像头1 检测到变化...
2026-01-29 11:00:35 | DEBUG | image_detection:_calculate_background_subtraction:136 | 检测到前景 (34.595%)，暂停背景学习，避免前景被学习成背景
2026-01-29 11:00:35 | INFO | camera_monitor:_monitor_loop:300 | 摄像头 一层贵重物品区摄像头1 检测到变化...
2026-01-29 11:00:36 | DEBUG | image_detection:_calculate_background_subtraction:136 | 检测到前景 (34.595%)，暂停背景学习，避免前景被学习成背景
2026-01-29 11:00:36 | INFO | camera_monitor:_monitor_loop:300 | 摄像头 一层贵重物品区摄像头1 检测到变化...
2026-01-29 11:00:37 | DEBUG | image_detection:_calculate_background_subtraction:136 | 检测到前景 (34.595%)，暂停背景学习，避免前景被学习成背景
2026-01-29 11:00:37 | INFO | camera_monitor:_monitor_loop:300 | 摄像头 一层贵重物品区摄像头1 检测到变化...
2026-01-29 11:00:38 | DEBUG | image_detection:_calculate_background_subtraction:136 | 检测到前景 (34.595%)，暂停背景学习，避免前景被学习成背景
2026-01-29 11:00:38 | INFO | camera_monitor:_monitor_loop:300 | 摄像头 一层贵重物品区摄像头1 检测到变化...
2026-01-29 11:00:39 | DEBUG | image_detection:_calculate_background_subtraction:136 | 检测到前景 (34.595%)，暂停背景学习，避免前景被学习成背景
2026-01-29 11:00:39 | INFO | camera_monitor:_monitor_loop:300 | 摄像头 一层贵重物品区摄像头1 检测到变化...
2026-01-29 11:00:40 | DEBUG | image_detection:_calculate_background_subtraction:136 | 检测到前景 (34.595%)，暂停背景学习，避免前景被学习成背景
2026-01-29 11:00:40 | INFO | camera_monitor:_monitor_loop:300 | 摄像头 一层贵重物品区摄像头1 检测到变化...
2026-01-29 11:00:41 | DEBUG | image_detection:_calculate_background_subtraction:136 | 检测到前景 (34.595%)，暂停背景学习，避免前景被学习成背景
2026-01-29 11:00:41 | INFO | camera_monitor:_monitor_loop:300 | 摄像头 一层贵重物品区摄像头1 检测到变化...
2026-01-29 11:00:42 | DEBUG | image_detection:_calculate_background_subtraction:136 | 检测到前景 (34.595%)，暂停背景学习，避免前景被学习成背景
2026-01-29 11:00:42 | INFO | camera_monitor:_monitor_loop:300 | 摄像头 一层贵重物品区摄像头1 检测到变化...
2026-01-29 11:00:43 | DEBUG | image_detection:_calculate_background_subtraction:136 | 检测到前景 (34.595%)，暂停背景学习，避免前景被学习成背景
2026-01-29 11:00:43 | INFO | camera_monitor:_monitor_loop:300 | 摄像头 一层贵重物品区摄像头1 检测到变化...
2026-01-29 11:00:44 | DEBUG | image_detection:_calculate_background_subtraction:136 | 检测到前景 (34.595%)，暂停背景学习，避免前景被学习成背景
2026-01-29 11:00:44 | INFO | camera_monitor:_monitor_loop:300 | 摄像头 一层贵重物品区摄像头1 检测到变化...
2026-01-29 11:00:45 | DEBUG | image_detection:_calculate_background_subtraction:136 | 检测到前景 (34.595%)，暂停背景学习，避免前景被学习成背景
2026-01-29 11:00:45 | INFO | camera_monitor:_monitor_loop:300 | 摄像头 一层贵重物品区摄像头1 检测到变化...
2026-01-29 11:00:46 | DEBUG | image_detection:_calculate_background_subtraction:136 | 检测到前景 (34.595%)，暂停背景学习，避免前景被学习成背景
2026-01-29 11:00:46 | INFO | camera_monitor:_monitor_loop:300 | 摄像头 一层贵重物品区摄像头1 检测到变化...
2026-01-29 11:00:47 | DEBUG | image_detection:_calculate_background_subtraction:136 | 检测到前景 (34.595%)，暂停背景学习，避免前景被学习成背景
2026-01-29 11:00:47 | DEBUG | image_detection:_filter_small_areas:213 | 过滤了小区域，过滤面积: 41710.5像素 (2.012%)，保留区域数: 289
2026-01-29 11:00:47 | INFO | camera_monitor:_monitor_loop:300 | 摄像头 一层贵重物品区摄像头1 检测到变化...
2026-01-29 11:00:48 | DEBUG | image_detection:_calculate_background_subtraction:136 | 检测到前景 (34.595%)，暂停背景学习，避免前景被学习成背景
2026-01-29 11:00:48 | INFO | camera_monitor:_monitor_loop:300 | 摄像头 一层贵重物品区摄像头1 检测到变化...
2026-01-29 11:00:49 | DEBUG | image_detection:_calculate_background_subtraction:136 | 检测到前景 (34.595%)，暂停背景学习，避免前景被学习成背景
2026-01-29 11:00:49 | INFO | camera_monitor:_monitor_loop:300 | 摄像头 一层贵重物品区摄像头1 检测到变化...
2026-01-29 11:00:50 | DEBUG | image_detection:_calculate_background_subtraction:136 | 检测到前景 (34.595%)，暂停背景学习，避免前景被学习成背景
2026-01-29 11:00:50 | INFO | camera_monitor:_monitor_loop:300 | 摄像头 一层贵重物品区摄像头1 检测到变化...
2026-01-29 11:00:51 | DEBUG | image_detection:_calculate_background_subtraction:136 | 检测到前景 (34.595%)，暂停背景学习，避免前景被学习成背景
2026-01-29 11:00:51 | INFO | camera_monitor:_monitor_loop:300 | 摄像头 一层贵重物品区摄像头1 检测到变化...
2026-01-29 11:00:52 | DEBUG | image_detection:_calculate_background_subtraction:136 | 检测到前景 (34.595%)，暂停背景学习，避免前景被学习成背景
2026-01-29 11:00:52 | INFO | camera_monitor:_monitor_loop:300 | 摄像头 一层贵重物品区摄像头1 检测到变化...
2026-01-29 11:00:53 | ERROR | camera_monitor:_connect_rtsp:498 | RTSP连接失败
2026-01-29 11:00:53 | INFO | camera_monitor:_worker_process:202 | 后台工作线程已停止 - 摄像头: 一层贵重物品区摄像头1
2026-01-29 11:00:53 | DEBUG | image_detection:_calculate_background_subtraction:136 | 检测到前景 (34.595%)，暂停背景学习，避免前景被学习成背景
2026-01-29 11:00:53 | INFO | camera_monitor:_monitor_loop:300 | 摄像头 一层贵重物品区摄像头1 检测到变化...
